upc,title,category,label,split,price,rating,availability,description,url
e00eb4fd7b871a48,Sharp Objects,Mystery,5,train,47.82,4,20,"WICKED above her hipbone, GIRL across her heart Words are like a road map to reporter Camille Preaker’s troubled past. Fresh from a brief stay at a psych hospital, Camille’s first assignment from the second-rate daily paper where she works brings her reluctantly back to her hometown to cover the murders of two preteen girls. NASTY on her kneecap, BABYDOLL on her leg Since WICKED above her hipbone, GIRL across her heart Words are like a road map to reporter Camille Preaker’s troubled past. Fresh from a brief stay at a psych hospital, Camille’s first assignment from the second-rate daily paper where she works brings her reluctantly back to her hometown to cover the murders of two preteen girls. NASTY on her kneecap, BABYDOLL on her leg Since she left town eight years ago, Camille has hardly spoken to her neurotic, hypochondriac mother or to the half-sister she barely knows: a beautiful thirteen-year-old with an eerie grip on the town. Now, installed again in her family’s Victorian mansion, Camille is haunted by the childhood tragedy she has spent her whole life trying to cut from her memory. HARMFUL on her wrist, WHORE on her ankle As Camille works to uncover the truth about these violent crimes, she finds herself identifying with the young victims—a bit too strongly. Clues keep leading to dead ends, forcing Camille to unravel the psychological puzzle of her own past to get at the story. Dogged by her own demons, Camille will have to confront what happened to her years before if she wants to survive this homecoming.With its taut, crafted writing, Sharp Objects is addictive, haunting, and unforgettable. ...more",https://books.toscrape.com/catalogue/sharp-objects_997/index.html
90fa61229261140a,Tipping the Velvet,Historical Fiction,4,train,53.74,1,20,"""Erotic and absorbing...Written with starling power.""--""The New York Times Book Review "" Nan King, an oyster girl, is captivated by the music hall phenomenon Kitty Butler, a male impersonator extraordinaire treading the boards in Canterbury. Through a friend at the box office, Nan manages to visit all her shows and finally meet her heroine. Soon after, she becomes Kitty's ""Erotic and absorbing...Written with starling power.""--""The New York Times Book Review "" Nan King, an oyster girl, is captivated by the music hall phenomenon Kitty Butler, a male impersonator extraordinaire treading the boards in Canterbury. Through a friend at the box office, Nan manages to visit all her shows and finally meet her heroine. Soon after, she becomes Kitty's dresser and the two head for the bright lights of Leicester Square where they begin a glittering career as music-hall stars in an all-singing and dancing double act. At the same time, behind closed doors, they admit their attraction to each other and their affair begins. ...more",https://books.toscrape.com/catalogue/tipping-the-velvet_999/index.html
6957f44c3847a760,Soumission,Fiction,2,train,50.1,1,20,"Dans une France assez proche de la nôtre, un homme s’engage dans la carrière universitaire. Peu motivé par l’enseignement, il s’attend à une vie ennuyeuse mais calme, protégée des grands drames historiques. Cependant les forces en jeu dans le pays ont fissuré le système politique jusqu’à provoquer son effondrement. Cette implosion sans soubresauts, sans vraie révolution, s Dans une France assez proche de la nôtre, un homme s’engage dans la carrière universitaire. Peu motivé par l’enseignement, il s’attend à une vie ennuyeuse mais calme, protégée des grands drames historiques. Cependant les forces en jeu dans le pays ont fissuré le système politique jusqu’à provoquer son effondrement. Cette implosion sans soubresauts, sans vraie révolution, se développe comme un mauvais rêve.Le talent de l’auteur, sa force visionnaire nous entraînent sur un terrain ambigu et glissant ; son regard sur notre civilisation vieillissante fait coexister dans ce roman les intuitions poétiques, les effets comiques, une mélancolie fataliste.Ce livre est une saisissante fable politique et morale. ...more",https://books.toscrape.com/catalogue/soumission_998/index.html
f77dbf2323deb740,The Requiem Red,Young Adult,9,train,22.65,1,19,"Patient Twenty-nine.A monster roams the halls of Soothing Hills Asylum. Three girls dead. 29 is endowed with the curse…or gift of perception. She hears messages in music, sees lyrics in paintings. And the corn. A lifetime asylum resident, the orchestral corn music is the only constant in her life.Mason, a new, kind orderly, sees 29 as a woman, not a lunatic. And as his bel Patient Twenty-nine.A monster roams the halls of Soothing Hills Asylum. Three girls dead. 29 is endowed with the curse…or gift of perception. She hears messages in music, sees lyrics in paintings. And the corn. A lifetime asylum resident, the orchestral corn music is the only constant in her life.Mason, a new, kind orderly, sees 29 as a woman, not a lunatic. And as his belief in her grows, so does her self- confidence. That perhaps she might escape, might see the outside world. But the monster has other plans. The missing girls share one common thread...each was twenty-nine's cell mate. Will she be next? ...more",https://books.toscrape.com/catalogue/the-requiem-red_995/index.html
ce6396b0f23f6ecc,Set Me Free,Young Adult,9,train,17.46,5,19,"Aaron Ledbetter’s future had been planned out for him since before he was born. Each year, the Ledbetter family vacation on Tybee Island gave Aaron a chance to briefly free himself from his family’s expectations. When he meets Jonas “Lucky” Luckett, a caricature artist in town with the traveling carnival, he must choose between the life that’s been mapped out for him, and Aaron Ledbetter’s future had been planned out for him since before he was born. Each year, the Ledbetter family vacation on Tybee Island gave Aaron a chance to briefly free himself from his family’s expectations. When he meets Jonas “Lucky” Luckett, a caricature artist in town with the traveling carnival, he must choose between the life that’s been mapped out for him, and the chance at true love. ...more",https://books.toscrape.com/catalogue/set-me-free_988/index.html
3b1c02bac2a429e6,Scott Pilgrim's Precious Little Life (Scott Pilgrim #1),Sequential Art,8,train,52.29,5,19,"Scott Pilgrim's life is totally sweet. He's 23 years old, he's in a rockband, he's ""between jobs"" and he's dating a cute high school girl. Nothing could possibly go wrong, unless a seriously mind-blowing, dangerously fashionable, rollerblading delivery girl named Ramona Flowers starts cruising through his dreams and sailing by him at parties. Will Scott's awesome life get Scott Pilgrim's life is totally sweet. He's 23 years old, he's in a rockband, he's ""between jobs"" and he's dating a cute high school girl. Nothing could possibly go wrong, unless a seriously mind-blowing, dangerously fashionable, rollerblading delivery girl named Ramona Flowers starts cruising through his dreams and sailing by him at parties. Will Scott's awesome life get turned upside-down? Will he have to face Ramona's seven evil ex-boyfriends in battle? The short answer is yes. The long answer is Scott Pilgrim, Volume 1: Scott Pilgrim's Precious Little Life ...more",https://books.toscrape.com/catalogue/scott-pilgrims-precious-little-life-scott-pilgrim-1_987/index.html
5674a18a29a43ced,"Foolproof Preserving: A Guide to Small Batch Jams, Jellies, Pickles, Condiments, and More: A Foolproof Guide to Making Small Batch Jams, Jellies, Pickles, Condiments, and More",Food and Drink,3,train,30.52,3,19,"Canning perfected the America’s Test Kitchen way. The art of preserving produce by canning and preserving has come full circle from grandmother's kitchen to a whole new generation now eager to learn it. This detailed guide to home preserving is perfect for novice canners and experts alike and offers more than 100 foolproof recipes across a wide range of categories, from sw Canning perfected the America’s Test Kitchen way. The art of preserving produce by canning and preserving has come full circle from grandmother's kitchen to a whole new generation now eager to learn it. This detailed guide to home preserving is perfect for novice canners and experts alike and offers more than 100 foolproof recipes across a wide range of categories, from sweet jams and jellies to savory jams, vegetables, condiments, pickles, whole fruits, and more. Let the experts at America's Test Kitchen show you how to do it right with detailed tutorials, troubleshooting tips, equipment information, and insight into the science behind canning. ...more",https://books.toscrape.com/catalogue/foolproof-preserving-a-guide-to-small-batch-jams-jellies-pickles-condiments-and-more-a-foolproof-guide-to-making-small-batch-jams-jellies-pickles-condiments-and-more_978/index.html
c2e46a2ee3b4a322,Chase Me (Paris Nights #2),Romance,7,train,25.27,5,19,"A Michelin two-star chef at twenty-eight, Violette Lenoir could handle anything, including a cocky burglar who broke into her restaurant in the middle of the night.Or so she thought.Elite counterterrorist operative Chase “Smith” had been through things that made Hell Week look easy. But nothing had prepared him for a leather-clad blonde who held him at bay at knifepoint an A Michelin two-star chef at twenty-eight, Violette Lenoir could handle anything, including a cocky burglar who broke into her restaurant in the middle of the night.Or so she thought.Elite counterterrorist operative Chase “Smith” had been through things that made Hell Week look easy. But nothing had prepared him for a leather-clad blonde who held him at bay at knifepoint and dared him to take her on.Now if only saving the world didn’t require he ruin her life.Two people who thought they could handle anything now have to take on each other. It's a battle neither one expected. But with their futures on the line, they have nothing to lose...but their hearts.Warning: This book contains one arrogant Navy SEAL, nights of Paris passion, and a woman who wants to have it all. ...more",https://books.toscrape.com/catalogue/chase-me-paris-nights-2_977/index.html
00bfed9e18bb36f3,Black Dust,Romance,7,train,34.53,5,19,"No matter how busy he keeps himself, successful Broadway musician Tobias Spence can’t outrun the memory of a tragic car crash from his past that claimed a friend’s life and permanently injured his former boyfriend, Emmett.Even after losing Tobias, Emmett Henderson made peace with that awful night, living in his Indiana hometown where he has become a revered choral director No matter how busy he keeps himself, successful Broadway musician Tobias Spence can’t outrun the memory of a tragic car crash from his past that claimed a friend’s life and permanently injured his former boyfriend, Emmett.Even after losing Tobias, Emmett Henderson made peace with that awful night, living in his Indiana hometown where he has become a revered choral director. When his students are asked to perform in New York City, he decides to chance reconnecting with his former love, if for no other reason than to get a proper goodbye.When Emmett and Tobias finally meet 15 years after parting ways, it is clear to both of them that their feelings for each other have not changed. As they explore their renewed relationship, the two men face old hurts and the new challenges of a long-distance romance. Will Tobias lose his second chance at love to the ghosts he can’t seem to put to rest? ...more",https://books.toscrape.com/catalogue/black-dust_976/index.html
9528d0948525bf5f,Birdsong: A Story in Pictures,Childrens,0,train,54.64,3,19,"Bring the thrilling story of one red bird to life. When an innocent bird meets two cruel kids, their world is forever changed. But exactly how that change unfolds is up to you, in the tradition of Kamishibai—Japanese paper theater. The wordless story by master cartoonist James Sturm is like a haiku—the elegant images leave space for children to inhabit this timeless tale—a Bring the thrilling story of one red bird to life. When an innocent bird meets two cruel kids, their world is forever changed. But exactly how that change unfolds is up to you, in the tradition of Kamishibai—Japanese paper theater. The wordless story by master cartoonist James Sturm is like a haiku—the elegant images leave space for children to inhabit this timeless tale—and make it their own, leading them to learn an ultimate lesson they'll never forget.James Sturm is the author of several books for kids including the Adventures in Cartooning series (with Andrew Arnold and Alexis Frederick-Frost) and the forthcoming Ape and Armadillo. James also helped start a college for cartoonists, The Center for Cartoon Studies, in the small railroad village of White River Junction, Vermont. ...more",https://books.toscrape.com/catalogue/birdsong-a-story-in-pictures_975/index.html
4c28def39d850cdf,Worlds Elsewhere: Journeys Around Shakespeare’s Globe,Nonfiction,6,train,40.3,5,18,"Anti-apartheid activist, Bollywood screenwriter, Nazi pin-up, hero of the Wild West: this is Shakespeare as you have never seen him before.From the sixteenth-century Baltic to the American Revolution, from colonial India to the skyscrapers of modern-day Shanghai, Shakespeare’s plays appear at the most fascinating of times and in the most unexpected of places. No other writ Anti-apartheid activist, Bollywood screenwriter, Nazi pin-up, hero of the Wild West: this is Shakespeare as you have never seen him before.From the sixteenth-century Baltic to the American Revolution, from colonial India to the skyscrapers of modern-day Shanghai, Shakespeare’s plays appear at the most fascinating of times and in the most unexpected of places. No other writer’s work has been performed, translated, adapted and altered in such a remarkable variety of cultures and languages. But what is it about William Shakespeare – a man from Warwickshire who never once set foot outside England – that has made him at home in so many places around the globe?Travelling across four continents, six countries and 400 years, Andrew Dickson takes us on a personal journey rich in insight and surprise. We enter the air-conditioned vault deep beneath Capitol Hill where the world’s largest collection of First Folios is stored; discover the shadowy history of Joseph Goebbels’s obsession with Shakespeare; and uncover the true story behind the scuffed edition in which Nelson Mandela and fellow Robben Island prisoners inscribed their names. Both cultural history and literary travelogue, Worlds Elsewhere is an attempt to understand how Shakespeare has become the international phenomenon he is – and why.""There were very few pages on which I didn’t learn something new or revelatory. A must-read for anyone interested in Shakespeare’s impact on people and politics around the globe"" (James Shapiro, author of 1599: A Year in the Life of William Shakespeare)""Immensely well-informed and highly readable. A revelatory journey of cultural exploration"" (Professor Stanley Wells, General Editor of the Oxford and Penguin Shakespeares)""Brilliantly original. Absolutely engaging, witty and irresistible. What’s most remarkable: he’s said something new about Shakespeare"" (Michael Pye, author of The Edge of the World)""A truly original book about Shakespeare: one that explores the dramatist's global reach with tenacity, devotion and an exhilarating spirit of adventure"" (Michael Billington) ...more",https://books.toscrape.com/catalogue/worlds-elsewhere-journeys-around-shakespeares-globe_972/index.html
3c039985229453bf,The Five Love Languages: How to Express Heartfelt Commitment to Your Mate,Nonfiction,6,train,31.05,3,18,"Are you and your spouse speaking the same language? While love is a many splendored thing, it is sometimes a very confusing thing, too. And as people come in all varieties, shapes, and sizes, so do their choices of personal expressions of love. But more often than not, the giver and the receiver express love in two different ways. This can lead to misunderstanding, quarrel Are you and your spouse speaking the same language? While love is a many splendored thing, it is sometimes a very confusing thing, too. And as people come in all varieties, shapes, and sizes, so do their choices of personal expressions of love. But more often than not, the giver and the receiver express love in two different ways. This can lead to misunderstanding, quarrels, and even divorce.Quality time, words of affirmation, gifts, acts of service, and physical touch are the five basic love languages. Dr. Gary Chapman identifies these and guides couples towards a better understanding of their unique languages of love. Learn to speak and understand your mate's love language, and in no time you will be able to effectively love and truly feel loved in return. Skillful communication is within your grasp! ...more",https://books.toscrape.com/catalogue/the-five-love-languages-how-to-express-heartfelt-commitment-to-your-mate_969/index.html
9f6568e9c95f60b0,The Bear and the Piano,Childrens,0,train,36.89,1,18,"One day, a young bear stumbles upon something he has never seen before in the forest. As time passes, he teaches himself how to play the strange instrument, and eventually the beautiful sounds are heard by a father and son who are picnicking in the woods. The bear goes with them on an incredible journey to New York, where his piano playing makes him a huge star. He has fam One day, a young bear stumbles upon something he has never seen before in the forest. As time passes, he teaches himself how to play the strange instrument, and eventually the beautiful sounds are heard by a father and son who are picnicking in the woods. The bear goes with them on an incredible journey to New York, where his piano playing makes him a huge star. He has fame, fortune and all the music in the world, but he misses the friends and family he has left behind. A moving tale of exploration and belonging from an exciting debut author-illustrator. ...more",https://books.toscrape.com/catalogue/the-bear-and-the-piano_967/index.html
19ed25f4641d5efd,"In a Dark, Dark Wood",Mystery,5,test,19.63,1,18,"In a dark, dark wood Nora hasn't seen Clare for ten years. Not since Nora walked out of school one day and never went back. There was a dark, dark houseUntil, out of the blue, an invitation to Clare’s hen do arrives. Is this a chance for Nora to finally put her past behind her?And in the dark, dark house there was a dark, dark roomBut something goes wrong. Very wrong.And i In a dark, dark wood Nora hasn't seen Clare for ten years. Not since Nora walked out of school one day and never went back. There was a dark, dark houseUntil, out of the blue, an invitation to Clare’s hen do arrives. Is this a chance for Nora to finally put her past behind her?And in the dark, dark house there was a dark, dark roomBut something goes wrong. Very wrong.And in the dark, dark room.... Some things can’t stay secret for ever. ...more",https://books.toscrape.com/catalogue/in-a-dark-dark-wood_963/index.html
c8f7f0cb1abb9cac,Reasons to Stay Alive,Nonfiction,6,test,26.41,2,17,"I want life. I want to read it and write it and feel it and live it. I want, for as much of the time as possible in this blink-of-an-eye existence we have, to feel all that can be felt. I hate depression. I am scared of it. Terrified, in fact. But at the same time, it has made me who I am. And if - for me - it is the price of feeling life, it's a price always worth paying. I want life. I want to read it and write it and feel it and live it. I want, for as much of the time as possible in this blink-of-an-eye existence we have, to feel all that can be felt. I hate depression. I am scared of it. Terrified, in fact. But at the same time, it has made me who I am. And if - for me - it is the price of feeling life, it's a price always worth paying.Reasons to Stay Alive is about making the most of your time on earth. In the western world the suicide rate is highest amongst men under the age of 35. Matt Haig could have added to that statistic when, aged 24, he found himself staring at a cliff-edge about to jump off. This is the story of why he didn't, how he recovered and learned to live with anxiety and depression. It's also an upbeat, joyous and very funny exploration of how live better, love better, read better and feel more. ...more",https://books.toscrape.com/catalogue/reasons-to-stay-alive_959/index.html
c27f6e1f185b0383,#HigherSelfie: Wake Up Your Life. Free Your Soul. Find Your Tribe.,Nonfiction,6,train,23.11,5,17,"There is a cosmic alarm clock going off around the world! #HigherSelfie's aim is to unite all those waking up spiritually in this digital age. This book is a guide to love, connection, and kickass surrendered action for young people who have at least a toe in the door of spirituality. With a no-nonsense approach and full of wit and humor, this book shares age-old concepts There is a cosmic alarm clock going off around the world! #HigherSelfie's aim is to unite all those waking up spiritually in this digital age. This book is a guide to love, connection, and kickass surrendered action for young people who have at least a toe in the door of spirituality. With a no-nonsense approach and full of wit and humor, this book shares age-old concepts in a language that is accessible to the modern spiritual audience. Whether you have just bought a yoga mat or have been meditating for years, this book will offer you guidance and support, whatever stage of the journey you're at. Life coaches Jo Westwood and Lucy Sheridan touch upon timeless topics such as forgiveness, surrender and the ego, as well as subjects specific to the current age, such as using social media in a healthy way, finding a like-minded tribe, and following your own spiritual and life paths without comparing yourself to others. Whether you're a Reiki master, climbing the corporate ladder or working in a suburban garden center #HigherSelfie will be the perfect ‘gateway drug’ for those looking for something deeper and more meaningful. ...more",https://books.toscrape.com/catalogue/higherselfie-wake-up-your-life-free-your-soul-find-your-tribe_957/index.html
b12b89017878a60d,Private Paris (Private #10),Fiction,2,train,47.61,5,17,"Paris is burning--and only Private's Jack Morgan can put out the fire.When Jack Morgan stops by Private's Paris office, he envisions a quick hello during an otherwise relaxing trip filled with fine food and sightseeing. But Jack is quickly pressed into duty after a call from his client Sherman Wilkerson, asking Jack to track down his young granddaughter who is on the run f Paris is burning--and only Private's Jack Morgan can put out the fire.When Jack Morgan stops by Private's Paris office, he envisions a quick hello during an otherwise relaxing trip filled with fine food and sightseeing. But Jack is quickly pressed into duty after a call from his client Sherman Wilkerson, asking Jack to track down his young granddaughter who is on the run from a brutal drug dealer.Before Jack can locate her, several members of France's cultural elite are found dead--murdered in stunning, symbolic fashion. The only link between the crimes is a mysterious graffiti tag. As religious and ethnic tensions simmer in the City of Lights, only Jack and his Private team can connect the dots before the smoldering powder keg explodes. ...more",https://books.toscrape.com/catalogue/private-paris-private-10_958/index.html
8d455c7539795d2a,"We Love You, Charlie Freeman",Fiction,2,train,50.27,5,16,"The Freeman family--Charles, Laurel, and their daughters, teenage Charlotte and nine-year-old Callie--have been invited to the Toneybee Institute in rural Massachusetts to participate in a research experiment. They will live in an apartment on campus with Charlie, a young chimp abandoned by his mother. The Freemans were selected for the experiment because they know sign la The Freeman family--Charles, Laurel, and their daughters, teenage Charlotte and nine-year-old Callie--have been invited to the Toneybee Institute in rural Massachusetts to participate in a research experiment. They will live in an apartment on campus with Charlie, a young chimp abandoned by his mother. The Freemans were selected for the experiment because they know sign language; they are supposed to teach it to Charlie and welcome him as a member of their family. Isolated in their new, nearly all-white community not just by their race but by their strange living situation, the Freemans come undone. And when Charlotte discovers the truth about the Institute’s history of questionable studies, the secrets of the past begin to invade the present. The power of this novel resides in Kaitlyn Greenidge’s undeniable storytelling talents. What appears to be a story of mothers and daughters, of sisterhood put to the test, of adolescent love and grown-up misconduct, and of history’s long reach, becomes a provocative and compelling exploration of America’s failure to find a language to talk about race. ...more",https://books.toscrape.com/catalogue/we-love-you-charlie-freeman_954/index.html
d170b5a0da46380e,"Unseen City: The Majesty of Pigeons, the Discreet Charm of Snails & Other Wonders of the Urban Wilderness",Nonfiction,6,train,44.18,4,16,"It all started with Nathanael Johnson’s decision to teach his daughter the name of every tree they passed on their walk to day care in San Francisco. This project turned into a quest to discover the secrets of the neighborhood’s flora and fauna, and yielded more than names and trivia: Johnson developed a relationship with his nonhuman neighbors.Johnson argues that learning It all started with Nathanael Johnson’s decision to teach his daughter the name of every tree they passed on their walk to day care in San Francisco. This project turned into a quest to discover the secrets of the neighborhood’s flora and fauna, and yielded more than names and trivia: Johnson developed a relationship with his nonhuman neighbors.Johnson argues that learning to see the world afresh, like a child, shifts the way we think about nature: Instead of something distant and abstract, nature becomes real—all at once comical, annoying, and beautiful. This shift can add tremendous value to our lives, and it might just be the first step in saving the world.No matter where we live—city, country, oceanside, ormountains—there are wonders that we walk past every day. Unseen City widens the pinhole of our perspective by allowing us to view the world from the high-altitude eyes of a turkey vulture and the distinctly low-altitude eyes of a snail. The narrative allows us to eavesdrop on the comically frenetic life of a squirrel and peer deep into the past with a ginkgo biloba tree. Each of these organisms has something unique to tell us about our neighborhoods and, chapter by chapter, Unseen City takes us on a journey that is part nature lesson and part love letter to the world’s urban jungles. With the right perspective, a walk to the subway can be every bit as entrancing as a walk through a national park. ...more",https://books.toscrape.com/catalogue/unseen-city-the-majesty-of-pigeons-the-discreet-charm-of-snails-other-wonders-of-the-urban-wilderness_952/index.html
7ae099f3898e0209,Unicorn Tracks,Fantasy,1,train,18.78,3,16,"After a savage attack drives her from her home, sixteen-year-old Mnemba finds a place in her cousin Tumelo’s successful safari business, where she quickly excels as a guide. Surrounding herself with nature and the mystical animals inhabiting the savannah not only allows Mnemba’s tracking skills to shine, it helps her to hide from the terrible memories that haunt her.Mnemba After a savage attack drives her from her home, sixteen-year-old Mnemba finds a place in her cousin Tumelo’s successful safari business, where she quickly excels as a guide. Surrounding herself with nature and the mystical animals inhabiting the savannah not only allows Mnemba’s tracking skills to shine, it helps her to hide from the terrible memories that haunt her.Mnemba is employed to guide Mr. Harving and his daughter, Kara, through the wilderness as they study unicorns. The young women are drawn to each other, despite that fact that Kara is betrothed. During their research, they discover a conspiracy by a group of poachers to capture the Unicorns and exploit their supernatural strength to build a railway. Together, they must find a way to protect the creatures Kara adores while resisting the love they know they can never indulge. ...more",https://books.toscrape.com/catalogue/unicorn-tracks_951/index.html
09555be379ad9253,Tsubasa: WoRLD CHRoNiCLE 2 (Tsubasa WoRLD CHRoNiCLE #2),Sequential Art,8,test,16.28,1,16,"DUAL WORLDS, DUAL SIGHTS In the land of Nirai Kanai, there are two realms, one that is the ""outside"" world, and another that is ""inside"" and hidden from the rest of reality. At the request of the holy Himegami, Syaoran ventures into this inside realm to investigate an anomaly, but what he sees there is very different from what Fai and Kurogane see. What does this discrepa DUAL WORLDS, DUAL SIGHTS   In the land of Nirai Kanai, there are two realms, one that is the ""outside"" world, and another that is ""inside"" and hidden from the rest of reality. At the request of the holy Himegami, Syaoran ventures into this inside realm to investigate an anomaly, but what he sees there is very different from what Fai and Kurogane see. What does this discrepancy mean, and what can they do to overcome it?! ...more",https://books.toscrape.com/catalogue/tsubasa-world-chronicle-2-tsubasa-world-chronicle-2_949/index.html
51653ef291ab7ddc,This One Summer,Sequential Art,8,train,19.49,4,16,"Every summer, Rose goes with her mom and dad to a lake house in Awago Beach. It's their getaway, their refuge. Rosie's friend Windy is always there, too, like the little sister she never had. But this summer is different. Rose's mom and dad won't stop fighting, and when Rose and Windy seek a distraction from the drama, they find themselves with a whole new set of problems. Every summer, Rose goes with her mom and dad to a lake house in Awago Beach. It's their getaway, their refuge. Rosie's friend Windy is always there, too, like the little sister she never had. But this summer is different. Rose's mom and dad won't stop fighting, and when Rose and Windy seek a distraction from the drama, they find themselves with a whole new set of problems. It's a summer of secrets and sorrow and growing up, and it's a good thing Rose and Windy have each other.In This One Summer two stellar creators redefine the teen graphic novel. Cousins Mariko and Jillian Tamaki, the team behind Skim, have collaborated on this gorgeous, heartbreaking, and ultimately hopeful story about a girl on the cusp of her teen age — a story of renewal and revelation. ...more",https://books.toscrape.com/catalogue/this-one-summer_947/index.html
7858914fad68493c,Throwing Rocks at the Google Bus: How Growth Became the Enemy of Prosperity,Nonfiction,6,train,31.12,3,16,"Capital in the Twenty-First Century meets The Second Machine Age in this stunning and optimistic tour de force on the promise and peril of the digital economy, from one of the most brilliant social critics of our time. Digital technology was supposed to usher in a new age of endless prosperity, but so far it has been used to put industrial capitalism on steroids, makin Capital in the Twenty-First Century meets The Second Machine Age in this stunning and optimistic tour de force on the promise and peril of the digital economy, from one of the most brilliant social critics of our time. Digital technology was supposed to usher in a new age of endless prosperity, but so far it has been used to put industrial capitalism on steroids, making it harder for people and businesses to keep up. Social networks surrender their original missions to more immediately profitable data mining, while brokerage houses abandon value investing for algorithms that drain markets and our 401ks alike--all tactics driven by the need to stoke growth by any means necessary. Instead of taking this opportunity to reprogram our economy for sustainability, we have doubled down on growth as its core command. We have reached the limits of this approach. We must escape the growth trap, once and for all. Media scholar and technology author Douglas Rushkoff--one of today's most original and influential thinkers--argues for a new economic program that utilizes the unique distributive power of the internet while breaking free of the winner-take-all system the growth trap leaves in its wake. Drawing on sources both contemporary and historical, Rushkoff pioneers a new understanding of the old economic paradigm, from central currency to debt to corporations and labor.Most importantly, he offers a series of practical steps for businesses, consumers, investors, and policymakers to remake the economic operating system from the inside out--and prosper along the way. Instead of boycotting Wal-Mart or overtaxing the wealthy, we simply implement strategies that foster the creation of value by stakeholders other than just ourselves. From our currency to our labor to the corporation, every aspect of the economy can be reprogrammed with minimal disruption to create a more equitably distributed prosperity for all.Inspiring and challenging, Throwing Rocks at the Google Bus provides a pragmatic, optimistic, and human-centered model for economic progress in the digital age. ...more",https://books.toscrape.com/catalogue/throwing-rocks-at-the-google-bus-how-growth-became-the-enemy-of-prosperity_948/index.html
709822d0b5bcb7f4,Thirst,Fiction,2,train,17.27,5,16,"On a searing summer Friday, Eddie Chapman has been stuck for hours in a traffic jam. There are accidents along the highway, but ambulances and police are conspicuously absent. When he decides to abandon his car and run home, he sees that the trees along the edge of a stream have been burnt, and the water in the streambed is gone. Something is very wrong.When he arrives hom On a searing summer Friday, Eddie Chapman has been stuck for hours in a traffic jam. There are accidents along the highway, but ambulances and police are conspicuously absent. When he decides to abandon his car and run home, he sees that the trees along the edge of a stream have been burnt, and the water in the streambed is gone. Something is very wrong.When he arrives home, the power is out and there is no running water. The pipes everywhere, it seems, have gone dry. Eddie and his wife, Laura, find themselves thrust together with their neighbors while a sense of unease thickens in the stifling night air. Thirst takes place in the immediate aftermath of a mysterious disaster--the Chapmans and their neighbors suffer the effects of the heat, their thirst, and the terrifying realization that no one is coming to help. As violence rips through the community, Eddie and Laura are forced to recall secrets from their past and question their present humanity. In crisp and convincing prose, Ben Warner compels readers to do the same. What might you do to survive? ...more",https://books.toscrape.com/catalogue/thirst_946/index.html
b5ea0b5dabed25a8,The Secret of Dreadwillow Carse,Childrens,0,train,56.13,1,16,"A princess and a peasant girl must embark on a dangerous quest to outwit a centuries-old warning foretelling the fall of the Monarchy in this modern fairytale. In the center of the verdant Monarchy lies Dreadwillow Carse, a black and desolate bog that the happy people of the land do their best to ignore. Little is known about it, except for one dire warning: If any monarc A princess and a peasant girl must embark on a dangerous quest to outwit a centuries-old warning foretelling the fall of the Monarchy in this modern fairytale.   In the center of the verdant Monarchy lies Dreadwillow Carse, a black and desolate bog that the happy people of the land do their best to ignore. Little is known about it, except for one dire warning: If any monarch enters Dreadwillow Carse, then the Monarchy will fall. Twelve-year-old Princess Jeniah yearns to know what the marsh could possibly conceal that might topple her family’s thousand-year reign of peace and prosperity. Meanwhile, in the nearby town of Emberfell, where everyone lives with unending joy, a girl named Aon hides a sorrow she can never reveal. She knows that something in the carse--something that sings a haunting tune only Aon can hear--holds the cure for her sadness. Yet no matter how many times she tries to enter, the terror-inducing dreadwillow trees keep her away. After a chance meeting, Princess Jeniah and Aon hatch a plan to send Aon into the heart of the carse to unlock its darkest secret. But when Aon doesn’t return, a guilt-stricken Jeniah must enter the carse to try and rescue her friend--even if it means risking the entire Monarchy. ...more",https://books.toscrape.com/catalogue/the-secret-of-dreadwillow-carse_944/index.html
142d767a56a9254d,"The Pioneer Woman Cooks: Dinnertime: Comfort Classics, Freezer Food, 16-Minute Meals, and Other Delicious Ways to Solve Supper!",Food and Drink,3,train,56.41,1,16,"THERE’S NO TIME LIKE DINNERTIME!Oh, don’t get me wrong. I adore breakfast. I love lunch! But dinnertime definitely tops them all. It’s the time of day when we reunite with our sweeties, our kids, our friends, our parents . . . and catch up on the events of the day over something mouthwatering and delicious. Dinnertime anchors us, nourishes us, and reassures us. It’s the gr THERE’S NO TIME LIKE DINNERTIME!Oh, don’t get me wrong. I adore breakfast. I love lunch! But dinnertime definitely tops them all. It’s the time of day when we reunite with our sweeties, our kids, our friends, our parents . . . and catch up on the events of the day over something mouthwatering and delicious. Dinnertime anchors us, nourishes us, and reassures us. It’s the greatest meal of the day! The Pioneer Woman Cooks: Dinnertime is a beloved collection of all the scrumptious supper recipes that make their way through my kitchen in regular rotation, from main dish salads to satisfying soups to hearty casseroles to comfort food classics . . . and everything in between. I lay out all the different ways I tackle dinner in my house, from super-quick 16-Minute Meals to make-ahead Freezer Food to irresistible pastas and a bundle of brand-new favorites of my crew.You’ll want to immediately dive into surefire hits like Tomato Soup with Parmesan Croutons, Buffalo Chicken Salad, Baked Ziti, and Shrimp Scampi. But just wait till you try the Cashew Chicken, French Dip Sandwiches, Chicken Marsala, and Beef Stroganoff. And don’t even get me started on the Tomato Tart, Chicken with Mustard Cream Sauce, and Pan-Fried Pork Chops. You’ll have a very tough time deciding on a favorite!To take away the guesswork, I made sure to include all the step-by-step recipe photos I love to share, and I packed as much deliciousness into each chapter as possible. My hope is that you will turn to this book regularly to solve your dinnertime dilemmas, and that you will use these recipes to feed your family time and time again. The more stains, smudges, and smears on the pages, the better!Enjoy dinnertime in your household, friends! ...more",https://books.toscrape.com/catalogue/the-pioneer-woman-cooks-dinnertime-comfort-classics-freezer-food-16-minute-meals-and-other-delicious-ways-to-solve-supper_943/index.html
5ee94540d0749ea0,The Past Never Ends,Mystery,5,train,56.5,4,16,"A simple task, Attorney Chester Morgan thinks. Get a copy of a public record for a young man whose only friend has died in an unexplained accidental death. Except... The police file regarding the demise of sex worker Tanya Everly has been sealed by the order of the chief of police, and no one will talk. Warned to drop the matter, Attorney Morgan knows that if he doesn't sp A simple task, Attorney Chester Morgan thinks. Get a copy of a public record for a young man whose only friend has died in an unexplained accidental death. Except... The police file regarding the demise of sex worker Tanya Everly has been sealed by the order of the chief of police, and no one will talk. Warned to drop the matter, Attorney Morgan knows that if he doesn't speak for the dead young woman, no one will. Haunted by his discovery of the body of a prominent local oilman, Morgan pursues a quest for justice that puts his reputation, career, and life at risk. A journey that takes him into the dark shadows of the sex-for-sale business, into the marble courtrooms of Oklahoma, and into the aching loneliness of his own soul. Set in the American Southwest in the days before 9/11, The Past Never Ends is both a complex murder mystery and a meditation on the self-perpetuating nature of injustice and the ethereal nature of justice itself. ...more",https://books.toscrape.com/catalogue/the-past-never-ends_942/index.html
cedf82b5086e4691,The Natural History of Us (The Fine Art of Pretending #2),Young Adult,9,test,45.22,3,16,"One class assignment. One second chance at love. The school player is all in. Now he needs to win back the sweet commitment girl who's forever owned his heart. Justin Carter has a secret. He's not the total player Fairfield Academy believes him to be. Not really. In fact, he used to be a one-woman guy...and his feelings for her never went away. Too bad he broke her heart t One class assignment. One second chance at love. The school player is all in. Now he needs to win back the sweet commitment girl who's forever owned his heart. Justin Carter has a secret. He's not the total player Fairfield Academy believes him to be. Not really. In fact, he used to be a one-woman guy...and his feelings for her never went away. Too bad he broke her heart three years ago and made sure to ruin any chance she'd ever forgive him. Peyton Williams is a liar. She pretends to be whole, counting down the days until graduation and helping her parents at the family ranch. But the truth is, she's done everything she can to get over Justin, and salvation is just around the corner. With graduation one short month away, she'll soon break free from the painful memories and start her life fresh. Of course, she has to get through working with him on one last assignment first. For Justin, nothing ever felt as right as being with Peyton, and now that fate's given him a shot at redemption, he's determined to make the most of it. And for Peyton...well, Justin Carter has always been her kryptonite. ...more",https://books.toscrape.com/catalogue/the-natural-history-of-us-the-fine-art-of-pretending-2_941/index.html
7d385d34d12e60ff,The Nameless City (The Nameless City #1),Sequential Art,8,train,38.16,4,16,"Every nation that invades the City gives it a new name. But before long, new invaders arrive and the City changes hands once again. The natives don't let themselves get caught up in the unending wars. To them, their home is the Nameless City, and those who try to name it are forever outsiders.Kaidu is one such outsider. He's a Dao born and bred--a member of the latest occu Every nation that invades the City gives it a new name. But before long, new invaders arrive and the City changes hands once again. The natives don't let themselves get caught up in the unending wars. To them, their home is the Nameless City, and those who try to name it are forever outsiders.Kaidu is one such outsider. He's a Dao born and bred--a member of the latest occupying nation. Rat is a native of the Nameless City. At first, she hates Kai for everything he stands for, but his love of his new home may be the one thing that can bring these two unlikely friends together. Let's hope so, because the fate of the Nameless City rests in their hands. ...more",https://books.toscrape.com/catalogue/the-nameless-city-the-nameless-city-1_940/index.html
d01ac97e2b8947c2,The Murder That Never Was (Forensic Instincts #5),Fiction,2,train,54.11,3,16,"Given the opportunity, would you assume someone else's identity and leave your old life behind? A serendipitous crossing of paths between Lisa Barnes, a down-on-her-luck job seeker, and Julie Forman, a personal trainer to an Olympic hopeful, forever changes the course of both women's lives. One winds up dead and the other finds herself a fugitive, hiding behind one lie aft Given the opportunity, would you assume someone else's identity and leave your old life behind? A serendipitous crossing of paths between Lisa Barnes, a down-on-her-luck job seeker, and Julie Forman, a personal trainer to an Olympic hopeful, forever changes the course of both women's lives. One winds up dead and the other finds herself a fugitive, hiding behind one lie after another as a cold-blooded killer methodically hunts her. Desperately trying to stay alive, the terrified woman enlists the help of Forensic Instincts, a rogue investigative team that clandestinely operates in the gray area between legal and illegal. Safeguarding their client's deception, Forensic Instincts digs into dangerous territory as they try to find out who's after their client and why. Meanwhile, bodies are piling up in Chicago, New Jersey, and Vermont as a megalomaniacal genius will stop at nothing to eradicate anyone who threatens the success of his medical breakthrough. With an unhinged client and a monstrous criminal enterprise as its adversary, Forensic Instincts is forced into uncharted territory to protect their client and save one of their own from becoming the next corpse. Forensic Instincts is an unorthodox, criminal investigative team that carefully navigates the fine line between legal and illegal. The team consists of a behaviorist, a former Navy SEAL, a techo-wiz, an intuitive, a pickpocket, a retired FBI agent, and a human scent evidence dog."" ...more",https://books.toscrape.com/catalogue/the-murder-that-never-was-forensic-instincts-5_939/index.html
0da9aa9d24677fc0,The Life-Changing Magic of Tidying Up: The Japanese Art of Decluttering and Organizing,Nonfiction,6,train,16.77,3,16,"Despite constant efforts to declutter your home, do papers still accumulate like snowdrifts and clothes pile up like a tangled mess of noodles?Japanese cleaning consultant Marie Kondo takes tidying to a whole new level, promising that if you properly simplify and organize your home once, you'll never have to do it again. Most methods advocate a room-by-room or little-by-li Despite constant efforts to declutter your home, do papers still accumulate like snowdrifts and clothes pile up like a tangled mess of noodles?Japanese cleaning consultant Marie Kondo takes tidying to a whole new level, promising that if you properly simplify and organize your home once, you'll never have to do it again. Most methods advocate a room-by-room or little-by-little approach, which doom you to pick away at your piles of stuff forever. The KonMari Method, with its revolutionary category-by-category system, leads to lasting results. In fact, none of Kondo's clients have lapsed (and she still has a three-month waiting list).With detailed guidance for determining which items in your house ""spark joy"" (and which don't), this international best seller featuring Tokyo's newest lifestyle phenomenon will help you clear your clutter and enjoy the unique magic of a tidy home - and the calm, motivated mindset it can inspire. ...more",https://books.toscrape.com/catalogue/the-life-changing-magic-of-tidying-up-the-japanese-art-of-decluttering-and-organizing_936/index.html
a30b270e25489e5c,The Electric Pencil: Drawings from Inside State Hospital No. 3,Nonfiction,6,train,56.06,1,16,"Deeds's subtle, meticulous, and wildly imaginative pencil and crayon drawings portray an unusual cast of characters: nineteenth-century dandies, Civil War soldiers, antique cars, fantastic boats and trains, country landscapes dotted with roaming animals, and fanciful architecture. None of these existed in the actual mid-twentieth-century landscape of Deeds's own life, but Deeds's subtle, meticulous, and wildly imaginative pencil and crayon drawings portray an unusual cast of characters: nineteenth-century dandies, Civil War soldiers, antique cars, fantastic boats and trains, country landscapes dotted with roaming animals, and fanciful architecture. None of these existed in the actual mid-twentieth-century landscape of Deeds's own life, but rather were representations of his inner world—an artist's poignant tribute to a faded past.Deeds lovingly bound his artwork in a cardboard and leather portfolio, a present for his mother. After being accidentally discarded in 1970, the album was rescued from the trash by a young boy and, thirty-six years later, came into the hands of artist and collector Harris Diamant, who provides the book's foreword. The Electric Pencil features all 283 of Deeds's arresting drawings—now avidly collected—done on ledger sheets from State Hospital No. 3 in Nevada, Missouri, and reproduced in the sequence of the original album. The Electric Pencil introduces readers to an astonishing record of one man's unwavering artistic vision in the face of the most inhospitable conditions. ...more",https://books.toscrape.com/catalogue/the-electric-pencil-drawings-from-inside-state-hospital-no-3_933/index.html
acd86a5426e21ca0,The Gutsy Girl: Escapades for Your Life of Epic Adventure,Nonfiction,6,train,37.13,1,16,"Why should girls miss out on the joy of adventure? They can jump off rocks, swing on ropes, and climb trees just as well as boys can. But girls often allow fear to stand in their way.In The Gutsy Girl, author Caroline Paul emboldens girls to seek out a life of exhilaration. Once a young scaredy-cat herself, Caroline decided that fear got in the way of the life she wanted-- Why should girls miss out on the joy of adventure? They can jump off rocks, swing on ropes, and climb trees just as well as boys can. But girls often allow fear to stand in their way.In The Gutsy Girl, author Caroline Paul emboldens girls to seek out a life of exhilaration. Once a young scaredy-cat herself, Caroline decided that fear got in the way of the life she wanted--of excitement, confidence, self-reliance, friendship, and fun. She has since flown planes, rafted big rivers, climbed tall mountains, and fought fires as one of the first female firefighters in San Francisco. In The Gutsy Girl, she shares her greatest escapades as well as those of other girls and women from throughout history, and offers engaging activities such as confidence-building stances, creating a compass, positive self-talk, and using crickets to estimate outside temperatures. Each section includes a place for girls to “journal” their adventures, thus encouraging a new generation to develop a zest for challenges and a healthy relationship to risk. The Gutsy Girl is Lean In for young girls, a book about the glorious things that happen when you unshackle from fear and open up to exhilaration. Fully illustrated and enlivened throughout by bestselling illustrator Wendy MacNaughton's whimsical pen-and-ink drawings. ...more",https://books.toscrape.com/catalogue/the-gutsy-girl-escapades-for-your-life-of-epic-adventure_934/index.html
87b0615b6e1f4d7b,Spark Joy: An Illustrated Master Class on the Art of Organizing and Tidying Up,Nonfiction,6,train,41.83,4,16,"Marie Kondo’s unique KonMari Method of tidying up is nothing short of life-changing—and her first book, The Life-Changing Magic of Tidying Up, has become a worldwide sensation. In Spark Joy, Kondo presents an in-depth, illustrated manual on how to declutter and organize specific items throughout the house, from kitchen and bathroom items to work-related papers and hobby co Marie Kondo’s unique KonMari Method of tidying up is nothing short of life-changing—and her first book, The Life-Changing Magic of Tidying Up, has become a worldwide sensation. In Spark Joy, Kondo presents an in-depth, illustrated manual on how to declutter and organize specific items throughout the house, from kitchen and bathroom items to work-related papers and hobby collections. User-friendly line drawings illustrate Kondo’s patented folding method as it applies to shirts, pants, socks, and jackets, as well as images of properly organized drawers, closets, and cabinets. This book is perfect for anyone who wants a home—and life—that sparks joy. ...more",https://books.toscrape.com/catalogue/spark-joy-an-illustrated-master-class-on-the-art-of-organizing-and-tidying-up_927/index.html
c849f0b2f5d6a742,"Saga, Volume 6 (Saga (Collected Editions) #6)",Fantasy,1,train,25.02,3,16,"After a dramatic time jump, the three-time Eisner Award winner for Best Continuing Series continues to evolve, as Hazel begins the most exciting adventure of her life: kindergarten. Meanwhile, her star-crossed family learns hard lessons of their own.Collects SAGA #31-36",https://books.toscrape.com/catalogue/saga-volume-6-saga-collected-editions-6_924/index.html
53a3d11bb568cc8b,"Saga, Volume 5 (Saga (Collected Editions) #5)",Sequential Art,8,train,51.04,2,16,"Multiple storylines collide in this cosmos-spanning new volume. While Gwendolyn and Lying Cat risk everything to find a cure for The Will, Marko makes an uneasy alliance with Prince Robot IV to find their missing children, who are trapped on a strange world with terrifying new enemies. Collects Saga #25-30.",https://books.toscrape.com/catalogue/saga-volume-5-saga-collected-editions-5_923/index.html
c82a3e358c773c73,"Rat Queens, Vol. 3: Demons (Rat Queens (Collected Editions) #11-15)",Sequential Art,8,train,50.4,3,16,"Having survived the end of the world, the Queens follow Hannah back to where it all began: Mage University. A long perilous journey awaits the Rat Queens as they attempt to find out what happened to Hannah's father while battling their own demons. Collects RAT QUEENS #11-15",https://books.toscrape.com/catalogue/rat-queens-vol-3-demons-rat-queens-collected-editions-11-15_921/index.html
d7310206583a54b6,Reskilling America: Learning to Labor in the Twenty-First Century,Nonfiction,6,test,19.83,2,16,"From Katherine Newman, award-winning author of No Shame in My Game, and sociologist Hella Winston, a sharp and irrefutable call to reenergize this nation's long-neglected system of vocational trainingAfter decades of off-shoring and downsizing that have left blue collar workers obsolete and stranded, the United States is now on the verge of an industrial renaissance. But w From Katherine Newman, award-winning author of No Shame in My Game, and sociologist Hella Winston, a sharp and irrefutable call to reenergize this nation's long-neglected system of vocational trainingAfter decades of off-shoring and downsizing that have left blue collar workers obsolete and stranded, the United States is now on the verge of an industrial renaissance. But we don't have a skilled enough labor pool to fill the positions that will be created, which are in many cases technically demanding and require specialized skills. A decades-long series of idealistic educational policies with the expressed goal of getting every student to go to college has left a generation of potential workers out of the system. Touted as a progressive, egalitarian institution providing opportunity even to those with the greatest need, the American secondary school system has in fact deepened existing inequalities.We can do better, argue acclaimed sociologists Katherine Newman and Hella Winston. Taking a page from the successful experience of countries like Germany and Austria, where youth unemployment is a mere 7%, they call for a radical reevaluation of the idea of vocational training, long discredited as an instrument of tracking. The United States can prepare a new, high-performance labor force if we revamp our school system to value industry apprenticeship and rigorous technical education. By doing so, we will not only be able to meet the growing demand for skilled employees in dozens of sectors where employers decry the absence of well trained workers -- we will make the American Dream accessible to all. ...more",https://books.toscrape.com/catalogue/reskilling-america-learning-to-labor-in-the-twenty-first-century_922/index.html
0e691eda369f4e09,Princess Between Worlds (Wide-Awake Princess #5),Fantasy,1,test,13.34,5,16,"Just as Annie and Liam are busy making plans to travel the world, a witch shows up and gives them a collection of postcards from the Magic Marketplace. Each postcard gives Annie and Liam the opportunity to travel to exotic lands and far-flung kingdoms. What the witch doesn't give them are directions on how to safely return.",https://books.toscrape.com/catalogue/princess-between-worlds-wide-awake-princess-5_919/index.html
0fa6dceead7ce47a,"Princess Jellyfish 2-in-1 Omnibus, Vol. 01 (Princess Jellyfish 2-in-1 Omnibus #1)",Sequential Art,8,train,13.61,5,16,"THE LONG-AWAITED STORY OF FANGIRLS TAKING ON TOKYO!Special large-size 2-in-1 edition of over 400 pages!""One of the best anime and manga for beginners. Enthusiasm - geeky and otherwise - is power in Princess Jellyfish. Enthusiasm saves the day and paves the road to the future."" - Kotaku""Princess Jellyfish's ambition is simple: to tell a delightful story in a delightful way. THE LONG-AWAITED STORY OF FANGIRLS TAKING ON TOKYO!Special large-size 2-in-1 edition of over 400 pages!""One of the best anime and manga for beginners. Enthusiasm - geeky and otherwise - is power in Princess Jellyfish. Enthusiasm saves the day and paves the road to the future."" - Kotaku""Princess Jellyfish's ambition is simple: to tell a delightful story in a delightful way... It's a pretty deadly one-two punch."" - Anime News Network""Loaded with heart, soul, humor and insight."" - About.comSTINGING BEAUTY Tsukimi Kurashita has a strange fascination with jellyfish. She’s loved them from a young age and has carried that love with her to her new life in the big city of Tokyo. There, she resides in Amamizukan, a safe-haven for girl geeks who regularly gush over a range of things from trains to Japanese dolls. However, a chance meeting at a pet shop has Tsukimi crossing paths with one of the things that the residents of Amamizukan have been desperately trying to avoid—a beautiful and fashionable woman! But there’s much more to this woman than her trendy clothes! This odd encounter is only the beginning of a new and unexpected path for Tsukimi and her friends. ...more",https://books.toscrape.com/catalogue/princess-jellyfish-2-in-1-omnibus-vol-01-princess-jellyfish-2-in-1-omnibus-1_920/index.html
e80f8e518b300dfe,"Pop Gun War, Volume 1: Gift",Sequential Art,8,train,18.97,1,16,"""Pop Gun War is about childhood, self-discovery, oppression, guilt, dreams, loneliness, whatever. It is more about a feeling you, the reader, get from the story rather than a typical narrative. If you wanted to get literal, it is about an inner city boy, Sinclair, who discovers a pair of discarded angel wings. With these wings, Sinclair flies around the city and gets into ""Pop Gun War is about childhood, self-discovery, oppression, guilt, dreams, loneliness, whatever. It is more about a feeling you, the reader, get from the story rather than a typical narrative. If you wanted to get literal, it is about an inner city boy, Sinclair, who discovers a pair of discarded angel wings. With these wings, Sinclair flies around the city and gets into adventures."" - Farel Dalrymple, series creator From Publishers Weekly: Collecting the first five issues of Dalrymple's acclaimed comic book series Pop Gun War, this book provides a capsule look at Dalrymple's vision of urban fantasy. Set in New York, his stories follow characters with wings, talking fish, giants, dwarves and other fantastical acquaintances and ideas. At the center of it all is a boy named Sinclair, who acquires a set of wings when a tattooed, disgruntled angel pays to have them cut off. Sinclair, a lonely kid prone to bowties and being teased, sets off on a series of encounters across the city. His older sister, a singer in a rock band, is an inspiration and worry; a homeless man of unknown powers and origins joins him; and a band of youths pursue him. Dalrymple renders this gang of eccentrics and mystics in a loose but realistic pen and ink style highly dynamic and tailor-made for depicting New York's teeming city streets. He has a flair for the dramatic as well scenes of Sinclair flying, or of a giant walking the streets, are genuinely affecting, while seeming completely natural and brings to life a subtle kind of cartoon surrealism. The story meanders a bit, and it's not always clear where it's headed, but the fun of Pop Gun War is in its vivid characters and details. It is a fine debut, reminiscent of DC Comics's Vertigo line, with which it should sit comfortably on bookstores' and adventurous readers' shelves. ...more",https://books.toscrape.com/catalogue/pop-gun-war-volume-1-gift_918/index.html
9429b4d59c537af5,Patience,Sequential Art,8,test,10.16,3,16,"Patience is a psychedelic science-fiction love story, veering with uncanny precision from violent destruction to deeply personal tenderness in a way that is both quintessentially “Clowesian” and utterly unique in the author’s body of work. This 180-page, full-color original graphic novel affords Clowes the opportunity to draw some of the most exuberant and breathtaking pag Patience is a psychedelic science-fiction love story, veering with uncanny precision from violent destruction to deeply personal tenderness in a way that is both quintessentially “Clowesian” and utterly unique in the author’s body of work. This 180-page, full-color original graphic novel affords Clowes the opportunity to draw some of the most exuberant and breathtaking pages of his life, and to tell his most suspenseful, surprising and affecting story yet. ...more",https://books.toscrape.com/catalogue/patience_916/index.html
889139b8e9c4cb36,"Outcast, Vol. 1: A Darkness Surrounds Him (Outcast #1)",Sequential Art,8,train,15.44,4,16,"NEW HORROR SERIES FROM THE WALKING DEAD CREATOR ROBERT KIRKMAN! Kyle Barnes has been plagued by demonic possession all his life and now he needs answers. Unfortunately, what he uncovers along the way could bring about the end of life on Earth as we know it. Collects OUTCAST BY KIRKMAN & AZACETA #1-6.",https://books.toscrape.com/catalogue/outcast-vol-1-a-darkness-surrounds-him-outcast-1_915/index.html
11809b1d323b3057,orange: The Complete Collection 1 (orange: The Complete Collection #1),Sequential Art,8,train,48.41,1,16,"A Plea From the FutureOn the day that Naho begins 11th grade, she recieves a letter from herself ten years in the future. At first, she writes it off as a prank, but as the letter’s predictions come true one by one Naho realizes that the letter might be the real deal. Her future self tells Naho that a new transfer student, a boy named Kakeru, will soon join her class. The A Plea From the FutureOn the day that Naho begins 11th grade, she recieves a letter from herself ten years in the future. At first, she writes it off as a prank, but as the letter’s predictions come true one by one Naho realizes that the letter might be the real deal. Her future self tells Naho that a new transfer student, a boy named Kakeru, will soon join her class. The letter begs Naho to watch over him, saying that only Naho can save Kakeru from a terrible future. Who is this mystery boy, and can Naho save him from his destiny? The heart-wrenching sci-fi romance that has over million copies in print in Japan! ...more",https://books.toscrape.com/catalogue/orange-the-complete-collection-1-orange-the-complete-collection-1_914/index.html
3c346ab1e76ae1f6,Obsidian (Lux #1),Young Adult,9,train,14.86,2,16,"Starting over sucks.When we moved to West Virginia right before my senior year, I’d pretty much resigned myself to thick accents, dodgy internet access, and a whole lot of boring… until I spotted my hot neighbor, with his looming height and eerie green eyes. Things were looking up.And then he opened his mouth.Daemon is infuriating. Arrogant. Stab-worthy. We do not get alon Starting over sucks.When we moved to West Virginia right before my senior year, I’d pretty much resigned myself to thick accents, dodgy internet access, and a whole lot of boring… until I spotted my hot neighbor, with his looming height and eerie green eyes. Things were looking up.And then he opened his mouth.Daemon is infuriating. Arrogant. Stab-worthy. We do not get along. At all. But when a stranger attacks me and Daemon literally freezes time with a wave of his hand, well, something… unexpected happens. The hot alien living next door marks me.You heard me. Alien. Turns out Daemon and his sister have a galaxy of enemies wanting to steal their abilities, and Daemon’s touch has me lit up like the Vegas Strip. The only way I’m getting out of this alive is by sticking close to Daemon until my alien mojo fades. If I don’t kill him first, that is. ...more",https://books.toscrape.com/catalogue/obsidian-lux-1_911/index.html
fa9610a50a1bf149,Masks and Shadows,Fantasy,1,train,56.4,2,16,"The year is 1779, and Carlo Morelli, the most renowned castrato singer in Europe, has been invited as an honored guest to Eszterháza Palace. With Carlo in Prince Nikolaus Esterházy's carriage, ride a Prussian spy and one of the most notorious alchemists in the Habsburg Empire. Already at Eszterháza is Charlotte von Steinbeck, the very proper sister of Prince Nikolaus's mis The year is 1779, and Carlo Morelli, the most renowned castrato singer in Europe, has been invited as an honored guest to Eszterháza Palace. With Carlo in Prince Nikolaus Esterházy's carriage, ride a Prussian spy and one of the most notorious alchemists in the Habsburg Empire. Already at Eszterháza is Charlotte von Steinbeck, the very proper sister of Prince Nikolaus's mistress. Charlotte has retreated to the countryside to mourn her husband's death. Now, she must overcome the ingrained rules of her society in order to uncover the dangerous secrets lurking within the palace's golden walls. Music, magic, and blackmail mingle in a plot to assassinate the Habsburg Emperor and Empress--a plot that can only be stopped if Carlo and Charlotte can see through the masks worn by everyone they meet. ...more",https://books.toscrape.com/catalogue/masks-and-shadows_909/index.html
72f9d5be3472d34e,"Mama Tried: Traditional Italian Cooking for the Screwed, Crude, Vegan, and Tattooed",Food and Drink,3,train,14.02,4,16,"Cecilia Granata grew up cooking with her family in Italy. As a vegan, she learned to adapt her favorite recipes from around the country to be animal free while retaining the flavor and feeling of true Italian home cooking. She shares her commitment to ethical and artful eating in this alphabetically-arranged volume with over 100 recipes, ranging from traditional favorites Cecilia Granata grew up cooking with her family in Italy. As a vegan, she learned to adapt her favorite recipes from around the country to be animal free while retaining the flavor and feeling of true Italian home cooking. She shares her commitment to ethical and artful eating in this alphabetically-arranged volume with over 100 recipes, ranging from traditional favorites to homemade liqueurs to aphrodisiacs—all ""senza sofferenza,"" without suffering. The recipes are lushly illustrated with Granata's food-inspired tattoo art. ...more",https://books.toscrape.com/catalogue/mama-tried-traditional-italian-cooking-for-the-screwed-crude-vegan-and-tattooed_908/index.html
784bc2279baa878d,My Paris Kitchen: Recipes and Stories,Food and Drink,3,train,33.37,2,16,"A collection of stories and 100 sweet and savory French-inspired recipes from popular food blogger David Lebovitz, reflecting the way Parisians eat today and featuring lush photography taken around Paris and in David's Parisian kitchen.It’s been ten years since David Lebovitz packed up his most treasured cookbooks, a well-worn cast-iron skillet, and his laptop and moved to A collection of stories and 100 sweet and savory French-inspired recipes from popular food blogger David Lebovitz, reflecting the way Parisians eat today and featuring lush photography taken around Paris and in David's Parisian kitchen.It’s been ten years since David Lebovitz packed up his most treasured cookbooks, a well-worn cast-iron skillet, and his laptop and moved to Paris. In that time, the culinary culture of France has shifted as a new generation of chefs and home cooks—most notably in Paris—incorporates ingredients and techniques from around the world into traditional French dishes.      In My Paris Kitchen, David remasters the classics, introduces lesser-known fare, and presents 100 sweet and savory recipes that reflect the way modern Parisians eat today. You’ll find Soupe à l’oignon, Cassoulet, Coq au vin, and Croque-monsieur, as well as Smoky barbecue-style pork, Lamb shank tagine, Dukkah-roasted cauliflower, Salt cod fritters with tartar sauce, and Wheat berry salad with radicchio, root vegetables, and pomegranate. And of course, there’s dessert: Warm chocolate cake with salted butter caramel sauce, Duck fat cookies, Bay leaf poundcake with orange glaze, French cheesecake...and the list goes on. David also shares stories told with his trademark wit and humor, and lush photography taken on location around Paris and in David’s kitchen reveals the quirks, trials, beauty, and joys of life in the culinary capital of the world. ...more",https://books.toscrape.com/catalogue/my-paris-kitchen-recipes-and-stories_910/index.html
460089f796fb3f82,"Lumberjanes, Vol. 2: Friendship to the Max (Lumberjanes #5-8)",Sequential Art,8,train,46.91,2,16,"What a mystery!Jo, April, Mal, Molly, and Ripley are not your average campers and Miss Qiunzella Thiskwin Penniquiqul Thistle Crumpet's Camp for Hardcore Lady-Types is not your average summer camp. Between the river monsters, magic, and the art of friendship bracelets, this summer is only just beginning. Join the Lumberjanes as they take on raptors and a sibling rivalry th What a mystery!Jo, April, Mal, Molly, and Ripley are not your average campers and Miss Qiunzella Thiskwin Penniquiqul Thistle Crumpet's Camp for Hardcore Lady-Types is not your average summer camp. Between the river monsters, magic, and the art of friendship bracelets, this summer is only just beginning. Join the Lumberjanes as they take on raptors and a sibling rivalry that only myths are made of.This New York Times bestseller and Eisner Award-nominated series is written by awesome all-star Noelle Stevenson and brilliant newcomer Grace Ellis, and illustrated by the tremendously talented Brooke Allen.Lumberjanes, Vol. 2: Friendship to the Max includes issues 5-8 and the first fourteen pages of Giant Days, Vol. 1 by John Allison. ...more",https://books.toscrape.com/catalogue/lumberjanes-vol-2-friendship-to-the-max-lumberjanes-5-8_907/index.html
b6ee99bcf06fc91f,"Lumberjanes, Vol. 1: Beware the Kitten Holy (Lumberjanes #1-4)",Sequential Art,8,test,45.61,3,16,"FRIENDSHIP TO THE MAX!At Miss Qiunzilla Thiskwin Penniquiqul Thistle Crumpet's camp for hard-core lady-types, things are not what they seem. Three-eyed foxes. Secret caves. Anagrams. Luckily, Jo, April, Mal, Molly, and Ripley are five rad, butt-kicking best pals determined to have an awesome summer together... And they're not gonna let a magical quest or an array of supern FRIENDSHIP TO THE MAX!At Miss Qiunzilla Thiskwin Penniquiqul Thistle Crumpet's camp for hard-core lady-types, things are not what they seem. Three-eyed foxes. Secret caves. Anagrams. Luckily, Jo, April, Mal, Molly, and Ripley are five rad, butt-kicking best pals determined to have an awesome summer together... And they're not gonna let a magical quest or an array of supernatural critters get in their way! The mystery keeps getting bigger, and it all begins here. Collects Lumberjanes No. 1-4. ...more",https://books.toscrape.com/catalogue/lumberjanes-vol-1-beware-the-kitten-holy-lumberjanes-1-4_906/index.html
7b75cc7f223791f4,"Layered: Baking, Building, and Styling Spectacular Cakes",Food and Drink,3,train,40.11,1,16,"It’s time to venture beyond vanilla and chocolate and take your baking skills up a notch. We’re talking layers—two, three, four, or more! Create sky-high, bakery-quality treats at home with Tessa Huff’s 150 innovative recipes, which combine new and exciting flavors of cake, fillings, and frostings—everything from pink peppercorn cherry to bourbon butterscotch, and pumpkin It’s time to venture beyond vanilla and chocolate and take your baking skills up a notch. We’re talking layers—two, three, four, or more!   Create sky-high, bakery-quality treats at home with Tessa Huff’s 150 innovative recipes, which combine new and exciting flavors of cake, fillings, and frostings—everything from pink peppercorn cherry to bourbon butterscotch, and pumpkin vanilla chai to riesling rhubarb and raspberry chocolate stout. Including contemporary baking methods and industry tips and tricks, Layered covers every decorating technique you’ll ever need with simple instructions and gorgeous step-by-step photos that speak to bakers of every skill level—and to anyone who wants to transform dessert into layer upon layer of edible art. ...more",https://books.toscrape.com/catalogue/layered-baking-building-and-styling-spectacular-cakes_904/index.html
57e5a4d515c8ce44,Lumberjanes Vol. 3: A Terrible Plan (Lumberjanes #9-12),Sequential Art,8,train,19.92,2,16,"This New York Times Bestselling series continues with Jo, April, Mal, Molly, and Ripley as they take on everything that goes bump in the night. From scary stories to magical portals that lead to a land untouched by time, it's definitely not your average summer. (Lumberjanes #9-12)",https://books.toscrape.com/catalogue/lumberjanes-vol-3-a-terrible-plan-lumberjanes-9-12_905/index.html
b136b1b180ca753a,In the Country We Love: My Family Divided,Nonfiction,6,train,22.0,4,16,"The star of Orange is the New Black and Jane the Virgin presents her personal story of the real plight of undocumented immigrants in this countryDiane Guerrero, the television actress from the megahit Orange is the New Black and Jane the Virgin, was just fourteen years old on the day her parents and brother were arrested and deported while she was at school. Born in the U. The star of Orange is the New Black and Jane the Virgin presents her personal story of the real plight of undocumented immigrants in this countryDiane Guerrero, the television actress from the megahit Orange is the New Black and Jane the Virgin, was just fourteen years old on the day her parents and brother were arrested and deported while she was at school. Born in the U.S., Guerrero was able to remain in the country and continue her education, depending on the kindness of family friends who took her in and helped her build a life and a successful acting career for herself, without the support system of her family.In the Country We Love is a moving, heartbreaking story of one woman's extraordinary resilience in the face of the nightmarish struggles of undocumented residents in this country. There are over 11 million undocumented immigrants living in the US, many of whom have citizen children, whose lives here are just as precarious, and whose stories haven't been told. Written with Michelle Burford, this memoir is a tale of personal triumph that also casts a much-needed light on the fears that haunt the daily existence of families like the author's and on a system that fails them over and over. ...more",https://books.toscrape.com/catalogue/in-the-country-we-love-my-family-divided_901/index.html
8d4eefad7a2b3915,"I Hate Fairyland, Vol. 1: Madly Ever After (I Hate Fairyland (Compilations) #1-5)",Sequential Art,8,train,29.17,2,16,"From superstar writer and artist Skottie Young (Rocket Raccoon, Wizard of OZ, Fortunately, The Milk), comes the first volume of an all-new series of adventure and mayhem. An Adventure Time/Alice in Wonderland-style epic that smashes it's cute little face against grown-up, Tank Girl/Deadpool-esque violent madness. Follow Gert, a forty year old woman stuck in a six year olds From superstar writer and artist Skottie Young (Rocket Raccoon, Wizard of OZ, Fortunately, The Milk), comes the first volume of an all-new series of adventure and mayhem. An Adventure Time/Alice in Wonderland-style epic that smashes it's cute little face against grown-up, Tank Girl/Deadpool-esque violent madness. Follow Gert, a forty year old woman stuck in a six year olds body who has been stuck in the magical world of Fairyland for nearly thirty years. Join her and her giant battle-axe on a delightfully blood soaked journey to see who will survive the girl who HATES FAIRYLAND. Collecting Issues #1-5 for only $9.99. ""Skottie Young is an Eisner Award-Winning, New York Times Bestselling cartoonist who has been making comics and children's books for over fifteen years. Books such as Rocket Raccoon, the Wizard of Oz graphic novels, Little Marvel and Fortunately, The Milk have made him a fan favorite, critically-aclaimed writer and artist. Jean-Francios Beaulieu is the colorist behind the award-winning Wizard of OZ graphic graphic novels and has worked with Skottie Young for over ten years. Nate Piekos is an award-winning letter and designer who has created some of the industry's most popular fons and has used them to letter comic books for Marvel, DC, Oni Press, Dark Horse and many more."" ...more",https://books.toscrape.com/catalogue/i-hate-fairyland-vol-1-madly-ever-after-i-hate-fairyland-compilations-1-5_899/index.html
1c89ae5bb804e4de,I am a Hero Omnibus Volume 1,Sequential Art,8,train,54.63,3,16,"The zombie apocalypse has never been more surreal! A mentally unhinged manga artist witnesses the beginning of a zombie outbreak in Tokyo, and he's certain of only two things: he's destined to be the city's hero, and he possesses something very rare in Japan--an actual firearm! Kengo Hanazawa's award-winning series comes to Dark Horse, and this realistically-drawn internat The zombie apocalypse has never been more surreal! A mentally unhinged manga artist witnesses the beginning of a zombie outbreak in Tokyo, and he's certain of only two things: he's destined to be the city's hero, and he possesses something very rare in Japan--an actual firearm! Kengo Hanazawa's award-winning series comes to Dark Horse, and this realistically-drawn international bestseller takes us from initial small battles for survival to a huge, body-horror epidemic that threatens all of humanity! These special omnibus volumes will collect two of the original Japanese books into each Dark Horse edition and include all of the color pages.""Probably the greatest zombie manga ever."" --Jason Thompson (Manga: The Complete Guide) ...more",https://books.toscrape.com/catalogue/i-am-a-hero-omnibus-volume-1_898/index.html
2a97cffe61c3c4c7,Her Backup Boyfriend (The Sorensen Family #1),Romance,7,train,33.97,1,16,"One little white lie leads to more than she planned…Straight-laced lawyer Kate Matthews always plays by the rules. But when her ex gets engaged and a big promotion is on the line at work, she blurts out that she has a new boyfriend. And now that she’s proved she “has a life” outside of work, everything is perfect. Except for one teeny little detail—there is no boyfriend. A One little white lie leads to more than she planned…Straight-laced lawyer Kate Matthews always plays by the rules. But when her ex gets engaged and a big promotion is on the line at work, she blurts out that she has a new boyfriend. And now that she’s proved she “has a life” outside of work, everything is perfect. Except for one teeny little detail—there is no boyfriend. And now Kate’s liable for her little white lie…Dominic Sorensen is hot, charming, and very definitely not Kate’s type. But not only does Dominic want to help Kate renovate her home, he’s also willing to play “boyfriend.” All he wants in return is a little pro bono work for his sister. Now instead of Mr. Right, Kate has a delectable Mr. Fix-It-Right—and some unbelievable sexual chemistry. And if falling for Dominic is a breach of contract, Kate is guilty as charged… ...more",https://books.toscrape.com/catalogue/her-backup-boyfriend-the-sorensen-family-1_896/index.html
9beb96a2300109d7,Forever and Forever: The Courtship of Henry Longfellow and Fanny Appleton,Historical Fiction,4,train,29.69,3,16,"A Proper Historical Romance seriesThe first book in a new series which will focus on the lives of real historical figures who have intriguing stories of courtship that are recreated in fictionalized accounts based on real biographical and social history research.""A well-researched, emotionally charged tale. A love story...fit for the ages."" -Publishers Weekly.It's 1836, an A Proper Historical Romance seriesThe first book in a new series which will focus on the lives of real historical figures who have intriguing stories of courtship that are recreated in fictionalized accounts based on real biographical and social history research.""A well-researched, emotionally charged tale. A love story...fit for the ages."" -Publishers Weekly.It's 1836, and nineteen-year-old Fanny Appleton, a privileged daughter of a wealthy, upper-class Boston industrialist, is touring Europe with her family. Like many girls of her day, she enjoys the fine clothes, food, and company of the elite social circles. But unlike her peers, Fanny is also drawn to education, literature, and more intellectual pursuits.Published author and poet Henry Wadsworth Longfellow is also touring Europe, but under much different circumstances. Widowed while on tour, he has stayed in order to gather credentials that he hopes will secure his professorship at Harvard College. When Henry meets Fanny, he sees in her a kindred spirit, a lover of language and literature and high ideals. He is in love. Fanny, however, is uncertain. He is ten years older than she is, and from a much lower social class. How could such a relationship ever thrive?Could a book of Henry’s poetry, personally delivered, persuade Fanny to believe in a love that lasts forever and forever? ...more",https://books.toscrape.com/catalogue/forever-and-forever-the-courtship-of-henry-longfellow-and-fanny-appleton_894/index.html
f2df3bb043a8abb0,"Giant Days, Vol. 2 (Giant Days #5-8)",Sequential Art,8,test,22.11,2,16,"Susan, Esther, and Daisy started at university three weeks ago and became fast friends. Now, away from home for the first time, all three want to reinvent themselves. But in the face of hand-wringing boys, “personal experimentation,” holiday balls, nu-chauvinism, and the willful, unwanted intrusion of “academia,” they may be lucky just to make it to spring alive. Giant Day Susan, Esther, and Daisy started at university three weeks ago and became fast friends. Now, away from home for the first time, all three want to reinvent themselves. But in the face of hand-wringing boys, “personal experimentation,” holiday balls, nu-chauvinism, and the willful, unwanted intrusion of “academia,” they may be lucky just to make it to spring alive. Giant Days , the comedic slice-of-life series from creator John Allison (Bad Machinery, Scary Go Round) and artist Lissa Treiman, has graduated to a second volume. ...more",https://books.toscrape.com/catalogue/giant-days-vol-2-giant-days-5-8_895/index.html
7add3f8e49ec0826,Fifty Shades Darker (Fifty Shades #2),Romance,7,test,21.96,1,16,"Daunted by the singular sexual tastes and dark secrets of the beautiful, tormented young entrepreneur Christian Grey, Anastasia Steele has broken off their relationship to start a new career with a Seattle publishing house.But desire for Christian still dominates her every waking thought, and when he proposes a new arrangement, Anastasia cannot resist. They rekindle their Daunted by the singular sexual tastes and dark secrets of the beautiful, tormented young entrepreneur Christian Grey, Anastasia Steele has broken off their relationship to start a new career with a Seattle publishing house.But desire for Christian still dominates her every waking thought, and when he proposes a new arrangement, Anastasia cannot resist. They rekindle their searing sensual affair, and Anastasia learns more about the harrowing past of her damaged, driven, and demanding Fifty Shades.While Christian wrestles with his inner demons, Anastasia must confront her anger and envy of the women who came before her and make the most important decision of her life.Erotic, sparkling and suspenseful, Fifty Shades Darker is the irresistibly addictive second part of the Fifty Shades trilogy.Learn more about E. L. James at thewriterscoffeeshop.com/ejames and on Twitter @E_L_JamesNeed the first Fifty Shades? Search Fifty Shades of Grey ...more",https://books.toscrape.com/catalogue/fifty-shades-darker-fifty-shades-2_892/index.html
9e28048cea8d41f7,First and First (Five Boroughs #3),Romance,7,train,15.97,4,16,"Caleb Stone was raised on the Upper East Side, where wealth and lineage reigns, and “alternative lifestyles” are hidden. It took him years to come out to his family, but he’s still stuck in the stranglehold of their expectations. Caleb knows he has to build his confidence and shake things up, but he doesn’t know how… until Oliver Buckley enters the picture.Oli is everythin Caleb Stone was raised on the Upper East Side, where wealth and lineage reigns, and “alternative lifestyles” are hidden. It took him years to come out to his family, but he’s still stuck in the stranglehold of their expectations. Caleb knows he has to build his confidence and shake things up, but he doesn’t know how… until Oliver Buckley enters the picture.Oli is everything Caleb isn’t—risk-taking, provocative, and fiercely independent. Disowned by his family, Oli has made his own way in the world and is beholden to no one. After a chance encounter on New Year’s Eve, Caleb is smitten.As Caleb sheds the insecurities that have held him back for years, he makes bold steps toward changing his career and escaping years of sexual repression. But for Caleb to take full control of his life, he has to be brave enough to confront his feelings and trust Oli with his heart. ...more",https://books.toscrape.com/catalogue/first-and-first-five-boroughs-3_893/index.html
311c0dd0e354a33e,Everydata: The Misinformation Hidden in the Little Data You Consume Every Day,Nonfiction,6,train,54.35,2,16,"While everyone is talking about “big data,” the truth is that understanding the “little data”—the stats that underlie newspaper headlines, stock reports, weather forecasts, and so on—is what helps you make smarter decisions at work, at home, and in every aspect of your life. The average person consumes approximately 30 gigabytes of data every single day, but has no idea ho While everyone is talking about “big data,” the truth is that understanding the “little data”—the stats that underlie newspaper headlines, stock reports, weather forecasts, and so on—is what helps you make smarter decisions at work, at home, and in every aspect of your life. The average person consumes approximately 30 gigabytes of data every single day, but has no idea how to interpret it correctly. EVERYDATA explains, through the eyes of an expert economist and statistician, how to decipher the small bytes of data we consume in a day.EVERYDATA is filled with countless examples of people misconstruing data—with results that range from merely frustrating to catastrophic:The space shuttle Challenger exploded in part because the engineers were reviewing a limited sample set.Millions of women avoid caffeine during pregnancy because they interpret correlation as causation.Attorneys faced a $1 billion jury verdict because of outlier data.Each chapter highlights one commonly misunderstood data concept, using both realworld and hypothetical examples from a wide range of topics, including business, politics, advertising, law, engineering, retail, parenting, and more. You’ll find the answer to the question—“Now what?”—along with concrete ways you can use this information to immediately start making smarter decisions, today and every day. ...more",https://books.toscrape.com/catalogue/everydata-the-misinformation-hidden-in-the-little-data-you-consume-every-day_891/index.html
09b6cc87e62c2c58,Danganronpa Volume 1,Sequential Art,8,train,51.99,4,16,"Each year, the elite Hope's Peak Academy selects only the most gifted and talented students to enroll...plus one ordinary student, chosen by lottery. Makoto Naegi was that lucky person--or so he thought! When he shows up for class, he finds the elite students are a bizarre cast of oddballs under the ruthless authority of a robot teddy bear principal, Monokuma. The bear lay Each year, the elite Hope's Peak Academy selects only the most gifted and talented students to enroll...plus one ordinary student, chosen by lottery. Makoto Naegi was that lucky person--or so he thought! When he shows up for class, he finds the elite students are a bizarre cast of oddballs under the ruthless authority of a robot teddy bear principal, Monokuma. The bear lays down the school rules: the only way out of Hope's Peak is to not only murder another student...but get away with it, as every murder is followed by a tribunal where the surviving students cross-examine each other!Inspired by the Danganronpa videogame series and based on the anime of the same name, the Danganropa manga is a quirky, fun, weird, and dynamic take on the high school Battle Royale genre. ...more",https://books.toscrape.com/catalogue/danganronpa-volume-1_889/index.html
7267864328ae8b9d,Crown of Midnight (Throne of Glass #2),Fantasy,1,train,43.29,3,16,"""A line that should never be crossed is about to be breached.It puts this entire castle in jeopardy—and the life of your friend.""From the throne of glass rules a king with a fist of iron and a soul as black as pitch. Assassin Celaena Sardothien won a brutal contest to become his Champion. Yet Celaena is far from loyal to the crown. She hides her secret vigilantly; she know ""A line that should never be crossed is about to be breached.It puts this entire castle in jeopardy—and the life of your friend.""From the throne of glass rules a king with a fist of iron and a soul as black as pitch. Assassin Celaena Sardothien won a brutal contest to become his Champion. Yet Celaena is far from loyal to the crown. She hides her secret vigilantly; she knows that the man she serves is bent on evil.Keeping up the deadly charade becomes increasingly difficult when Celaena realizes she is not the only one seeking justice. As she tries to untangle the mysteries buried deep within the glass castle, her closest relationships suffer. It seems no one is above questioning her allegiances—not the Crown Prince Dorian; not Chaol, the Captain of the Guard; not even her best friend, Nehemia, a foreign princess with a rebel heart.Then one terrible night, the secrets they have all been keeping lead to an unspeakable tragedy. As Celaena's world shatters, she will be forced to give up the very thing most precious to her and decide once and for all where her true loyalties lie... and whom she is ultimately willing to fight for. ...more",https://books.toscrape.com/catalogue/crown-of-midnight-throne-of-glass-2_888/index.html
8754c83ab2a7ae71,"Codename Baboushka, Volume 1: The Conclave of Death",Sequential Art,8,train,36.72,4,16,"""What if the sexy Russian femme fatale was actually the main character?"" Mysterious young heiress Contessa Annika Malikova has been part of Manhattan high society for several years... but if they knew the truth, her dinner companions would faint! The white-haired Contessa is in fact the notorious criminal ""BABOUSHKA"" -- a former Moscow gang leader, now living in exile! But ""What if the sexy Russian femme fatale was actually the main character?"" Mysterious young heiress Contessa Annika Malikova has been part of Manhattan high society for several years... but if they knew the truth, her dinner companions would faint! The white-haired Contessa is in fact the notorious criminal ""BABOUSHKA"" -- a former Moscow gang leader, now living in exile! But Baboushka's retirement is about to be shattered, as the US government has somehow discovered her true identity, and blackmails her into working for them! Now she must infiltrate a secret conclave of global crime lords, on a cruise liner, to retrieve information for the Americans. But nobody reckoned on the boat being hijacked by pirates... Suitable for teens and up, CODENAME BABOUSHKA is an action-packed modern pulp spy thriller from writer ANTONY JOHNSTON (THE FUSE, THE COLDEST CITY, ALEX RIDER) and artist SHARI CHANKHAMMA (THE FUSE, SHELTERED, KILL SHAKESPEARE), filled with glamour, guns, exotic locations, guns, explosions, high-kicks, and did we mention guns? ""An ass-kicking spy heroine who will appeal to fans of Marvel's Black Widow.""- The AV Club ""There are literally six different amazing comics all within this one series""- Comics Alliance ""Codename Baboushka takes a more female-positive look at the James Bond-esque role. Fun, fast-paced action. Female assassin done right!""- Dark Side Comics ""Johnston's exiled Russian heiress, former organized crime lord and deadly agent bursts out of the page and grabs the reader with both hands in a deadly grip of hot action and cold-hearted kills.""- Jersey Journal THE CONCLAVE OF DEATH collects Baboushka's first 5-issue mission -- watch out for her next assignment, GHOST STATION ZERO, in 2016! ""Antony Johnston is an award-winning, New York Times bestselling author of graphic novels, video games, and books. His graphic novel THE COLDEST CITY is being adapted into a film starring Charlize Theron. His epic series WASTELAND is one of only a handful of such longform comic stories in the medium. His first video game, DEAD SPACE, redefined the survival horror genre. ...more",https://books.toscrape.com/catalogue/codename-baboushka-volume-1-the-conclave-of-death_887/index.html
7b599c8bfcdd8d30,Camp Midnight,Sequential Art,8,train,17.08,4,16,"Ben 10 and Big Hero 6 creator Steven T. Seagle returns to comics with New Yorker Magazine cartoonist Jason Adam Katzenstein for a new graphic novel! Reluctant Skye is accidentally sent to the wrong summer camp. Not wanting to please her ""step monster,"" Skye is dead-set on not fitting in. That won't be a problem, as everyone at Camp Midnight-with the exception of fellow cam Ben 10 and Big Hero 6 creator Steven T. Seagle returns to comics with New Yorker Magazine cartoonist Jason Adam Katzenstein for a new graphic novel! Reluctant Skye is accidentally sent to the wrong summer camp. Not wanting to please her ""step monster,"" Skye is dead-set on not fitting in. That won't be a problem, as everyone at Camp Midnight-with the exception of fellow camper and fast-friend Mia-is a full-fledged monster! The perfect book for fans of Raina Telgemeier's ""Smile, "" but wish it had more bowls of gooey eyeballs. ...more",https://books.toscrape.com/catalogue/camp-midnight_886/index.html
bee3672891cca906,Call the Nurse: True Stories of a Country Nurse on a Scottish Isle,Nonfiction,6,train,29.14,5,16,"Tired of the pace and noise of life near London and longing for a better place to raise their young children, Mary J. MacLeod and her husband encountered their dream while vacationing on a remote island in the Scottish Hebrides. Enthralled by its windswept beauty, they soon were the proud owners of a near-derelict croft house--a farmer's stone cottage--on ""a small acre"" of Tired of the pace and noise of life near London and longing for a better place to raise their young children, Mary J. MacLeod and her husband encountered their dream while vacationing on a remote island in the Scottish Hebrides. Enthralled by its windswept beauty, they soon were the proud owners of a near-derelict croft house--a farmer's stone cottage--on ""a small acre"" of land. Mary assumed duties as the island's district nurse. Call the Nurse is her account of the enchanted years she and her family spent there, coming to know its folk as both patients and friends.In anecdotes that are by turns funny, sad, moving, and tragic, she recalls them all, the crofters and their laird, the boatmen and tradesmen, young lovers and forbidding churchmen. Against the old-fashioned island culture and the grandeur of mountain and sea unfold indelible stories: a young woman carried through snow for airlift to the hospital; a rescue by boat; the marriage of a gentle giant and the island beauty; a ghostly encounter; the shocking discovery of a woman in chains; the flames of a heather fire at night; an unexploded bomb from World War II; and the joyful, tipsy celebration of a ceilidh. Gaelic fortitude meets a nurse's compassion in these wonderful true stories from rural Scotland. ...more",https://books.toscrape.com/catalogue/call-the-nurse-true-stories-of-a-country-nurse-on-a-scottish-isle_885/index.html
5ceb951f629700a2,Burning,Young Adult,9,test,28.81,3,16,"After three years in juvie, Angela Davis is just a few months shy of release, and she'll finally be free from the hole that is Brunesfield Correctional Facility. Then Jessica arrives. Only ten years old and under the highest security possible, this girl has to be dangerous, even if no one knows what she did to land in juvie. As strange things begin happening to Angela and After three years in juvie, Angela Davis is just a few months shy of release, and she'll finally be free from the hole that is Brunesfield Correctional Facility. Then Jessica arrives. Only ten years old and under the highest security possible, this girl has to be dangerous, even if no one knows what she did to land in juvie. As strange things begin happening to Angela and her friends that can only be traced to the new girl's arrival, it becomes clear that Brunesfield is no longer safe. They must find a way to get out, but how can they save themselves when the world has forgotten them? ...more",https://books.toscrape.com/catalogue/burning_884/index.html
bdf415fd484ea8a7,"Bitch Planet, Vol. 1: Extraordinary Machine (Bitch Planet (Collected Editions))",Sequential Art,8,train,37.92,2,16,"Eisner Award-nominated writer Kelly Sue DeConnick (Pretty Deadly, Captain Marvel) and Valentine De Landro (X-Factor) team up to bring you the premiere volume of Bitch Planet, a deliciously vicious riff on women-in-prison sci-fi exploitation.In a future just a few years down the road in the wrong direction, a woman's failure to comply with her patriarchal overlords will res Eisner Award-nominated writer Kelly Sue DeConnick (Pretty Deadly, Captain Marvel) and Valentine De Landro (X-Factor) team up to bring you the premiere volume of Bitch Planet, a deliciously vicious riff on women-in-prison sci-fi exploitation.In a future just a few years down the road in the wrong direction, a woman's failure to comply with her patriarchal overlords will result in exile to the meanest penal planet in the galaxy. When the newest crop of fresh femmes arrive, can they work together to stay alive or will hidden agendas, crooked guards, and the deadliest sport on (or off!) Earth take them to their maker?Collects BITCH PLANET #1-5. ...more",https://books.toscrape.com/catalogue/bitch-planet-vol-1-extraordinary-machine-bitch-planet-collected-editions_882/index.html
6d5300b2d8f37e07,"Avatar: The Last Airbender: Smoke and Shadow, Part 3 (Smoke and Shadow #3)",Fantasy,1,train,28.09,2,16,"Children are disappearing in the Fire Nation capitol! Avatar Aang and his friends are doing everything in their power to save them - but will it be enough?!What's worse, when Azula - the mad sister of Fire Lord Zuko - appears on the scene, Zuko locks down the capitol to catch her, igniting fear and riots in the streets! Will Zuko follow in his evil father's footsteps in or Children are disappearing in the Fire Nation capitol! Avatar Aang and his friends are doing everything in their power to save them - but will it be enough?!What's worse, when Azula - the mad sister of Fire Lord Zuko - appears on the scene, Zuko locks down the capitol to catch her, igniting fear and riots in the streets! Will Zuko follow in his evil father's footsteps in order to save those he holds dear?!Written and drawn by the creative team behind the best-selling The Promise, The Search and The Rift, Gene Luen Yang and Gurihiru, in collaboration with Avatar: The Last Airbender and Legend of Korra creators Michael Dante DiMartino and Bryan Konietzko, this is the ultimate continuation of Avatar and the perfect companion to Legend of Korra! ...more",https://books.toscrape.com/catalogue/avatar-the-last-airbender-smoke-and-shadow-part-3-smoke-and-shadow-3_881/index.html
f733e8c19d40ec2e,A Murder in Time,Mystery,5,train,16.64,1,16,"Beautiful and brilliant, Kendra Donovan is a rising star at the FBI. Yet her path to professional success hits a speed bump during a disastrous raid where half her team is murdered, a mole in the FBI is uncovered and she herself is severely wounded. As soon as she recovers, she goes rogue and travels to England to assassinate the man responsible for the deaths of her teamm Beautiful and brilliant, Kendra Donovan is a rising star at the FBI. Yet her path to professional success hits a speed bump during a disastrous raid where half her team is murdered, a mole in the FBI is uncovered and she herself is severely wounded. As soon as she recovers, she goes rogue and travels to England to assassinate the man responsible for the deaths of her teammates.While fleeing from an unexpected assassin herself, Kendra escapes into a stairwell that promises sanctuary but when she stumbles out again, she is in the same place - Aldrich Castle - but in a different time: 1815, to be exact.Mistaken for a lady's maid hired to help with weekend guests, Kendra is forced to quickly adapt to the time period until she can figure out how she got there; and, more importantly, how to get back home. However, after the body of a young girl is found on the extensive grounds of the county estate, she starts to feel there's some purpose to her bizarre circumstances. Stripped of her twenty-first century tools, Kendra must use her wits alone in order to unmask a cunning madman. ...more",https://books.toscrape.com/catalogue/a-murder-in-time_877/index.html
38d45839cb1c83c1,Algorithms to Live By: The Computer Science of Human Decisions,Nonfiction,6,train,30.81,1,16,"A fascinating exploration of how insights from computer algorithms can be applied to our everyday lives, helping to solve common decision-making problems and illuminate the workings of the human mindAll our lives are constrained by limited space and time, limits that give rise to a particular set of problems. What should we do, or leave undone, in a day or a lifetime? How A fascinating exploration of how insights from computer algorithms can be applied to our everyday lives, helping to solve common decision-making problems and illuminate the workings of the human mindAll our lives are constrained by limited space and time, limits that give rise to a particular set of problems. What should we do, or leave undone, in a day or a lifetime? How much messiness should we accept? What balance of new activities and familiar favorites is the most fulfilling? These may seem like uniquely human quandaries, but they are not: computers, too, face the same constraints, so computer scientists have been grappling with their version of such issues for decades. And the solutions they've found have much to teach us.In a dazzlingly interdisciplinary work, acclaimed author Brian Christian and cognitive scientist Tom Griffiths show how the algorithms used by computers can also untangle very human questions. They explain how to have better hunches and when to leave things to chance, how to deal with overwhelming choices and how best to connect with others. From finding a spouse to finding a parking spot, from organizing one's inbox to understanding the workings of memory, Algorithms to Live By transforms the wisdom of computer science into strategies for human living. ...more",https://books.toscrape.com/catalogue/algorithms-to-live-by-the-computer-science-of-human-decisions_880/index.html
3a6fb983e2554023,A Flight of Arrows (The Pathfinders #2),Historical Fiction,4,train,55.53,5,16,"October 1776--August 1777It is said that what a man sows he will reap--and for such a harvest there is no set season. No one connected to Reginald Aubrey is untouched by the crime he committed twenty years ago. Not William, the Oneida child Reginald stole and raised as his own. Identity shattered, enlisted in the British army, William trains with Loyalist refugees eager to October 1776--August 1777It is said that what a man sows he will reap--and for such a harvest there is no set season. No one connected to Reginald Aubrey is untouched by the crime he committed twenty years ago. Not William, the Oneida child Reginald stole and raised as his own. Identity shattered, enlisted in the British army, William trains with Loyalist refugees eager to annihilate the rebels who forced them into exile. Coming to terms with who and what he is proves impossible, but if he breaks his Loyalist oath, he'll be no better than the man who constructed his life of lies.Not Anna, Reginald's adopted daughter, nor Two Hawks, William's twin, both who long for Reginald to accept their love despite the challenges they will face, building a marriage that bridges two cultures. Not Good Voice and Stone Thrower, freed of bitterness by a courageous act of forgiveness, but still yearning for their firstborn son and fearful for the future of their Oneida people.As the British prepare to attack frontier New York and Patriot regiments rally to defend it, two families separated by culture, united by love, will do all in their power to reclaim the son marching toward them in the ranks of their enemies. ...more",https://books.toscrape.com/catalogue/a-flight-of-arrows-the-pathfinders-2_876/index.html
01d2001ac1e6f8a3,A Court of Thorns and Roses (A Court of Thorns and Roses #1),Fantasy,1,test,52.37,1,16,"A thrilling, seductive new series from New York Times bestselling author Sarah J. Maas, blending Beauty and the Beast with faerie lore.When nineteen-year-old huntress Feyre kills a wolf in the woods, a beast-like creature arrives to demand retribution for it. Dragged to a treacherous magical land she only knows about from legends, Feyre discovers that her captor is not an A thrilling, seductive new series from New York Times bestselling author Sarah J. Maas, blending Beauty and the Beast with faerie lore.When nineteen-year-old huntress Feyre kills a wolf in the woods, a beast-like creature arrives to demand retribution for it. Dragged to a treacherous magical land she only knows about from legends, Feyre discovers that her captor is not an animal, but Tamlin—one of the lethal, immortal faeries who once ruled their world.As she dwells on his estate, her feelings for Tamlin transform from icy hostility into a fiery passion that burns through every lie and warning she's been told about the beautiful, dangerous world of the Fae. But an ancient, wicked shadow grows over the faerie lands, and Feyre must find a way to stop it... or doom Tamlin—and his world—forever.Perfect for fans of Kristin Cashore and George R. R. Martin, this first book in a sexy and action-packed new series is impossible to put down! ...more",https://books.toscrape.com/catalogue/a-court-of-thorns-and-roses-a-court-of-thorns-and-roses-1_874/index.html
842790dfaa937484,A Fierce and Subtle Poison,Young Adult,9,train,28.13,4,16,"Everyone knows the legends about the cursed girl--Isabel, the one the señoras whisper about. They say she has green skin and grass for hair, and she feeds on the poisonous plants that fill her family’s Caribbean island garden. Some say she can grant wishes; some say her touch can kill.Seventeen-year-old Lucas lives on the mainland most of the year but spends summers with h Everyone knows the legends about the cursed girl--Isabel, the one the señoras whisper about. They say she has green skin and grass for hair, and she feeds on the poisonous plants that fill her family’s Caribbean island garden. Some say she can grant wishes; some say her touch can kill.Seventeen-year-old Lucas lives on the mainland most of the year but spends summers with his hotel-developer father in Puerto Rico. He’s grown up hearing stories about the cursed girl, and he wants to believe in Isabel and her magic. When letters from Isabel begin mysteriously appearing in his room the same day his new girlfriend disappears, Lucas turns to Isabel for answers--and finds himself lured into her strange and enchanted world. But time is running out for the girl filled with poison, and the more entangled Lucas becomes with Isabel, the less certain he is of escaping with his own life. ...more",https://books.toscrape.com/catalogue/a-fierce-and-subtle-poison_875/index.html
b8736690cf263a3c,Tuesday Nights in 1980,Fiction,2,train,21.04,2,15,"“In one sentence, Ms. Prentiss captures a sense of intoxication and possibility that six seasons of voice-overs from Sarah Jessica Parker never could…Ms. Prentiss concludes her novel on a note that’s both ethereal and brutally realistic. She cauterizes wounds, but they’re still visible and bare. But for her characters—for this promising author—it’s enough.” —The New York T “In one sentence, Ms. Prentiss captures a sense of intoxication and possibility that six seasons of voice-overs from Sarah Jessica Parker never could…Ms. Prentiss concludes her novel on a note that’s both ethereal and brutally realistic. She cauterizes wounds, but they’re still visible and bare. But for her characters—for this promising author—it’s enough.” —The New York Times“An intoxicating Manhattan fairy tale…As affecting as it is absorbing. A thrilling debut.” —Kirkus Reviews (starred review) “A vital, sensuous, edgy, and suspenseful tale of longing, rage, fear, compulsion, and love.” —Booklist (starred review) An intoxicating and transcendent debut novel that follows a critic, an artist, and a desirous, determined young woman as they find their way—and ultimately collide—amid the ever-evolving New York City art scene of the 1980s.Welcome to SoHo at the onset of the eighties: a gritty, not-yet-gentrified playground for artists and writers looking to make it in the big city. Among them: James Bennett, a synesthetic art critic for The New York Times whose unlikely condition enables him to describe art in profound, magical ways, and Raul Engales, an exiled Argentinian painter running from his past and the Dirty War that has enveloped his country. As the two men ascend in the downtown arts scene, dual tragedies strike, and each is faced with a loss that acutely affects his relationship to life and to art. It is not until they are inadvertently brought together by Lucy Olliason—a small town beauty and Raul’s muse—and a young orphan boy sent mysteriously from Buenos Aires, that James and Raul are able to rediscover some semblance of what they’ve lost.As inventive as Jennifer Egan's A Visit From The Goon Squad and as sweeping as Meg Wolitzer's The Interestings, Tuesday Nights in 1980 boldly renders a complex moment when the meaning and nature of art is being all but upended, and New York City as a whole is reinventing itself. In risk-taking prose that is as powerful as it is playful, Molly Prentiss deftly explores the need for beauty, community, creation, and love in an ever-changing urban landscape. ...more",https://books.toscrape.com/catalogue/tuesday-nights-in-1980_870/index.html
590a9cccf7db9f7d,Throne of Glass (Throne of Glass #1),Fantasy,1,train,35.07,3,15,"An alternate cover edition can be found here.After serving out a year of hard labor in the salt mines of Endovier for her crimes, 18-year-old assassin Celaena Sardothien is dragged before the Crown Prince. Prince Dorian offers her her freedom on one condition: she must act as his champion in a competition to find a new royal assassin.Her opponents are men-thieves and assas An alternate cover edition can be found here.After serving out a year of hard labor in the salt mines of Endovier for her crimes, 18-year-old assassin Celaena Sardothien is dragged before the Crown Prince. Prince Dorian offers her her freedom on one condition: she must act as his champion in a competition to find a new royal assassin.Her opponents are men-thieves and assassins and warriors from across the empire, each sponsored by a member of the king's council. If she beats her opponents in a series of eliminations, she'll serve the kingdom for four years and then be granted her freedom. Celaena finds her training sessions with the captain of the guard, Westfall, challenging and exhilirating. But she's bored stiff by court life. Things get a little more interesting when the prince starts to show interest in her... but it's the gruff Captain Westfall who seems to understand her best.Then one of the other contestants turns up dead... quickly followed by another. Can Celaena figure out who the killer is before she becomes a victim? As the young assassin investigates, her search leads her to discover a greater destiny than she could possibly have imagined. ...more",https://books.toscrape.com/catalogue/throne-of-glass-throne-of-glass-1_868/index.html
37c0cb19713d8dda,The White Cat and the Monk: A Retelling of the Poem “Pangur Bán”,Childrens,0,train,58.08,4,15,"A monk leads a simple life. He studies his books late into the evening and searches for truth in their pages. His cat, Pangur, leads a simple life, too, chasing prey in the darkness. As night turns to dawn, Pangur leads his companion to the truth he has been seeking.The White Cat and the Monk is a retelling of the classic Old Irish poem “Pangur Bán.” With Jo Ellen Bogart’s A monk leads a simple life. He studies his books late into the evening and searches for truth in their pages. His cat, Pangur, leads a simple life, too, chasing prey in the darkness. As night turns to dawn, Pangur leads his companion to the truth he has been seeking.The White Cat and the Monk is a retelling of the classic Old Irish poem “Pangur Bán.” With Jo Ellen Bogart’s simple and elegant narration and Sydney Smith’s classically inspired images, this contemplative story pays tribute to the wisdom of animals and the wonders of the natural world. ...more",https://books.toscrape.com/catalogue/the-white-cat-and-the-monk-a-retelling-of-the-poem-pangur-ban_865/index.html
623e1a180426039b,The Wedding Dress,Romance,7,train,24.12,1,15,"Four brides. One Dress.A tale of faith, redemption, and timeless love.Charlotte owns a chic Birmingham bridal boutique. Dressing brides for their big day is her gift . . . and her passion. But with her own wedding day approaching, why can't she find the perfect dress...or feel certain she should marry Tim?Then Charlotte discovers a vintage dress in a battered trunk at an e Four brides. One Dress.A tale of faith, redemption, and timeless love.Charlotte owns a chic Birmingham bridal boutique. Dressing brides for their big day is her gift . . . and her passion. But with her own wedding day approaching, why can't she find the perfect dress...or feel certain she should marry Tim?Then Charlotte discovers a vintage dress in a battered trunk at an estate sale. It looks brand-new-shimmering with pearls and satin, hand-stitched and timeless in its design. But where did it come from? Who wore it? Who welded the lock shut and tucked the dog tags in that little sachet? Who left it in the basement for a ten-year-old girl? And what about the mysterious man in the purple vest who insists the dress had been ""redeemed.""Charlotte's search for the gown's history-and its new bride-begins as a distraction from her sputtering love life. But it takes on a life of its own as she comes to know the women who have worn the dress. Emily from 1912. Mary Grace from 1939. Hillary from 1968. Each with her own story of promise, pain, and destiny. And each with something unique to share. For woven within the threads of the beautiful hundred-year-old gown is the truth about Charlotte's heritage, the power of courage and faith, and the timeless beauty of finding true love. ...more",https://books.toscrape.com/catalogue/the-wedding-dress_864/index.html
fd3a622648667296,The Vacationers,Fiction,2,train,42.15,4,15,"An irresistible, deftly observed novel about the secrets, joys, and jealousies that rise to the surface over the course of an American family’s two-week stay in Mallorca. For the Posts, a two-week trip to the Balearic island of Mallorca with their extended family and friends is a celebration: Franny and Jim are observing their thirty-fifth wedding anniversary, and their da An irresistible, deftly observed novel about the secrets, joys, and jealousies that rise to the surface over the course of an American family’s two-week stay in Mallorca. For the Posts, a two-week trip to the Balearic island of Mallorca with their extended family and friends is a celebration: Franny and Jim are observing their thirty-fifth wedding anniversary, and their daughter, Sylvia, has graduated from high school. The sunlit island, its mountains and beaches, its tapas and tennis courts, also promise an escape from the tensions simmering at home in Manhattan. But all does not go according to plan: over the course of the vacation, secrets come to light, old and new humiliations are experienced, childhood rivalries resurface, and ancient wounds are exacerbated. This is a story of the sides of ourselves that we choose to show and those we try to conceal, of the ways we tear each other down and build each other up again, and the bonds that ultimately hold us together. With wry humor and tremendous heart, Emma Straub delivers a richly satisfying story of a family in the midst of a maelstrom of change, emerging irrevocably altered yet whole. ...more",https://books.toscrape.com/catalogue/the-vacationers_863/index.html
0651062381f0636a,The Regional Office Is Under Attack!,Fiction,2,test,51.36,5,15,"In a world beset by amassing forces of darkness, one organization—the Regional Office—and its coterie of super-powered female assassins protects the globe from annihilation. At its helm, the mysterious Oyemi and her oracles seek out new recruits and root out evil plots. Then a prophecy suggests that someone from inside might bring about its downfall. And now, the Regional In a world beset by amassing forces of darkness, one organization—the Regional Office—and its coterie of super-powered female assassins protects the globe from annihilation. At its helm, the mysterious Oyemi and her oracles seek out new recruits and root out evil plots. Then a prophecy suggests that someone from inside might bring about its downfall. And now, the Regional Office is under attack.   Recruited by a defector from within, Rose is a young assassin leading the attack, eager to stretch into her powers and prove herself on her first mission. Defending the Regional Office is Sarah—who may or may not have a mechanical arm—fiercely devoted to the organization that took her in as a young woman in the wake of her mother’s sudden disappearance. On the day that the Regional Office is attacked, Rose’s and Sarah’s stories will overlap, their lives will collide, and the world as they know it just might end. ...more",https://books.toscrape.com/catalogue/the-regional-office-is-under-attack_858/index.html
d6361d16212664ed,The Shadow Hero (The Shadow Hero),Sequential Art,8,train,33.14,1,15,"A VIBRANT HOMAGE TO A CLASSIC COMIC FROM TWO MASTERS OF THE MODERN GRAPHIC NOVEL. The Shadow Hero is based on golden-age comic series The Green Turtle, whose hero solved crimes and fought injustice just like any other comics hero. But this mysterious masked crusader was hiding more than your run-of-the-mill secret identity...The Green Turtle was the first Asian American su A VIBRANT HOMAGE TO A CLASSIC COMIC FROM TWO MASTERS OF THE MODERN GRAPHIC NOVEL. The Shadow Hero is based on golden-age comic series The Green Turtle, whose hero solved crimes and fought injustice just like any other comics hero. But this mysterious masked crusader was hiding more than your run-of-the-mill secret identity...The Green Turtle was the first Asian American superhero.Now, exactly seventy years later, New York Times-bestselling author Gene Luen Yang has revived this nearly forgotten, pioneering character in a new graphic novel that creates an origin story for the golden-age Green Turtle. With artwork by the unmatched Sonny Liew, this hilarious and insightful graphic novel about heroism and heritage is also a loving tribute to the long, rich tradition of American superhero comics. ...more",https://books.toscrape.com/catalogue/the-shadow-hero-the-shadow-hero_860/index.html
e4c7f3487d17fd42,The Nerdy Nummies Cookbook: Sweet Treats for the Geek in All of Us,Food and Drink,3,train,37.34,5,15,"The long-awaited first cookbook from the creator and host of the Internet’s most popular baking show, Nerdy Nummies: a collection of Rosanna Pansino’s all-time favorite geeky recipes as well as sensational new recipes exclusive to this book.The Nerdy Nummies Cookbook is quirky, charming, and fun, featuring the recipes behind Rosanna Pansino’s celebrated, one-of-a-kind crea The long-awaited first cookbook from the creator and host of the Internet’s most popular baking show, Nerdy Nummies: a collection of Rosanna Pansino’s all-time favorite geeky recipes as well as sensational new recipes exclusive to this book.The Nerdy Nummies Cookbook is quirky, charming, and fun, featuring the recipes behind Rosanna Pansino’s celebrated, one-of-a-kind creations, as well as beautiful, mouthwatering photographs throughout. It is the perfect companion that you’ll turn to whenever you want to whip up a delicious treat and be entertained all at once. And best of all, these treats are as simple as they are fun to make! No need for costly tools or baking classes to create these marvelous delights yourself.The Nerdy Nummies Cookbook combines two things Rosanna loves: geek culture and baking. Her fondness for video games, science fiction, math, comics, and lots of other things considered “nerdy” have inspired every recipe in this book. You’ll find the recipes for many beloved fan favorites from the show, such as Apple Pi Pie, the Chocolate Chip Smart Cookie, and Volcano Cake; as well as many new geeky recipes, such as Dinosaur Fossil Cake, Moon Phase Macarons, and the Periodic Table of Cupcakes. The Nerdy Nummies Cookbook showcases Rosanna’s most original and popular creations, and each recipe includes easy-to-follow photo instructions and a stunning shot of the finished treat in all its geeky glory: a delicious confection sure to please the geek in all of us! ...more",https://books.toscrape.com/catalogue/the-nerdy-nummies-cookbook-sweet-treats-for-the-geek-in-all-of-us_853/index.html
8ec14b1576cb7cb5,The Power of Now: A Guide to Spiritual Enlightenment,Nonfiction,6,test,43.54,2,15,"Ekhart Tolle's message is simple: living in the now is the truest path to happiness and enlightenment. And while this message may not seem stunningly original or fresh, Tolle's clear writing, supportive voice and enthusiasm make this an excellent manual for anyone who's ever wondered what exactly ""living in the now"" means. Foremost, Tolle is a world-class teacher, able to Ekhart Tolle's message is simple: living in the now is the truest path to happiness and enlightenment. And while this message may not seem stunningly original or fresh, Tolle's clear writing, supportive voice and enthusiasm make this an excellent manual for anyone who's ever wondered what exactly ""living in the now"" means. Foremost, Tolle is a world-class teacher, able to explain complicated concepts in concrete language. More importantly, within a chapter of reading this book, readers are already holding the world in a different container--more conscious of how thoughts and emotions get in the way of their ability to live in genuine peace and happiness.Tolle packs a lot of information and inspirational ideas into The Power of Now. (Topics include the source of Chi, enlightened relationships, creative use of the mind, impermanence and the cycle of life.) Thankfully, he's added markers that symbolise ""break time"". This is when readers should close the book and mull over what they just read. As a result, The Power of Now reads like the highly acclaimed A Course in Miracles--a spiritual guidebook that has the potential to inspire just as many study groups and change just as many lives for the better. --Gail Hudson ...more",https://books.toscrape.com/catalogue/the-power-of-now-a-guide-to-spiritual-enlightenment_855/index.html
209adad1015af86f,The Omnivore's Dilemma: A Natural History of Four Meals,Nonfiction,6,train,38.21,2,15,"What should we have for dinner?"" To one degree or another this simple question assails any creature faced with a wide choice of things to eat. Anthropologists call it the omnivore's dilemma. Choosing from among the countless potential foods nature offers, humans have had to learn what is safe, and what isn't—which mushrooms should be avoided, for example, and which berries What should we have for dinner?"" To one degree or another this simple question assails any creature faced with a wide choice of things to eat. Anthropologists call it the omnivore's dilemma. Choosing from among the countless potential foods nature offers, humans have had to learn what is safe, and what isn't—which mushrooms should be avoided, for example, and which berries we can enjoy. Today, as America confronts what can only be described as a national eating disorder, the omnivore's dilemma has returned with an atavistic vengeance. The cornucopia of the modern American supermarket and fast-food outlet has thrown us back on a bewildering landscape where we once again have to worry about which of those tasty-looking morsels might kill us. At the same time we're realizing that our food choices also have profound implications for the health of our environment. The Omnivore's Dilemma is bestselling author Michael Pollan's brilliant and eye-opening exploration of these little-known but vitally important dimensions of eating in America. Pollan has divided The Omnivore's Dilemma into three parts, one for each of the food chains that sustain us: industrialized food, alternative or ""organic"" food, and food people obtain by dint of their own hunting, gathering, or gardening. Pollan follows each food chain literally from the ground up to the table, emphasizing our dynamic coevolutionary relationship with the species we depend on. He concludes each section by sitting down to a meal—at McDonald's, at home with his family sharing a dinner from Whole Foods, and in a revolutionary ""beyond organic"" farm in Virginia. For each meal he traces the provenance of everything consumed, revealing the hidden components we unwittingly ingest and explaining how our taste for particular foods reflects our environmental and biological inheritance. We are indeed what we eat-and what we eat remakes the world. A society of voracious and increasingly confused omnivores, we are just beginning to recognize the profound consequences of the simplest everyday food choices, both for ourselves and for the natural world. The Omnivore's Dilemma is a long-overdue book and one that will become known for bringing a completely fresh perspective to a question as ordinary and yet momentous as What shall we have for dinner?A few facts and figures from The Omnivore's Dilemma:Of the 38 ingredients it takes to make a McNugget, there are at least 13 that are derived from corn. 45 different menu items at Mcdonald’s are made from corn. One in every three American children eats fast food every day. One in every five American meals today is eaten in the car. The food industry burns nearly a fifth of all the petroleum consumed in the United States—more than we burn with our cars and more than any other industry consumes. It takes ten calories of fossil fuel energy to deliver one calorie of food energy to an American plate. A single strawberry contains about five calories. To get that strawberry from a field in California to a plate on the east coast requires 435 calories of energy. Industrial fertilizer and industrial pesticides both owe their existence to the conversion of the World War II munitions industry to civilian uses—nerve gases became pesticides, and ammonium nitrate explosives became nitrogen fertilizers. ... ...more",https://books.toscrape.com/catalogue/the-omnivores-dilemma-a-natural-history-of-four-meals_854/index.html
c7b5183f4d1d4efe,The Murder of Roger Ackroyd (Hercule Poirot #4),Mystery,5,train,44.1,4,15,"In the village of King's Abbot, a widow's sudden suicide sparks rumors that she murdered her first husband, was being blackmailed, and was carrying on a secret affair with the wealthy Roger Ackroyd. The following evening, Ackroyd is murdered in his locked study--but not before receiving a letter identifying the widow's blackmailer. King's Abbot is crawling with suspects, i In the village of King's Abbot, a widow's sudden suicide sparks rumors that she murdered her first husband, was being blackmailed, and was carrying on a secret affair with the wealthy Roger Ackroyd. The following evening, Ackroyd is murdered in his locked study--but not before receiving a letter identifying the widow's blackmailer. King's Abbot is crawling with suspects, including a nervous butler, Ackroyd's wayward stepson, and his sister-in-law, Mrs. Cecil Ackroyd, who has taken up residence in the victim's home. It's now up to the famous detective Hercule Poirot, who has retired to King's Abbot to garden, to solve the case of who killed Roger Ackroyd--a task in which he is aided by the village doctor and narrator, James Sheppard, and by Sheppard's ingenious sister, Caroline.The Murder of Roger Ackroyd is the book that made Agatha Christie a household name and launched her career as a perennial bestseller. Originally published in 1926, it is a landmark in the mystery genre. It was in the vanguard of a new class of popular detective fiction that ushered in the modern era of mystery novels. ...more",https://books.toscrape.com/catalogue/the-murder-of-roger-ackroyd-hercule-poirot-4_852/index.html
e28e330cbdf01126,The Love and Lemons Cookbook: An Apple-to-Zucchini Celebration of Impromptu Cooking,Food and Drink,3,test,37.6,2,15,"Sometimes all you need is a little spark of inspiration to change up your regular cooking routine. TheLove & Lemons Cookbookfeatures more than one hundred simple recipes that help you turn your farmers market finds into delicious meals. The belovedLove & Lemonsblog has attracted buzz from everyone from bestselling author Heidi Swanson toSaveurMagazine, who awarded Sometimes all you need is a little spark of inspiration to change up your regular cooking routine. The Love & Lemons Cookbook features more than one hundred simple recipes that help you turn your farmers market finds into delicious meals.    The beloved Love & Lemons blog has attracted buzz from everyone from bestselling author Heidi Swanson to Saveur Magazine, who awarded the blog Best Cooking Blog of 2014.    Organized by ingredient, The Love & Lemons Cookbook teaches readers how to make beautiful food with what’s on hand, whether it’s a bunch of rainbow-colored heirloom carrots from the farmers market or a four-pound cauliflower that just shows up in a CSA box. The book also features resources to show readers how to stock their pantry, gluten-free and vegan options for many of the recipes, as well as ideas on mixing and matching ingredients, so that readers always have something new to try.Stunningly designed and efficiently organized, The Love & Lemons Cookbook is a resource that you will use again and again. ...more",https://books.toscrape.com/catalogue/the-love-and-lemons-cookbook-an-apple-to-zucchini-celebration-of-impromptu-cooking_849/index.html
9287e238d7c3b06e,The House by the Lake,Historical Fiction,4,train,36.95,1,15,"Anna is content with her well-ordered life in San Francisco. But her world is turned upside down when her beloved grandfather, Max, reveals a startling secret: Anna is part of an aristocratic family who lost everything during World War II. What’s more, Max was forced to leave behind a precious item over seventy years ago in their estate in old Prussia. It’s now his ardent Anna is content with her well-ordered life in San Francisco. But her world is turned upside down when her beloved grandfather, Max, reveals a startling secret: Anna is part of an aristocratic family who lost everything during World War II. What’s more, Max was forced to leave behind a precious item over seventy years ago in their estate in old Prussia. It’s now his ardent wish that Anna retrieve it.Anna burns with questions as she heads for Germany: What memento could be so important to her grandfather? And why did he keep their history hidden? As she searches for answers, she finds herself drawn to Wil, a man who may hold the key to unlock the mystery. Together they discover that her family’s secrets are linked with an abandoned apartment in Paris, and these secrets go deeper than she ever imagined.Alternating between 1930s Europe and the present, The House by the Lake illuminates the destiny of a family caught in the tumult of history. ...more",https://books.toscrape.com/catalogue/the-house-by-the-lake_846/index.html
2dbb7ec08cdd7f3c,The Glittering Court (The Glittering Court #1),Fantasy,1,test,44.28,1,15,"Big and sweeping, spanning from the refined palaces of Osfrid to the gold dust and untamed forests of Adoria, The Glittering Court tells the story of Adelaide, an Osfridian countess who poses as her servant to escape an arranged marriage and start a new life in Adoria, the New World. But to do that, she must join the Glittering Court.Both a school and a business venture, t Big and sweeping, spanning from the refined palaces of Osfrid to the gold dust and untamed forests of Adoria, The Glittering Court tells the story of Adelaide, an Osfridian countess who poses as her servant to escape an arranged marriage and start a new life in Adoria, the New World. But to do that, she must join the Glittering Court.Both a school and a business venture, the Glittering Court is designed to transform impoverished girls into upper-class ladies who appear destined for powerful and wealthy marriages in the New World. Adelaide naturally excels in her training, and even makes a few friends: the fiery former laundress Tamsin and the beautiful Sirminican refugee Mira. She manages to keep her true identity hidden from all but one: the intriguing Cedric Thorn, son of the wealthy proprietor of the Glittering Court.When Adelaide discovers that Cedric is hiding a dangerous secret of his own, together they hatch a scheme to make the best of Adelaide’s deception. Complications soon arise—first as they cross the treacherous seas from Osfrid to Adoria, and then when Adelaide catches the attention of a powerful governor.But no complication will prove quite as daunting as the potent attraction simmering between Adelaide and Cedric. An attraction that, if acted on, would scandalize the Glittering Court and make them both outcasts in wild, vastly uncharted lands… ...more",https://books.toscrape.com/catalogue/the-glittering-court-the-glittering-court-1_845/index.html
42d0d7c92b75fc1c,The Genius of Birds,Nonfiction,6,train,17.24,1,15,"Birds are astonishingly intelligent creatures. In fact, according to revolutionary new research, some birds rival primates and even humans in their remarkable forms of intelligence. Like humans, many birds have enormous brains relative to their size. Although small, bird brains are packed with neurons that allow them to punch well above their weight. InThe Genius of Birds, Birds are astonishingly intelligent creatures. In fact, according to revolutionary new research, some birds rival primates and even humans in their remarkable forms of intelligence.  Like humans, many birds have enormous brains relative to their size. Although small, bird brains are packed with neurons that allow them to punch well above their weight. In The Genius of Birds, acclaimed author Jennifer Ackerman explores the newly discovered brilliance of birds and how it came about. As she travels around the world to the most cutting-edge frontiers of research— the distant laboratories of Barbados and New Caledonia, the great tit communities of the United Kingdom and the bowerbird habitats of Australia, the ravaged mid-Atlantic coast after Hurricane Sandy and the warming mountains of central Virginia and the western states—Ackerman not only tells the story of the recently uncovered genius of birds but also delves deeply into the latest findings about the bird brain itself that are revolutionizing our view of what it means to be intelligent.Consider, as Ackerman does, the Clark’s nutcracker, a bird that can hide as many as 30,000 seeds over dozens of square miles and remember where it put them several months later; the mockingbirds and thrashers, species that can store 200 to 2,000 different songs in a brain a thousand times smaller than ours; the well-known pigeon, which knows where it’s going, even thousands of miles from familiar territory; and the New Caledonian crow, an impressive bird that makes its own tools. But beyond highlighting how birds use their unique genius in technical ways, Ackerman points out the impressive social smarts of birds. They deceive and manipulate. They eavesdrop. They display a strong sense of fairness. They give gifts. They play keep-away and tug-of-war. They tease. They share. They cultivate social networks. They vie for status. They kiss to console one another. They teach their young. They blackmail their parents. They alert one another to danger. They summon witnesses to the death of a peer. They may even grieve. This elegant scientific investigation and travelogue weaves personal anecdotes with fascinating science. Ackerman delivers an extraordinary story that will both give readers a new appreciation for the exceptional talents of birds and let them discover what birds can reveal about our changing world. Incredibly informative and beautifully written, The Genius of Birds richly celebrates the triumphs of these surprising and fiercely intelligent creatures. ...more",https://books.toscrape.com/catalogue/the-genius-of-birds_843/index.html
96a38e7c813d8f1d,The Cookies & Cups Cookbook: 125+ sweet & savory recipes reminding you to Always Eat Dessert First,Food and Drink,3,train,41.25,1,15,"Wildly popular Cookies & Cups blogger Shelly Jaronsky’s eagerly anticipated cookbook features all-new, mouth-watering, delectable sweet treats 100% guaranteed to make you want to eat dessert first.Shelly Jaronsky has a problem. She’s an addict. Of the buttercream variety.“Chronicling my life in sugar” has been Shelly’s motto since the inception of her insanely frequent Wildly popular Cookies & Cups blogger Shelly Jaronsky’s eagerly anticipated cookbook features all-new, mouth-watering, delectable sweet treats 100% guaranteed to make you want to eat dessert first.Shelly Jaronsky has a problem. She’s an addict. Of the buttercream variety.“Chronicling my life in sugar” has been Shelly’s motto since the inception of her insanely frequented dessert blog, Cookies & Cups. With recipes ranging from the deliciously decadent (her S’mores Fudge Bars will make you seriously reconsider everything you thought you knew about baked goods) to the deceptively simple (her Favorite Chocolate Chip Cookie will become an instant staple in your baking repertoire), The Cookies & Cups Cookbook truly has something for everyone, from the cooking novice to the seasoned chef.Now you can bring Shelly’s signature style into your own kitchen with more than 125 no-fail recipes, including some reader-approved favorites and a special bonus section dedicated to the quick and savory side of cooking. Authored in the witty, intimate style of the blog that draws more than three million monthly page views and a social following of more than seven hundred thousand fans, The Cookies & Cups Cookbook is the go-to source for all things flavorful, accessible, and irresistibly tasty. ...more",https://books.toscrape.com/catalogue/the-cookies-cups-cookbook-125-sweet-savory-recipes-reminding-you-to-always-eat-dessert-first_841/index.html
dd047728de72ad62,The Artist's Way: A Spiritual Path to Higher Creativity,Nonfiction,6,test,38.49,5,15,"""Without The Artist's Way, there would have been no Eat, Pray, Love.” —Elizabeth GilbertThe Artist’s Way is the seminal book on the subject of creativity. An international bestseller, millions of readers have found it to be an invaluable guide to living the artist’s life. Still as vital today—or perhaps even more so—than it was when it was first published one decade ago, i ""Without The Artist's Way, there would have been no Eat, Pray, Love.” —Elizabeth GilbertThe Artist’s Way is the seminal book on the subject of creativity. An international bestseller, millions of readers have found it to be an invaluable guide to living the artist’s life. Still as vital today—or perhaps even more so—than it was when it was first published one decade ago, it is a powerfully provocative and inspiring work. In a new introduction to the book, Julia Cameron reflects upon the impact of The Artist’s Way and describes the work she has done during the last decade and the new insights into the creative process that she has gained. Updated and expanded, this anniversary edition reframes The Artist’s Way for a new century. ...more",https://books.toscrape.com/catalogue/the-artists-way-a-spiritual-path-to-higher-creativity_839/index.html
1b33663ad7b95fd8,So You've Been Publicly Shamed,Nonfiction,6,test,12.23,2,15,"For the past three years, Jon Ronson has traveled the world meeting recipients of high-profile public shamings. The shamed are people like us, people who, say, made a joke on social media that came out badly or made a mistake at work. Once the transgression is revealed, collective outrage circles with the force of a hurricane and the next thing they know, they're being tor For the past three years, Jon Ronson has traveled the world meeting recipients of high-profile public shamings. The shamed are people like us, people who, say, made a joke on social media that came out badly or made a mistake at work. Once the transgression is revealed, collective outrage circles with the force of a hurricane and the next thing they know, they're being torn apart by an angry mob, jeered at, demonized, sometimes even fired from their job.A great renaissance of public shaming is sweeping our land. Justice has been democratized. The silent majority are getting a voice, but what are we doing with our voice? We are mercilessly finding people's faults. We are defining the boundaries of normality by ruining the lives of those outside it. We are using shame as a form of social control.Simultaneously powerful and hilarious in the way only Jon Ronson can be, So You've Been Publicly Shamed is a deeply honest book about modern life, full of eye-opening truths about the escalating war on human flaws and the very scary part we all play in it. ...more",https://books.toscrape.com/catalogue/so-youve-been-publicly-shamed_832/index.html
203b7f94b7d6115f,Suddenly in Love (Lake Haven #1),Romance,7,train,55.99,2,15,"Mia Lassiter is thrilled to finally put her artistic skills to use working for her aunt’s interior design shop in her hometown of East Beach. While renovating an old mansion overlooking stunning Lake Haven, she encounters a scruffy but attractive man named Brennan—the owner’s son. She doesn’t realize this sexy recluse is actually Everett Alden, the world-famous rock star i Mia Lassiter is thrilled to finally put her artistic skills to use working for her aunt’s interior design shop in her hometown of East Beach. While renovating an old mansion overlooking stunning Lake Haven, she encounters a scruffy but attractive man named Brennan—the owner’s son. She doesn’t realize this sexy recluse is actually Everett Alden, the world-famous rock star in hiding who’s nursing his own artistic and personal crises.As their personalities clash, tension simmers between the struggling artist and jaded musician, and their time spent alone together in the gorgeous old house only serves to turn up the heat. Soon, Mia and Brennan’s creative passions boil over to inspire passions of another kind…But reality comes crashing in when Mia’s celeb-obsessed cousin discovers Brennan’s true identity—and reveals it to the world. As paparazzi swarm the mansion, Brennan is thrust back into his rock star lifestyle. Will Mia lose her soul mate just when she’s finally found him? Can their love survive the glaring spotlight? ...more",https://books.toscrape.com/catalogue/suddenly-in-love-lake-haven-1_835/index.html
ca71e72655bece85,Something More Than This,Romance,7,train,16.24,4,15,"Katy Lewis has it all: a sports reporting job she loves, a great roommate, and two brothers who, while nosy, always have her back. But when Conner Roberts, Katy’s unrequited first crush, suddenly shows up—and shows interest—after nine years, she reverts to a sweaty, panicked sixteen-year-old once more.And if trying to read Conner’s signals isn’t tough enough, Katy’s heart Katy Lewis has it all: a sports reporting job she loves, a great roommate, and two brothers who, while nosy, always have her back. But when Conner Roberts, Katy’s unrequited first crush, suddenly shows up—and shows interest—after nine years, she reverts to a sweaty, panicked sixteen-year-old once more.And if trying to read Conner’s signals isn’t tough enough, Katy’s heart is sending some mixed messages of its own. When a beautiful blonde coworker starts pursuing Katy’s boss, Dylan Sterling—her longtime mentor and friend—she realizes she may have a problem with that. A reunion with Conner is what she’s dreamed of for so long…so why can’t she stop thinking about Dylan?For the first time ever, Katy must fact-check her heart. Should she go after the guy she thought she always wanted or see if there’s something more with the one who’s been there all along? ...more",https://books.toscrape.com/catalogue/something-more-than-this_834/index.html
1c929cfd16b71907,Scarlett Epstein Hates It Here,Young Adult,9,train,43.55,5,15,"Meet Scarlett Epstein, BNF (Big Name Fan) in her online community of fanfiction writers, world-class nobody at Melville High. Her best (read: only) IRL friends are Avery, a painfully shy and annoyingly attractive bookworm, and Ruth, her weed-smoking, possibly insane seventy-three-year-old neighbor.When Scarlett’s beloved TV show is canceled and her longtime crush, Gideon, Meet Scarlett Epstein, BNF (Big Name Fan) in her online community of fanfiction writers, world-class nobody at Melville High. Her best (read: only) IRL friends are Avery, a painfully shy and annoyingly attractive bookworm, and Ruth, her weed-smoking, possibly insane seventy-three-year-old neighbor.When Scarlett’s beloved TV show is canceled and her longtime crush, Gideon, is sucked out of her orbit and into the dark and distant world of Populars, Scarlett turns to the fanfic message boards for comfort. This time, though, her subjects aren’t the swoon-worthy stars of her fave series—they’re the real-life kids from her high school. And if they ever find out what Scarlett truly thinks about them, she’ll be thrust into a situation far more dramatic than anything she’s ever seen on TV… ...more",https://books.toscrape.com/catalogue/scarlett-epstein-hates-it-here_828/index.html
50b8f80311b31ede,"Nightingale, Sing",Young Adult,9,train,38.28,1,15,"A teenage vigilante and a ruthless gangster compete to solve a trail of riddles and find a mythical flower. This powerful YA thriller is perfect for fans of The Raven Boys, Six of Crows, and The Conspiracy of Us.*******A STREETWISE VIGILANTEwho will do anything to cure her dying sisterA RUTHLESS GANGSTERon a grisly quest to attain immortalityA DESPERATE FATHERwho crossed o A teenage vigilante and a ruthless gangster compete to solve a trail of riddles and find a mythical flower. This powerful YA thriller is perfect for fans of The Raven Boys, Six of Crows, and The Conspiracy of Us.*******A STREETWISE VIGILANTEwho will do anything to cure her dying sisterA RUTHLESS GANGSTERon a grisly quest to attain immortalityA DESPERATE FATHERwho crossed oceans to free his enslaved sonA TRAIL OF RIDDLESand the mythical treasure they all seek:THE SERENGETI SAPPHIRE ...more",https://books.toscrape.com/catalogue/nightingale-sing_823/index.html
a40723994f715420,Mrs. Houdini,Historical Fiction,4,train,30.25,5,15,"A captivating debut novel, meticulously researched and beautifully imagined, about the passionate marriage of Harry and Bess Houdini—a love story that defied death itself.Before escape artist Harry Houdini died, he vowed he would find a way to speak to his beloved wife Bess from beyond the grave using a coded message known only to the two of them. When a widowed Bess begin A captivating debut novel, meticulously researched and beautifully imagined, about the passionate marriage of Harry and Bess Houdini—a love story that defied death itself.Before escape artist Harry Houdini died, he vowed he would find a way to speak to his beloved wife Bess from beyond the grave using a coded message known only to the two of them. When a widowed Bess begins seeing this code in seemingly impossible places, it becomes clear that Harry has an urgent message to convey. Unlocking the puzzle will set Bess on a course back through the pair’s extraordinary romance, which swept the illusionist and his bride from the beaches of Coney Island, to the palaces of Budapest, to the back lots of Hollywood. When the mystery finally leads Bess to the doorstep of a mysterious young photographer, she realizes that her husband’s magic may have been more than just illusion.In surprising turns that weave through the uncertain days of the dawn of the twentieth century and continue into the dazzling 1920s, Mrs. Houdini is a thrilling tale that will take you deep into the heart of one of history’s greatest love stories—asking what drives people to believe in something bigger than themselves—even as it reveals the famous magician’s most remarkable feat of all. ...more",https://books.toscrape.com/catalogue/mrs-houdini_821/index.html
4aa03792b50f0b22,Little Red,Childrens,0,train,13.47,3,15,"On her way to Grandmas house, Little Red Riding Hood meets a wolf. Now, that might scare some little girlsbut not this little girl! She knows just what the wolf is up to, and shes not going to let him get away with it. In this updated fairy tale with a mischievous twist, talented newcomer Bethan Woollvin uses sly humor, striking visuals, and a dark irreverence to turn a fa On her way to Grandmas house, Little Red Riding Hood meets a wolf. Now, that might scare some little girlsbut not this little girl! She knows just what the wolf is up to, and shes not going to let him get away with it. In this updated fairy tale with a mischievous twist, talented newcomer Bethan Woollvin uses sly humor, striking visuals, and a dark irreverence to turn a familiar tale on its head. ...more",https://books.toscrape.com/catalogue/little-red_817/index.html
ba54932df84e8cea,Library of Souls (Miss Peregrine’s Peculiar Children #3),Young Adult,9,train,48.56,5,15,"A boy with extraordinary powers. An army of deadly monsters. An epic battle for the future of peculiardom.The adventure that began with Miss Peregrine’s Home for Peculiar Children and continued in Hollow City comes to a thrilling conclusion with Library of Souls. As the story opens, sixteen-year-old Jacob discovers a powerful new ability, and soon he’s diving through histo A boy with extraordinary powers. An army of deadly monsters. An epic battle for the future of peculiardom.The adventure that began with Miss Peregrine’s Home for Peculiar Children and continued in Hollow City comes to a thrilling conclusion with Library of Souls. As the story opens, sixteen-year-old Jacob discovers a powerful new ability, and soon he’s diving through history to rescue his peculiar companions from a heavily guarded fortress. Accompanying Jacob on his journey are Emma Bloom, a girl with fire at her fingertips, and Addison MacHenry, a dog with a nose for sniffing out lost children.They’ll travel from modern-day London to the labyrinthine alleys of Devil’s Acre, the most wretched slum in all of Victorian England. It’s a place where the fate of peculiar children everywhere will be decided once and for all. Like its predecessors, Library of Souls blends thrilling fantasy with never-before-published vintage photography to create a one-of-a-kind reading experience. ...more",https://books.toscrape.com/catalogue/library-of-souls-miss-peregrines-peculiar-children-3_816/index.html
4ce91d31c1e57c33,Hollow City (Miss Peregrine’s Peculiar Children #2),Fantasy,1,train,42.98,1,15,"Miss Peregrine’s Home for Peculiar Childrenwas the surprise best seller of 2011—an unprecedented mix of YAfantasy and vintage photography that enthralled readers and critics alike. Publishers Weekly called it “anenjoyable, eccentric read, distinguished by well-developed characters, a believable Welsh setting, and somevery creepy monsters.”This second novel begins in 1940, Miss Peregrine’s Home for Peculiar Children was the surprise best seller of 2011—an unprecedented mix of YA fantasy and vintage photography that enthralled readers and critics alike. Publishers Weekly called it “an enjoyable, eccentric read, distinguished by well-developed characters, a believable Welsh setting, and some very creepy monsters.”This second novel begins in 1940, immediately after the first book ended. Having escaped Miss Peregrine’s island by the skin of their teeth, Jacob and his new friends must journey to London, the peculiar capital of the world. Along the way, they encounter new allies, a menagerie of peculiar animals, and other unexpected surprises.Complete with dozens of newly discovered (and thoroughly mesmerizing) vintage photographs, this new adventure will delight readers of all ages. ...more",https://books.toscrape.com/catalogue/hollow-city-miss-peregrines-peculiar-children-2_813/index.html
116a2fdc9a45bab0,Frostbite (Vampire Academy #2),Young Adult,9,train,29.99,5,15,"WHEN LOVE AND JEALOUSY COLLIDE ON THE SLOPES, WINTER BREAK TURNS DEADLY...Lissa Dragomir is a Moroi princess: a mortal vampire with a rare gift for harnessing the earth's magic. She must be protected at all times from Strigoi; the fiercest vampires - the ones who never die. The powerful blend of human and vampire blood that flows through Rose Hathaway, Lissa's best friend, WHEN LOVE AND JEALOUSY COLLIDE ON THE SLOPES, WINTER BREAK TURNS DEADLY...Lissa Dragomir is a Moroi princess: a mortal vampire with a rare gift for harnessing the earth's magic. She must be protected at all times from Strigoi; the fiercest vampires - the ones who never die. The powerful blend of human and vampire blood that flows through Rose Hathaway, Lissa's best friend, makes her a dhampir. Rose is dedicated to a dangerous life of protecting Lissa from the Strigoi, who are hell-bent on making Lissa one of them.Rose has serious guy trouble. Her gorgeous tutor, Dimitri, has his eye on someone else, her friend Mason has a huge crush on her, and she keeps getting stuck in her best friend Lissa's head while she's making out with her boyfriend, Christian.Then a nearby Strigoi attack puts St. Vladimir's on high alert, and the Academy whisks its students away on a mandatory holiday ski trip. But the glittering winter landscape and posh Idaho resort only provide the illusion of safety. When three students run away to strike back against the deadly Strigoi, Rose must join forces with Christian to rescue them. Only this time, Rose - and her heart - are in more danger than she ever could have imagined... ...more",https://books.toscrape.com/catalogue/frostbite-vampire-academy-2_810/index.html
edb3097e71330040,Finders Keepers (Bill Hodges Trilogy #2),Fiction,2,train,53.53,5,15,"A masterful, intensely suspenseful novel about a reader whose obsession with a reclusive writer goes far too far—a book about the power of storytelling, starring the same trio of unlikely and winning heroes King introduced in Mr. Mercedes“Wake up, genius.” So begins King’s instantly riveting story about a vengeful reader. The genius is John Rothstein, an iconic author who A masterful, intensely suspenseful novel about a reader whose obsession with a reclusive writer goes far too far—a book about the power of storytelling, starring the same trio of unlikely and winning heroes King introduced in Mr. Mercedes“Wake up, genius.” So begins King’s instantly riveting story about a vengeful reader. The genius is John Rothstein, an iconic author who created a famous character, Jimmy Gold, but who hasn’t published a book for decades. Morris Bellamy is livid, not just because Rothstein has stopped providing books, but because the nonconformist Jimmy Gold has sold out for a career in advertising. Morris kills Rothstein and empties his safe of cash, yes, but the real treasure is a trove of notebooks containing at least one more Gold novel.Morris hides the money and the notebooks, and then he is locked away for another crime. Decades later, a boy named Pete Saubers finds the treasure, and now it is Pete and his family that Bill Hodges, Holly Gibney, and Jerome Robinson must rescue from the ever-more deranged and vengeful Morris when he’s released from prison after thirty-five years.Not since Misery has King played with the notion of a reader whose obsession with a writer gets dangerous. Finders Keepers is spectacular, heart-pounding suspense, but it is also King writing about how literature shapes a life—for good, for bad, forever. ...more",https://books.toscrape.com/catalogue/finders-keepers-bill-hodges-trilogy-2_807/index.html
65d034adf80834b7,"Fables, Vol. 1: Legends in Exile (Fables #1)",Sequential Art,8,train,41.62,4,15,"When a savage creature known only as the Adversary conquered the fabled lands of legends and fairy tales, all of the infamous inhabitants of folklore were forced into exile. Disguised among the normal citizens of modern-day New York, these magical characters have created their own peaceful and secret society within an exclusive luxury apartment building called Fabletown. B When a savage creature known only as the Adversary conquered the fabled lands of legends and fairy tales, all of the infamous inhabitants of folklore were forced into exile. Disguised among the normal citizens of modern-day New York, these magical characters have created their own peaceful and secret society within an exclusive luxury apartment building called Fabletown. But when Snow White's party-girl sister, Rose Red, is apparently murdered, it is up to Fabletown's sheriff, a reformed and pardoned Big Bad Wolf (Bigby Wolf), to determine if the killer is Bluebeard, Rose's ex-lover and notorious wife killer, or Jack, her current live-in boyfriend and former beanstalk-climber.Collecting FABLES #1-5. ...more",https://books.toscrape.com/catalogue/fables-vol-1-legends-in-exile-fables-1_806/index.html
3a11bb962ff45b78,Doing It Over (Most Likely To #1),Romance,7,train,35.61,3,15,"Voted Most Likely to Succeed, Melanie Bartlett ended up anything but. The down-on-her-luck single mom wants a complete do-over—is that too much to ask? With her family long gone from River Bend, strong, independent Mel is as surprised as anyone to end up in the quaint small town she once called home. But with her friends, Jo and Zoe, by her side, and a comfortable room at Voted Most Likely to Succeed, Melanie Bartlett ended up anything but. The down-on-her-luck single mom wants a complete do-over—is that too much to ask? With her family long gone from River Bend, strong, independent Mel is as surprised as anyone to end up in the quaint small town she once called home. But with her friends, Jo and Zoe, by her side, and a comfortable room at Miss Gina’s quirky bed-and-breakfast, she just might have turned the corner on a new life.Wyatt Gibson never liked the big city. River Bend suits the ruggedly handsome builder just fine. Wyatt knows he’s home, even if that means being charmed by the appearance of Melanie and her spunky, adorable daughter. Is Wyatt’s calm devotion—even amid a coming storm—enough to convince Mel she may have found a home to call her own, a family that never leaves, and a true love to last a lifetime? ...more",https://books.toscrape.com/catalogue/doing-it-over-most-likely-to-1_802/index.html
46c1530d7546ea6d,"Deliciously Ella Every Day: Quick and Easy Recipes for Gluten-Free Snacks, Packed Lunches, and Simple Meals",Food and Drink,3,train,42.16,3,15,"Delicious plant-based, gluten-free recipes and lifestyle tips for packed lunches, snacks, and simple meals that are easy and accessible to everyone—from the author of the international bestseller Deliciously Ella.It’s easy to be healthy until you get hungry. Making healthy eating sustainable is about two things. One: it’s got to be doable in the context of a time starved l Delicious plant-based, gluten-free recipes and lifestyle tips for packed lunches, snacks, and simple meals that are easy and accessible to everyone—from the author of the international bestseller Deliciously Ella.It’s easy to be healthy until you get hungry. Making healthy eating sustainable is about two things. One: it’s got to be doable in the context of a time starved life. Two: it’s got to be delicious. Ella Woodward’s newest cookbook Deliciously Ella Every Day offers fantastically appealing and quick recipes for breakfasts, packed lunches, snacks on the go, and stress-free meals.The book is packed with more than 100 simple yet irresistible plant-based, dairy-free, and gluten-free recipes. Be inspired by Ella’s quick weekday dinners, amazingly colorful salads, and incredible ideas for meals and snacks on the go. Favorites include the insanely delicious roasted cinnamon and maple trail mix, a super-rich chocolate ganache cake, a lovely roasted potato, hazelnut and pomegranate salad with a maple dressing. The book includes a section of big-batch cooking, recipes that can be made on the weekend so you can pack satisfying lunches or prepare quick, easy dinners during the week—a lovely cauliflower pizza or a stunning mushroom risotto.Featuring the top ten rules for living the Deliciously Ella way, tips for eating well without breaking the bank, and shopping lists to help you get organized, this is the cookbook you’ve been waiting for. ...more",https://books.toscrape.com/catalogue/deliciously-ella-every-day-quick-and-easy-recipes-for-gluten-free-snacks-packed-lunches-and-simple-meals_801/index.html
3b9a3b4624b7fd6d,"Daring Greatly: How the Courage to Be Vulnerable Transforms the Way We Live, Love, Parent, and Lead",Nonfiction,6,train,19.43,3,15,"Researcher and thought leader Dr. Brené Brown offers a powerful new vision that encourages us to dare greatly: to embrace vulnerability and imperfection, to live wholeheartedly, and to courageously engage in our lives. “It is not the critic who counts; not the man who points out how the strong man stumbles, or where the doer of deeds could have done them better. The credit Researcher and thought leader Dr. Brené Brown offers a powerful new vision that encourages us to dare greatly: to embrace vulnerability and imperfection, to live wholeheartedly, and to courageously engage in our lives. “It is not the critic who counts; not the man who points out how the strong man stumbles, or where the doer of deeds could have done them better. The credit belongs to the man who is actually in the arena, whose face is marred by dust and sweat and blood; who strives valiantly; . . . who at best knows in the end the triumph of high achievement, and who at worst, if he fails, at least fails while daring greatly.” —Theodore RooseveltEvery day we experience the uncertainty, risks, and emotional exposure that define what it means to be vulnerable, or to dare greatly. Whether the arena is a new relationship, an important meeting, our creative process, or a difficult family conversation, we must find the courage to walk into vulnerability and engage with our whole hearts.In Daring Greatly, Dr. Brown challenges everything we think we know about vulnerability. Based on twelve years of research, she argues that vulnerability is not weakness, but rather our clearest path to courage, engagement, and meaningful connection. The book that Dr. Brown’s many fans have been waiting for, Daring Greatly will spark a new spirit of truth—and trust—in our organizations, families, schools, and communities. ...more",https://books.toscrape.com/catalogue/daring-greatly-how-the-courage-to-be-vulnerable-transforms-the-way-we-live-love-parent-and-lead_799/index.html
1f329c2e7d7de8bd,Big Magic: Creative Living Beyond Fear,Nonfiction,6,train,30.8,3,15,"Readers of all ages and walks of life have drawn inspiration and empowerment from Elizabeth Gilbert’s books for years. Now this beloved author digs deep into her own generative process to share her wisdom and unique perspective about creativity. With profound empathy and radiant generosity, she offers potent insights into the mysterious nature of inspiration. She asks us t Readers of all ages and walks of life have drawn inspiration and empowerment from Elizabeth Gilbert’s books for years. Now this beloved author digs deep into her own generative process to share her wisdom and unique perspective about creativity. With profound empathy and radiant generosity, she offers potent insights into the mysterious nature of inspiration. She asks us to embrace our curiosity and let go of needless suffering. She shows us how to tackle what we most love, and how to face down what we most fear. She discusses the attitudes, approaches, and habits we need in order to live our most creative lives. Balancing between soulful spirituality and cheerful pragmatism, Gilbert encourages us to uncover the “strange jewels” that are hidden within each of us. Whether we are looking to write a book, make art, find new ways to address challenges in our work,  embark on a dream long deferred, or simply infuse our everyday lives with more mindfulness and passion, Big Magic cracks open a world of wonder and joy. ...more",https://books.toscrape.com/catalogue/big-magic-creative-living-beyond-fear_796/index.html
919e7cb2269a25d2,Becoming Wise: An Inquiry into the Mystery and Art of Living,Nonfiction,6,train,27.43,2,15,"“I’m a person who listens for a living. I listen for wisdom, and beauty, and for voices not shouting to be heard. This book chronicles some of what I’ve learned in what has become a conversation across time and generations, across disciplines and denominations.” Peabody Award-winning broadcaster and National Humanities Medalist Krista Tippett has interviewed the most extr “I’m a person who listens for a living.  I listen for wisdom, and beauty, and for voices not shouting to be heard.  This book chronicles some of what I’ve learned in what has become a conversation across time and generations, across disciplines and denominations.”   Peabody Award-winning broadcaster and National Humanities Medalist Krista Tippett has interviewed the most extraordinary voices examining the great questions of meaning for our time. The heart of her work on her national public radio program and podcast, On Being, has been to shine a light on people whose insights kindle in us a sense of wonder and courage. Scientists in a variety of fields; theologians from an array of faiths; poets, activists, and many others have all opened themselves up to Tippett's compassionate yet searching conversation.   In Becoming Wise, Tippett distills the insights she has gleaned from this luminous conversation in its many dimensions into a coherent narrative journey, over time and from mind to mind. The book is a master class in living, curated by Tippett and accompanied by a delightfully ecumenical dream team of teaching faculty.   The open questions and challenges of our time are intimate and civilizational all at once, Tippett says – definitions of when life begins and when death happens, of the meaning of community and family and identity, of our relationships to technology and through technology. The wisdom we seek emerges through the raw materials of the everyday. And the enduring question of what it means to be human has now become inextricable from the question of who we are to each other.   This book offers a grounded and fiercely hopeful vision of humanity for this century – of personal growth but also renewed public life and human spiritual evolution. It insists on the possibility of a common life for this century marked by resilience and redemption, with beauty as a core moral value and civility and love as muscular practice. Krista Tippett's great gift, in her work and in Becoming Wise, is to avoid reductive simplifications but still find the golden threads that weave people and ideas together into a shimmering braid.   One powerful common denominator of the lessons imparted to Tippett is the gift of presence, of the exhilaration of engagement with life for its own sake, not as a means to an end. But presence does not mean passivity or acceptance of the status quo. Indeed Tippett and her teachers are people whose work meets, and often drives, powerful forces of change alive in the world today. In the end, perhaps the greatest blessing conveyed by the lessons of spiritual genius Tippett harvests in Becoming Wise is the strength to meet the world where it really is, and then to make it better. ...more",https://books.toscrape.com/catalogue/becoming-wise-an-inquiry-into-the-mystery-and-art-of-living_795/index.html
7edc0527cf782e19,Batman: The Long Halloween (Batman),Sequential Art,8,test,36.5,2,15,"Taking place during Batman's early days of crime fighting, this new edition of the classic mystery tells the story of a mysterious killer who murders his prey only on holidays. Working with District Attorney Harvey Dent and Lieutenant James Gordon, Batman races against the calendar as he tries to discover who Holiday is before he claims his next victim each month. A myster Taking place during Batman's early days of crime fighting, this new edition of the classic mystery tells the story of a mysterious killer who murders his prey only on holidays. Working with District Attorney Harvey Dent and Lieutenant James Gordon, Batman races against the calendar as he tries to discover who Holiday is before he claims his next victim each month. A mystery that has the reader continually guessing the identity of the killer, this story also ties into the events that transform Harvey Dent into Batman's deadly enemy, Two-Face.This edition includes original 13-issue series as well as four additional story pages cut from the original series, which are presented fully colored and restored to their place in the story.  Also featured are sketches and an introduction by the director and writer of The Dark Knight Rises, Christopher Nolan and David Goyer. ...more",https://books.toscrape.com/catalogue/batman-the-long-halloween-batman_793/index.html
47271d8e08b5d31c,Batman: The Dark Knight Returns (Batman),Sequential Art,8,test,15.38,5,15,"This masterpiece of modern comics storytelling brings to vivid life a dark world and an even darker man. Together with inker Klaus Janson and colorist Lynn Varley, writer/artist Frank Miller completely reinvents the legend of Batman in his saga of a near-future Gotham City gone to rot, ten years after the Dark Knight's retirement. Crime runs rampant in the streets, and the This masterpiece of modern comics storytelling brings to vivid life a dark world and an even darker man. Together with inker Klaus Janson and colorist Lynn Varley, writer/artist Frank Miller completely reinvents the legend of Batman in his saga of a near-future Gotham City gone to rot, ten years after the Dark Knight's retirement. Crime runs rampant in the streets, and the man who was Batman is still tortured by the memories of his parents' murders. As civil society crumbles around him, Bruce Wayne's long-suppressed vigilante side finally breaks free of its self-imposed shackles. The Dark Knight returns in a blaze of fury, taking on a whole new generation of criminals and matching their level of violence. He is soon joined by this generation's Robin — a girl named Carrie Kelley, who proves to be just as invaluable as her predecessors.But can Batman and Robin deal with the threat posed by their deadliest enemies, after years of incarceration have made them into perfect psychopaths? And more important, can anyone survive the coming fallout of an undeclared war between the superpowers - or a clash of what were once the world's greatest superheroes?Over fifteen years after its debut, 'Batman: The Dark Knight Returns' remains an undisputed classic and one of the most influential stories ever told in the comics medium.Collecting BATMAN: THE DARK KNIGHT RETURNS #1-4 ...more",https://books.toscrape.com/catalogue/batman-the-dark-knight-returns-batman_792/index.html
d195e7f4ed697350,Agnostic: A Spirited Manifesto,Nonfiction,6,test,12.51,5,15,"A widely admired writer on religion celebrates agnosticism as the most vibrant, engaging—and ultimately the most honest—stance toward the mysteries of existence. One in four Americans reject any affiliation with organized religion, and nearly half of those under thirty describe themselves as “spiritual but not religious.” But as the airwaves resound with the haranguing of A widely admired writer on religion celebrates agnosticism as the most vibrant, engaging—and ultimately the most honest—stance toward the mysteries of existence. One in four Americans reject any affiliation with organized religion, and nearly half of those under thirty describe themselves as “spiritual but not religious.” But as the airwaves resound with the haranguing of preachers and pundits, who speaks for the millions who find no joy in whittling the wonder of existence to a simple yes/no choice? Lesley Hazleton does. In this provocative, brilliant book, she gives voice to the case for agnosticism, breaks it free of its stereotypes as watered-down atheism or amorphous “seeking,” and celebrates it as a reasoned, revealing, and sustaining stance toward life. Stepping over the lines imposed by rigid conviction, she draws on philosophy, theology, psychology, science, and more to explore, with curiosity and passion, the vital role of mystery in a deceptively information-rich world; to ask what we mean by the search for meaning; to invoke the humbling yet elating perspective of infinity; to challenge received ideas about death; and to reconsider what “the soul” might be. Inspired and inspiring, Agnostic recasts the question of belief not as a problem to be solved but as an invitation to an ongoing, open-ended adventure of the mind. ...more",https://books.toscrape.com/catalogue/agnostic-a-spirited-manifesto_786/index.html
3fb15ace50d6142b,Wild Swans,Young Adult,9,train,14.36,2,14,"The summer before Ivy’s senior year is going to be golden; all bonfires, barbeques, and spending time with her best friends. For once, she will just get to be. No summer classes, none of Granddad’s intense expectations to live up to the family name. For generations, the Milbourn women have lead extraordinary lives—and died young and tragically. Granddad calls it a legacy, The summer before Ivy’s senior year is going to be golden; all bonfires, barbeques, and spending time with her best friends. For once, she will just get to be. No summer classes, none of Granddad’s intense expectations to live up to the family name. For generations, the Milbourn women have lead extraordinary lives—and died young and tragically. Granddad calls it a legacy, but Ivy considers it a curse. Why else would her mother have run off and abandoned her as a child?But when her mother unexpectedly returns home with two young daughters in tow, all of the stories Ivy wove to protect her heart start to unravel. The very people she once trusted now speak in lies. And all of Ivy’s ambition and determination cannot defend her against the secrets of the Milbourn past…. ...more",https://books.toscrape.com/catalogue/wild-swans_782/index.html
047097293bb4d1c0,"Wonder Woman: Earth One, Volume One (Wonder Woman: Earth One #1)",Sequential Art,8,test,37.34,4,14,"Following the New York Times #1 bestselling original graphic novels Batman: Earth One, Volume One and Superman: Earth One Volumes One and Two comes Wonder Woman: Earth One, Volume One!Critically acclaimed, best-selling writer Grant Morrison (All-Star Superman, Batman, Inc.) once again pushes the boundaries of the graphic novel page in his mind-bending new take on the most Following the New York Times #1 bestselling original graphic novels Batman: Earth One, Volume One and Superman: Earth One Volumes One and Two comes Wonder Woman: Earth One, Volume One!Critically acclaimed, best-selling writer Grant Morrison (All-Star Superman, Batman, Inc.) once again pushes the boundaries of the graphic novel page in his mind-bending new take on the most powerful woman in the DC Universe. With stunning art by Yanick Paquette (Swamp Thing), Wonder Woman: Earth One, Volume One is an easily accessible jumping on point for new readers. ...more",https://books.toscrape.com/catalogue/wonder-woman-earth-one-volume-one-wonder-woman-earth-one-1_783/index.html
92275cedf6d8ee15,"We Are Robin, Vol. 1: The Vigilante Business (We Are Robin #1)",Sequential Art,8,train,53.9,1,14,"The teenagers of Gotham City have adopted the “R” and made it their own. A new Robin? No, hundreds of new Robins! The Boy Wonder has inspired a movement in Gotham, where different people of all creeds, colors, genders and religions have donned the “R” insignia to combat crime. But will this clean up the city...or make more trouble for everyone? Collecting WE ARE ROBIN #1-6 The teenagers of Gotham City have adopted the “R” and made it their own. A new Robin? No, hundreds of new Robins! The Boy Wonder has inspired a movement in Gotham, where different people of all creeds, colors, genders and religions have donned the “R” insignia to combat crime. But will this clean up the city...or make more trouble for everyone? Collecting WE ARE ROBIN #1-6 and the sneak peek story from CONVERGENCE: NEW TEEN TITANS #2! ...more",https://books.toscrape.com/catalogue/we-are-robin-vol-1-the-vigilante-business-we-are-robin-1_778/index.html
6fd646a334e6e133,What's It Like in Space?: Stories from Astronauts Who've Been There,Nonfiction,6,train,19.6,2,14,"Everyone wonders what it's really like in space, but very few of us have ever had the chance to experience it firsthand. This captivating illustrated collection brings together stories from dozens of international astronauts—men and women who've actually been there—who have returned with accounts of the sometimes weird, often funny, and awe-inspiring sensations and realiti Everyone wonders what it's really like in space, but very few of us have ever had the chance to experience it firsthand. This captivating illustrated collection brings together stories from dozens of international astronauts—men and women who've actually been there—who have returned with accounts of the sometimes weird, often funny, and awe-inspiring sensations and realities of being in space. With playful artwork accompanying each, here are the real stories behind backwards dreams, ""moon face,"" the tricks of sleeping in zero gravity and aiming your sneeze during a spacewalk, the importance of packing hot sauce, and dozens of other cosmic quirks and amazements that come with travel in and beyond low Earth orbit. ...more",https://books.toscrape.com/catalogue/whats-it-like-in-space-stories-from-astronauts-whove-been-there_779/index.html
44a10f1ac8ce822e,Whole Lotta Creativity Going On: 60 Fun and Unusual Exercises to Awaken and Strengthen Your Creativity,Nonfiction,6,train,38.2,4,14,"Be your own kind of creative. Everyone has a creative core. Everyone! But, in order for it to thrive, it needs to be nurtured. That's where ""Whole Lotta Creativity Going On"" can help. It's not a crafts or how-to book, but rather a fun book, filled with 10 different types of unusual and thought-provoking activities and exercises, which can be used to ignite and invigorate y Be your own kind of creative. Everyone has a creative core. Everyone! But, in order for it to thrive, it needs to be nurtured. That's where ""Whole Lotta Creativity Going On"" can help. It's not a crafts or how-to book, but rather a fun book, filled with 10 different types of unusual and thought-provoking activities and exercises, which can be used to ignite and invigorate your creative spark. Sometimes, those that don't feel they are creative, surprise themselves the most when they unlock the door, clear away the dust, and begin to discover and unleash the creative side of themselves. For others, perhaps, their creative spirit hasn't been given enough of an opportunity to really flourish and express itself in its own unique way.This book contains 60 different creativity stretchers to get you going which are grouped into the following categories: - Awareness, Sensory, and Experience - Creativity in Action- Ideation- Imagination- Pictures, Patterns, and Abstractions- Snap Portraits- Snap Solutions- Stop and Reflect- Thought Expression- Word Play ...more",https://books.toscrape.com/catalogue/whole-lotta-creativity-going-on-60-fun-and-unusual-exercises-to-awaken-and-strengthen-your-creativity_780/index.html
6a31307a81e8f3a8,Walt Disney's Alice in Wonderland,Childrens,0,train,12.96,5,14,"The fantastical tale of a young girl chasing her White Rabbit has delighted children since Lewis Carroll wrote it generations ago. Here his Wonderland shines anew, viewed through the looking glasses of two incomparable artists.Mary Blair's vibrant art helped shape the look of Walt Disney's classic animated film. Collected in a picture book for the first time, her illustrat The fantastical tale of a young girl chasing her White Rabbit has delighted children since Lewis Carroll wrote it generations ago. Here his Wonderland shines anew, viewed through the looking glasses of two incomparable artists.Mary Blair's vibrant art helped shape the look of Walt Disney's classic animated film. Collected in a picture book for the first time, her illustrations capture the essence of such memorable characters as the Queen of Hearts and the Mad Hatter with stunning immediacy. Jon Scieszka's captivating text celebrates all that is curious-and all that is nonsensical-about the world that holds Alice spellbound, from a deliciously absurd tea party to the spectacle of a kingdom of playing cards . Brimming with wit and wonder, this sparkling retelling will enchant readers from the moment Alice falls down the rabbit hole, whether or not they've made the journey before. ...more",https://books.toscrape.com/catalogue/walt-disneys-alice-in-wonderland_777/index.html
aba2db9afb1469c7,Until Friday Night (The Field Party #1),Young Adult,9,test,46.31,2,14,"To everyone who knows him, West Ashby has always been that guy: the cocky, popular, way-too-handsome-for-his-own-good football god who led Lawton High to the state championships. But while West may be Big Man on Campus on the outside, on the inside he’s battling the grief that comes with watching his father slowly die of cancer.Two years ago, Maggie Carleton’s life fell ap To everyone who knows him, West Ashby has always been that guy: the cocky, popular, way-too-handsome-for-his-own-good football god who led Lawton High to the state championships. But while West may be Big Man on Campus on the outside, on the inside he’s battling the grief that comes with watching his father slowly die of cancer.Two years ago, Maggie Carleton’s life fell apart when her father murdered her mother. And after she told the police what happened, she stopped speaking and hasn’t spoken since. Even the move to Lawton, Alabama, couldn’t draw Maggie back out. So she stayed quiet, keeping her sorrow and her fractured heart hidden away.As West’s pain becomes too much to handle, he knows he needs to talk to someone about his father—so in the dark shadows of a post-game party, he opens up to the one girl who he knows won’t tell anyone else.West expected that talking about his dad would bring some relief, or at least a flood of emotions he couldn’t control. But he never expected the quiet new girl to reply, to reveal a pain even deeper than his own—or for them to form a connection so strong that he couldn’t ever let her go… ...more",https://books.toscrape.com/catalogue/until-friday-night-the-field-party-1_775/index.html
1d6443ffba9dfd80,Twenty Yawns,Childrens,0,test,22.08,2,14,"Featuring lyrical text and beautiful illustrations, this bedtime tale from Pulitzer Prize winner Jane Smiley and Caldecott Honor recipient Lauren Castillo evokes the splashy fun of the beach and the quietude of a moonlit night, with twenty yawns sprinkled in for children to discover and count.As her mom reads a bedtime story, Lucy drifts off. But later, she awakens in a da Featuring lyrical text and beautiful illustrations, this bedtime tale from Pulitzer Prize winner Jane Smiley and Caldecott Honor recipient Lauren Castillo evokes the splashy fun of the beach and the quietude of a moonlit night, with twenty yawns sprinkled in for children to discover and count.As her mom reads a bedtime story, Lucy drifts off. But later, she awakens in a dark, still room, and everything looks mysterious. How will she ever get back to sleep? ...more",https://books.toscrape.com/catalogue/twenty-yawns_773/index.html
6e44bcbeac7f4360,Through the Woods,Sequential Art,8,train,25.38,2,14,"'It came from the woods. Most strange things do.'Five mysterious, spine-tingling stories follow journeys into (and out of?) the eerie abyss.These chilling tales spring from the macabre imagination of acclaimed and award-winning comic creator Emily Carroll.Come take a walk in the woods and see what awaits you there...",https://books.toscrape.com/catalogue/through-the-woods_772/index.html
f0f38174a7e689a3,This Is Where It Ends,Young Adult,9,train,27.12,2,14,"10:00 a.m. The principal of Opportunity High School finishes her speech, welcoming the entire student body to a new semester and encouraging them to excel and achieve.10:02 a.m. The students get up to leave the auditorium for their next class.10:03 a.m. The auditorium doors won't open.10:05 a.m. Someone starts shooting.Told from four different perspectives over the span of 10:00 a.m. The principal of Opportunity High School finishes her speech, welcoming the entire student body to a new semester and encouraging them to excel and achieve.10:02 a.m. The students get up to leave the auditorium for their next class.10:03 a.m. The auditorium doors won't open.10:05 a.m. Someone starts shooting.Told from four different perspectives over the span of fifty-four harrowing minutes, terror reigns as one student’s calculated revenge turns into the ultimate game of survival. ...more",https://books.toscrape.com/catalogue/this-is-where-it-ends_771/index.html
34c0d7c4ee5650af,The Year of Magical Thinking,Nonfiction,6,train,43.04,2,14,"From one of America's iconic writers, this is a portrait of a marriage and a life - in good times and bad - that will speak to anyone who has ever loved a husband or wife or child. This is a stunning book of electric honesty and passion. Several days before Christmas 2003, John Gregory Dunne and Joan Didion saw their only daughter, Quintana, fall ill.At first they thought From one of America's iconic writers, this is a portrait of a marriage and a life - in good times and bad - that will speak to anyone who has ever loved a husband or wife or child. This is a stunning book of electric honesty and passion. Several days before Christmas 2003, John Gregory Dunne and Joan Didion saw their only daughter, Quintana, fall ill.At first they thought it was flu, then pneumonia, then complete septic shock. She was put into an induced coma and placed on life support. Days later - the night before New Year's Eve - the Dunnes were just sitting down to dinner after visiting the hospital when John suffered a massive and fatal coronary.In a second, this close, symbiotic partnership of 40 years was over. Four weeks later, their daughter pulled through. Two months after that, arriving at LA airport, she collapsed and underwent six hours of brain surgery at UCLA Medical Centre to relieve a massive hematoma.This powerful book is Didion's 'attempt to make sense of the weeks and then months that cut loose any fixed idea I ever had about death, about illness, about marriage and children and memory, about the shallowness of sanity, about life itself'. The result is an exploration of an intensely personal yet universal experience: a portrait of a marriage, and a life, in good times and bad. ...more",https://books.toscrape.com/catalogue/the-year-of-magical-thinking_770/index.html
c5cb9f885d8b3621,The Wedding Pact (The O'Malleys #2),Romance,7,train,32.61,3,14,"New York Times and USA Today bestselling author Katee Robert continues her smoking-hot series about the O'Malleys—wealthy, powerful, and full of scandalous family secrets. Carrigan O'Malley has always known her arranged marriage would be more about power and prestige than passion. But after one taste of the hard-bodied, whiskey-voiced James Halloran, she's ruined for anyo New York Times and USA Today bestselling author Katee Robert continues her smoking-hot series about the O'Malleys—wealthy, powerful, and full of scandalous family secrets. Carrigan O'Malley has always known her arranged marriage would be more about power and prestige than passion. But after one taste of the hard-bodied, whiskey-voiced James Halloran, she's ruined for anyone else. Too bad James and his family are enemy number 1. Hallorans vs. O'Malleys—that's how it's always been. James should be thinking more about how to expand his family's empire instead of how silky Carrigan's skin is against his and how he can next get her into his bed. Those are dangerous thoughts. But not nearly as dangerous as he'll be if he can't get what he wants: Carrigan by his side for the rest of their lives. ...more",https://books.toscrape.com/catalogue/the-wedding-pact-the-omalleys-2_767/index.html
e9906e2f0d189745,The Time Keeper,Fiction,2,train,27.88,5,14,"In this fable, the first man on earth to count the hours becomes Father Time. The inventor of the world's first clock is punished for trying to measure God's greatest gift. He is banished to a cave for centuries and forced to listen to the voices of all who come after him seeking more days, more years. Eventually, with his soul nearly broken, Father Time is granted his fre In this fable, the first man on earth to count the hours becomes Father Time. The inventor of the world's first clock is punished for trying to measure God's greatest gift. He is banished to a cave for centuries and forced to listen to the voices of all who come after him seeking more days, more years. Eventually, with his soul nearly broken, Father Time is granted his freedom, along with a magical hourglass and a mission: a chance to redeem himself by teaching two earthly people the true meaning of time.He returns to our world - now dominated by the hour-counting he so innocently began - and commences a journey with two unlikely partners: one a teenage girl who is about to give up on life, the other a wealthy old businessman who wants to live forever. To save himself, he must save them both. And stop the world to do so. ...more",https://books.toscrape.com/catalogue/the-time-keeper_766/index.html
1528279aec1f3dce,The Star-Touched Queen,Fantasy,1,train,46.02,5,14,"Fate and fortune. Power and passion. What does it take to be the queen of a kingdom when you're only seventeen?Maya is cursed. With a horoscope that promises a marriage of Death and Destruction, she has earned only the scorn and fear of her father's kingdom. Content to follow more scholarly pursuits, her whole world is torn apart when her father, the Raja, arranges a weddi Fate and fortune. Power and passion. What does it take to be the queen of a kingdom when you're only seventeen?Maya is cursed. With a horoscope that promises a marriage of Death and Destruction, she has earned only the scorn and fear of her father's kingdom. Content to follow more scholarly pursuits, her whole world is torn apart when her father, the Raja, arranges a wedding of political convenience to quell outside rebellions. Soon Maya becomes the queen of Akaran and wife of Amar. Neither roles are what she expected: As Akaran's queen, she finds her voice and power. As Amar's wife, she finds something else entirely: Compassion. Protection. Desire...But Akaran has its own secrets -- thousands of locked doors, gardens of glass, and a tree that bears memories instead of fruit. Soon, Maya suspects her life is in danger. Yet who, besides her husband, can she trust? With the fate of the human and Otherworldly realms hanging in the balance, Maya must unravel an ancient mystery that spans reincarnated lives to save those she loves the most. . .including herself.A lush and vivid story that is steeped in Indian folklore and mythology. The Star-touched Queen is a novel that no listener will soon forget. ...more",https://books.toscrape.com/catalogue/the-star-touched-queen_764/index.html
081305e6df719dff,The Testament of Mary,Fiction,2,train,52.67,4,14,"Provocative, haunting, and indelible, Colm Tóibín’s portrait of Mary presents her as a solitary older woman still seeking to understand the events that become the narrative of the New Testament and the foundation of Christianity.In the ancient town of Ephesus, Mary lives alone, years after her son's crucifixion. She has no interest in collaborating with the authors of the Provocative, haunting, and indelible, Colm Tóibín’s portrait of Mary presents her as a solitary older woman still seeking to understand the events that become the narrative of the New Testament and the foundation of Christianity.In the ancient town of Ephesus, Mary lives alone, years after her son's crucifixion. She has no interest in collaborating with the authors of the Gospel—her keepers, who provide her with food and shelter and visit her regularly. She does not agree that her son is the Son of God; nor that his death was “worth it;” nor that the “group of misfits he gathered around him, men who could not look a woman in the eye,” were holy disciples. Mary judges herself ruthlessly (she did not stay at the foot of the Cross until her son died—she fled, to save herself), and is equally harsh on her judgment of others. This woman who we know from centuries of paintings and scripture as the docile, loving, silent, long-suffering, obedient, worshipful mother of Christ becomes, in Toibin’s searing evocation, a tragic heroine with the relentless eloquence of Electra or Medea or Antigone. This tour de force of imagination and language is a portrait so vivid and convincing that our image of Mary will be forever transformed. ...more",https://books.toscrape.com/catalogue/the-testament-of-mary_765/index.html
52cf2a5933ec5d8f,The Marriage of Opposites,Historical Fiction,4,train,28.08,4,14,"From the New York Times bestselling author of The Dovekeepers and The Museum of Extraordinary Things: a forbidden love story set on the tropical island of St. Thomas about the extraordinary woman who gave birth to painter Camille Pissarro; the Father of Impressionism.Growing up on idyllic St. Thomas in the early 1800s, Rachel dreams of life in faraway Paris. Rachel's mothe From the New York Times bestselling author of The Dovekeepers and The Museum of Extraordinary Things: a forbidden love story set on the tropical island of St. Thomas about the extraordinary woman who gave birth to painter Camille Pissarro; the Father of Impressionism.Growing up on idyllic St. Thomas in the early 1800s, Rachel dreams of life in faraway Paris. Rachel's mother, a pillar of their small refugee community of Jews who escaped the Inquisition, has never forgiven her daughter for being a difficult girl who refuses to live by the rules. Growing up, Rachel's salvation is their maid Adelle's belief in her strengths, and her deep, life-long friendship with Jestine, Adelle's daughter. But Rachel's life is not her own. She is married off to a widower with three children to save her father's business. When her husband dies suddenly and his handsome, much younger nephew, Fréderick, arrives from France to settle the estate, Rachel seizes her own life story, beginning a defiant, passionate love affair that sparks a scandal that affects all of her family, including her favorite son, who will become one of the greatest artists of France.Building on the triumphs of The Dovekeepers and The Museum of Extraordinary Things, set in a world of almost unimaginable beauty, The Marriage of Opposites showcases the beloved, bestselling Alice Hoffman at the height of her considerable powers. Once forgotten to history, the marriage of Rachel and Fréderick is a story that is as unforgettable as it is remarkable. ...more",https://books.toscrape.com/catalogue/the-marriage-of-opposites_759/index.html
4881cc53f6c8892f,The Literature Book (Big Ideas Simply Explained),Nonfiction,6,train,17.43,3,14,"A global look at the greatest works of Eastern and Western literature and the themes that unite them, for students and lovers of literature and reading.The Literature Book is a fascinating journey through the greatest works of world literature, from the Iliad to Don Quixote to The Great Gatsby. Around 100 crystal-clear articles explore landmark novels, short stories, plays A global look at the greatest works of Eastern and Western literature and the themes that unite them, for students and lovers of literature and reading.The Literature Book is a fascinating journey through the greatest works of world literature, from the Iliad to Don Quixote to The Great Gatsby. Around 100 crystal-clear articles explore landmark novels, short stories, plays, and poetry that reinvented the art of writing in their time, whether Ancient Greece, post-classical Europe, or modern-day Korea.As part of DK's award-winning Big Ideas Simply Explained series, The Literature Book uses infographics and images to explain key ideas and themes. Biographies of important authors offer insight into their lives and other writings, and a section on Further Reading details more than 150 additional works to explore.Discover masterpieces from the world's greatest authors, and explore the context, creative history, and literary traditions that influenced each major work of fiction with The Literature Book.Series Overview: Big Ideas Simply Explained series uses creative design and innovative graphics, along with straightforward and engaging writing, to make complex subjects easier to understand. These award-winning books provide just the information needed for students, families, or anyone interested in concise, thought-provoking refreshers on a single subject. ...more",https://books.toscrape.com/catalogue/the-literature-book-big-ideas-simply-explained_755/index.html
992974ba6a0536ea,The Hidden Oracle (The Trials of Apollo #1),Fantasy,1,train,52.26,2,14,"How do you punish an immortal?By making him human.After angering his father Zeus, the god Apollo is cast down from Olympus. Weak and disorientated, he lands in New York City as a regular teenage boy. Now, without his godly powers, the four-thousand-year-old deity must learn to survive in the modern world until he can somehow find a way to regain Zeus's favour.But Apollo ha How do you punish an immortal?By making him human.After angering his father Zeus, the god Apollo is cast down from Olympus. Weak and disorientated, he lands in New York City as a regular teenage boy. Now, without his godly powers, the four-thousand-year-old deity must learn to survive in the modern world until he can somehow find a way to regain Zeus's favour.But Apollo has many enemies - gods, monsters and mortals who would love to see the former Olympian permanently destroyed. Apollo needs help, and he can think of only one place to go . . . an enclave of modern demigods known as Camp Half-Blood. ...more",https://books.toscrape.com/catalogue/the-hidden-oracle-the-trials-of-apollo-1_752/index.html
3bc89353f7e3a3cc,The Last Mile (Amos Decker #2),Mystery,5,train,54.21,2,14,"In his #1 New York Times bestseller Memory Man, David Baldacci introduced the extraordinary detective Amos Decker-the man who can forget nothing. Now, Decker returns in a spectacular new thriller . . . THE LAST MILEConvicted murderer Melvin Mars is counting down the last hours before his execution--for the violent killing of his parents twenty years earlier--when he's gran In his #1 New York Times bestseller Memory Man, David Baldacci introduced the extraordinary detective Amos Decker-the man who can forget nothing. Now, Decker returns in a spectacular new thriller . . . THE LAST MILEConvicted murderer Melvin Mars is counting down the last hours before his execution--for the violent killing of his parents twenty years earlier--when he's granted an unexpected reprieve. Another man has confessed to the crime.Amos Decker, newly hired on an FBI special task force, takes an interest in Mars's case after discovering the striking similarities to his own life: Both men were talented football players with promising careers cut short by tragedy. Both men's families were brutally murdered. And in both cases, another suspect came forward, years after the killing, to confess to the crime. A suspect who may or may not have been telling the truth.The confession has the potential to make Melvin Mars--guilty or not--a free man. Who wants Mars out of prison? And why now?But when a member of Decker's team disappears, it becomes clear that something much larger--and more sinister--than just one convicted criminal's life hangs in the balance. Decker will need all of his extraordinary brainpower to stop an innocent man from being executed. ...more",https://books.toscrape.com/catalogue/the-last-mile-amos-decker-2_754/index.html
ddc8340dabc8641b,The Help Yourself Cookbook for Kids: 60 Easy Plant-Based Recipes Kids Can Make to Stay Healthy and Save the Earth,Food and Drink,3,test,28.77,3,14,"Struggling to get your kids to eat their fruits and vegetables? Try letting them help themselves!Experts tell us the best way to teach kids healthy eating habits is to involve them in the process. This irresistibe cookbook presents 60 appealing recipes kids will beg to make themselves, in fun and charming illustrations they will love. Bursting with color, humor, cute anima Struggling to get your kids to eat their fruits and vegetables? Try letting them help themselves!Experts tell us the best way to teach kids healthy eating habits is to involve them in the process. This irresistibe cookbook presents 60 appealing recipes kids will beg to make themselves, in fun and charming illustrations they will love. Bursting with color, humor, cute animal characters, and cool facts (Did you know your brain actually shrinks when you’re dehydrated? Drink water, quick!), Help Yourself empowers children to take charge of their own nutrition — for now and for life! Recipes include: fun-to-munch hand-held snacks like Life Boatsbright fruit-flavored drinks like Tickled Pinkthe always-popular things on toast like Leprechaun Trackssalads they will actually eat like Tiger Stripescozy small meals like Tomato Tornadoand sweets like chocolatey Disappearing Dots, because everybody likes candy!Excerpt from the Intro: Since the day you were born, someone has been making you food and serving you meals (that’s the life!). But wait a minute...what’s that on the end of your arm? Why, it’s a hand! And it turns out you need little more than your own two hands and a few ingredients to help yourself to healthy foods...and help the world, while you’re at it! Because from the tip of your nose to the tip of an iceberg, the food we eat affects our bodies, our environment, and even strangers on the other side of the planet. It's amazing but true. ...more",https://books.toscrape.com/catalogue/the-help-yourself-cookbook-for-kids-60-easy-plant-based-recipes-kids-can-make-to-stay-healthy-and-save-the-earth_751/index.html
a86972014275e072,The First Hostage (J.B. Collins #2),Fiction,2,train,25.85,3,14,"“The president of the United States . . . is missing.”With these words, New York Times journalist J. B. Collins, reporting from the scene of a devastating attack by ISIS terrorists in Amman, Jordan, puts the entire world on high alert. The leaders of Israel and Palestine are critically injured, Jordan’s king is fighting for his life, and the U.S. president is missing and p “The president of the United States . . . is missing.”With these words, New York Times journalist J. B. Collins, reporting from the scene of a devastating attack by ISIS terrorists in Amman, Jordan, puts the entire world on high alert. The leaders of Israel and Palestine are critically injured, Jordan’s king is fighting for his life, and the U.S. president is missing and presumed captured.As the U.S. government faces a constitutional crisis and Jordan battles for its very existence, Collins must do his best to keep the world informed while working to convince the FBI that his stories are not responsible for the terror attack on the Jordanian capital. And ISIS still has chemical weapons . . .Struggling to clear his name, Collins and the Secret Service try frantically to locate and rescue the leader of the free world before ISIS’s threats become a catastrophic reality. ...more",https://books.toscrape.com/catalogue/the-first-hostage-jb-collins-2_749/index.html
6edacfd1f8ebb9eb,The Darkest Lie,Young Adult,9,test,35.35,5,14,"“The mother I knew would never do those things.But maybe I never knew her after all.”Clothes, jokes, coded messages…Cecilia Brooks and her mom shared everything. At least, CeCe thought they did. Six months ago, her mom killed herself after accusations of having sex with a student, and CeCe’s been the subject of whispers and taunts ever since. Now, at the start of her high “The mother I knew would never do those things.But maybe I never knew her after all.”Clothes, jokes, coded messages…Cecilia Brooks and her mom shared everything. At least, CeCe thought they did. Six months ago, her mom killed herself after accusations of having sex with a student, and CeCe’s been the subject of whispers and taunts ever since. Now, at the start of her high school senior year, between dealing with her grieving, distracted father, and the social nightmare that has become her life, CeCe just wants to fly under the radar. Instead, she’s volunteering at the school’s crisis hotline—the same place her mother worked.As she counsels troubled strangers, CeCe’s lingering suspicions about her mom’s death surface. With the help of Sam, a new student and newspaper intern, she starts to piece together fragmented clues that point to a twisted secret at the heart of her community. Soon, finding the truth isn’t just a matter of restoring her mother’s reputation, it’s about saving lives—including CeCe’s own… ...more",https://books.toscrape.com/catalogue/the-darkest-lie_747/index.html
dc6f688b82e42a5b,The Bane Chronicles (The Bane Chronicles #1-11),Fantasy,1,train,44.73,4,14,"Fans of The Mortal Instruments and The Infernal Devices can get to know warlock Magnus Bane like never before in this collection of New York Times bestselling tales, in print for the first time with an exclusive new story and illustrated material.This collection of eleven short stories illuminates the life of the enigmatic Magnus Bane, whose alluring personality, flamboyan Fans of The Mortal Instruments and The Infernal Devices can get to know warlock Magnus Bane like never before in this collection of New York Times bestselling tales, in print for the first time with an exclusive new story and illustrated material.This collection of eleven short stories illuminates the life of the enigmatic Magnus Bane, whose alluring personality, flamboyant style, and sharp wit populate the pages of the #1 New York Times bestselling series, The Mortal Instruments and The Infernal Devices.Originally released one-by-one as e-only short stories by Cassandra Clare, Maureen Johnson, and Sarah Rees Brennan, this compilation presents all ten together in print for the first time and includes a never-before-seen eleventh tale, as well as new illustrated material. ...more",https://books.toscrape.com/catalogue/the-bane-chronicles-the-bane-chronicles-1-11_746/index.html
923831a05c9f91f7,The Bad-Ass Librarians of Timbuktu: And Their Race to Save the World’s Most Precious Manuscripts,Nonfiction,6,train,15.77,1,14,"To save precious centuries-old Arabic texts from Al Qaeda, a band of librarians in Timbuktu pulls off a brazen heist worthy of Ocean’s Eleven.In the 1980s, a young adventurer and collector for a government library, Abdel Kader Haidara, journeyed across the Sahara Desert and along the Niger River, tracking down and salvaging tens of thousands of ancient Islamic and secular To save precious centuries-old Arabic texts from Al Qaeda, a band of librarians in Timbuktu pulls off a brazen heist worthy of Ocean’s Eleven.In the 1980s, a young adventurer and collector for a government library, Abdel Kader Haidara, journeyed across the Sahara Desert and along the Niger River, tracking down and salvaging tens of thousands of ancient Islamic and secular manuscripts that had fallen into obscurity. The Bad-Ass Librarians of Timbuktu tells the incredible story of how Haidara, a mild-mannered archivist and historian from the legendary city of Timbuktu, later became one of the world’s greatest and most brazen smugglers.In 2012, thousands of Al Qaeda militants from northwest Africa seized control of most of Mali, including Timbuktu. They imposed Sharia law, chopped off the hands of accused thieves, stoned to death unmarried couples, and threatened to destroy the great manuscripts. As the militants tightened their control over Timbuktu, Haidara organized a dangerous operation to sneak all 350,000 volumes out of the city to the safety of southern Mali.Over the past twenty years, journalist Joshua Hammer visited Timbuktu numerous times and is uniquely qualified to tell the story of Haidara’s heroic and ultimately successful effort to outwit Al Qaeda and preserve Mali’s—and the world’s—literary patrimony. Hammer explores the city’s manuscript heritage and offers never-before-reported details about the militants’ march into northwest Africa. But above all, The Bad-Ass Librarians of Timbuktu is an inspiring account of the victory of art and literature over extremism. ...more",https://books.toscrape.com/catalogue/the-bad-ass-librarians-of-timbuktu-and-their-race-to-save-the-worlds-most-precious-manuscripts_745/index.html
0c7b9cf2b7662b65,That Darkness (Gardiner and Renner #1),Mystery,5,test,13.92,1,14,"As a forensic investigator for the Cleveland Police Department, Maggie Gardiner has seen her share of Jane Does. The latest is an unidentified female in her early teens, discovered in a local cemetery. More shocking than the girl’s injuries—for Maggie at least—is the fact that no one has reported her missing. She and the detectives assigned to the case (including her cop e As a forensic investigator for the Cleveland Police Department, Maggie Gardiner has seen her share of Jane Does. The latest is an unidentified female in her early teens, discovered in a local cemetery. More shocking than the girl’s injuries—for Maggie at least—is the fact that no one has reported her missing. She and the detectives assigned to the case (including her cop ex-husband) are determined to follow every lead, run down every scrap of evidence. But the monster they seek is watching each move, closer to them than they could ever imagine. Jack Renner is a killer. He doesn’t murder because he savors it, or because he believes himself omnipotent, or for any reason other than to make the world a safer place. When he follows the trail of this Jane Doe to a locked room in a small apartment where eighteen teenaged girls are anything but safe, he knows something must be done. But his pursuit of their captor takes an unexpected turn.Maggie Gardiner finds another body waiting for her in the autopsy room—and a host of questions that will challenge everything she believes about justice, morality, and the true nature of evil … ...more",https://books.toscrape.com/catalogue/that-darkness-gardiner-and-renner-1_743/index.html
2d1e337aaf341858,Tastes Like Fear (DI Marnie Rome #3),Mystery,5,train,10.69,1,14,"Sarah Hilary won the 2015 Theakston's Crime Novel of the Year with her debut, the 2014 Richard and Judy pick SOMEONE ELSE'S SKIN. She followed up with NO OTHER DARKNESS, proclaimed as 'riveting' by Lisa Gardner and 'truly mesmerising' by David Mark. Now D.I. Marnie Rome returns in her third novel.Home is where Harm lies...The young girl who causes the fatal car crash disap Sarah Hilary won the 2015 Theakston's Crime Novel of the Year with her debut, the 2014 Richard and Judy pick SOMEONE ELSE'S SKIN. She followed up with NO OTHER DARKNESS, proclaimed as 'riveting' by Lisa Gardner and 'truly mesmerising' by David Mark. Now D.I. Marnie Rome returns in her third novel.Home is where Harm lies...The young girl who causes the fatal car crash disappears from the scene.A runaway who doesn't want to be found, she only wants to go home.To the one man who understands her.Gives her shelter. Just as he gives shelter to the other lost girls who live in his house.He's the head of her new family.He's Harm. And when Harm's family is threatened, Marnie Rome is about to find out that everything tastes like fear... ...more",https://books.toscrape.com/catalogue/tastes-like-fear-di-marnie-rome-3_742/index.html
2c04320e110a14a3,Take Me with You,Fiction,2,train,45.21,3,14,"August Shroeder, a burned-out teacher, has been sober since his 19-year-old son died. Every year he's spent the summer on the road, but making it to Yellowstone this year means everything. The plan had been to travel there with his son, but now August is making the trip with Philip's ashes instead. An unexpected twist of fate lands August with two extra passengers for his August Shroeder, a burned-out teacher, has been sober since his 19-year-old son died. Every year he's spent the summer on the road, but making it to Yellowstone this year means everything. The plan had been to travel there with his son, but now August is making the trip with Philip's ashes instead. An unexpected twist of fate lands August with two extra passengers for his journey, two half-orphans with nowhere else to go.What none of them could have known was how transformative both the trip and the bonds that develop between them would prove, driving each to create a new destiny together. ...more",https://books.toscrape.com/catalogue/take-me-with-you_741/index.html
ac8e3949d284e9a9,Superman Vol. 1: Before Truth (Superman by Gene Luen Yang #1),Sequential Art,8,train,11.89,5,14,"Superman is going through some changes. First, there's his new ""solar flare"" power, which releases tremendous amounts of energy but leaves him functionally human - fragile, vulnerable, prone to hangovers - for 24 hours.But an even bigger change is coming. A new company called Hordr has sprung up, and its business is secrets. If you have one that you want to keep hidden, Hr Superman is going through some changes. First, there's his new ""solar flare"" power, which releases tremendous amounts of energy but leaves him functionally human - fragile, vulnerable, prone to hangovers - for 24 hours.But an even bigger change is coming. A new company called Hordr has sprung up, and its business is secrets. If you have one that you want to keep hidden, Hrdr can control you - and no one has a bigger secret than Clark Kent.Now, Hordr is threatening to expose Clark's alter ego unless he does everything they command. Will Superman play into the hands of blackmailers to keep his loved ones out of danger? And if the truth that Superman has been hiding is exposed, will it set him free - or ruin his life?A new era for the Man of Steel begins here - crafted by National Book Award nominee Gene Luen Yang (American Born Chinese) and legendary artists John Romita Jr. (Kick-Ass, The Amazing Spider-Man) and Klaus Janson (BATMAN: THE DARK KNIGHT RETURNS). Collects issues #40-44 and the 8-page Superman story from DIVERGENCE: FCBD SPECIAL EDITION #1. ...more",https://books.toscrape.com/catalogue/superman-vol-1-before-truth-superman-by-gene-luen-yang-1_739/index.html
4c8b7540409da4ac,Swell: A Year of Waves,Nonfiction,6,train,45.58,1,14,"Wave watchers around the world know that no two waves are the same. Yet each and every wave that rises, peaks, and crashes onto the beach is generated by a much larger force originating thousands of miles away. Surf journalist team Evan Slater and Peter Taras capture the essence of waves and the swells that produce them in this breathtaking collection of wave photography. Wave watchers around the world know that no two waves are the same. Yet each and every wave that rises, peaks, and crashes onto the beach is generated by a much larger force originating thousands of miles away. Surf journalist team Evan Slater and Peter Taras capture the essence of waves and the swells that produce them in this breathtaking collection of wave photography. Slater characterizes four distinct swells from different corners of the globe and traces their journeys throughout the year from storm to seashore. His reflective, informative essays amplify these powerful images of hundreds of waves frozen in time, beautiful, simple, universal, yet wholly unique—and the best thing to watch on the planet. ...more",https://books.toscrape.com/catalogue/swell-a-year-of-waves_740/index.html
fe44cc816576c652,Still Life with Bread Crumbs,Fiction,2,test,26.41,3,14,"A superb love story from Anna Quindlen, the #1 New York Times bestselling author of Rise and Shine, Blessings, and A Short Guide to a Happy Life Still Life with Bread Crumbs begins with an imagined gunshot and ends with a new tin roof. Between the two is a wry and knowing portrait of Rebecca Winter, a photographer whose work made her an unlikely heroine for many women. Her A superb love story from Anna Quindlen, the #1 New York Times bestselling author of Rise and Shine, Blessings, and A Short Guide to a Happy Life  Still Life with Bread Crumbs begins with an imagined gunshot and ends with a new tin roof. Between the two is a wry and knowing portrait of Rebecca Winter, a photographer whose work made her an unlikely heroine for many women. Her career is now descendent, her bank balance shaky, and she has fled the city for the middle of nowhere. There she discovers, in a tree stand with a roofer named Jim Bates, that what she sees through a camera lens is not all there is to life.   Brilliantly written, powerfully observed, Still Life with Bread Crumbs is a deeply moving and often very funny story of unexpected love, and a stunningly crafted journey into the life of a woman, her heart, her mind, her days, as she discovers that life is a story with many levels, a story that is longer and more exciting than she ever imagined. ...more",https://books.toscrape.com/catalogue/still-life-with-bread-crumbs_738/index.html
394f6d30cafc3edb,"So Cute It Hurts!!, Vol. 6 (So Cute It Hurts!! #6)",Sequential Art,8,train,35.43,4,14,"The Kobayashi twins, Megumu and Mitsuru, were named after historical figures, but only Megumu has grown up with a taste for history. So when Mitsuru is in danger of losing his weekends to extra history classes, he convinces his sister to swap clothes with him and ace his tests! After all, how hard can it be for them to play each other?Megumu is considering a career as a ma The Kobayashi twins, Megumu and Mitsuru, were named after historical figures, but only Megumu has grown up with a taste for history. So when Mitsuru is in danger of losing his weekends to extra history classes, he convinces his sister to swap clothes with him and ace his tests! After all, how hard can it be for them to play each other?Megumu is considering a career as a manga artist, but as Mitsuru so helpfully points out, her drawing skills could use a lot of improvement. That doesn’t dim her enthusiasm, and she vows to practice drawing every day. But her first sketching session in a park is interrupted by an intense young man who goes ballistic when he sees the portrait of Aoi in her sketchbook! Who is this stranger, and why does he want to destroy her boyfriend?! ...more",https://books.toscrape.com/catalogue/so-cute-it-hurts-vol-6-so-cute-it-hurts-6_734/index.html
830fb3967c74866d,Shtum,Fiction,2,test,55.84,4,14,"Powerful, darkly funny and heart-breaking, Shtum is a story about fathers and sons, autism, and dysfunctional relationships.Ben Jewell has hit breaking point. His ten-year-old son Jonah has severe autism and Ben and his wife, Emma, are struggling to cope.When Ben and Emma fake a separation - a strategic decision to further Jonah's case in an upcoming tribunal - Ben and Jon Powerful, darkly funny and heart-breaking, Shtum is a story about fathers and sons, autism, and dysfunctional relationships.Ben Jewell has hit breaking point. His ten-year-old son Jonah has severe autism and Ben and his wife, Emma, are struggling to cope.When Ben and Emma fake a separation - a strategic decision to further Jonah's case in an upcoming tribunal - Ben and Jonah move in with Georg, Ben's elderly father. In a small house in North London, three generations of men - one who can't talk; two who won't - are thrown together.A powerful, emotional, but above all enjoyable read, perfect for fans of THE SHOCK OF THE FALL and THE CURIOUS INCIDENT OF THE DOG IN THE NIGHT-TIME. ...more",https://books.toscrape.com/catalogue/shtum_733/index.html
a6454e329f872b78,Rain Fish,Childrens,0,test,23.57,3,14,"Get to know the “rain fish” that come to life during rainstorms in this gorgeous exploration of nature with vibrant collage artwork from the Caldecott Honor–winning illustrator of Chicka Chicka Boom Boom.When blue sky turns gray and it rains all day, sometimes rain fish come out and play. They swim among discards and debris. Do you see them, too? Or is it just me?Through l Get to know the “rain fish” that come to life during rainstorms in this gorgeous exploration of nature with vibrant collage artwork from the Caldecott Honor–winning illustrator of Chicka Chicka Boom Boom.When blue sky turns gray and it rains all day, sometimes rain fish come out and play. They swim among discards and debris. Do you see them, too? Or is it just me?Through lyrical text and her incomparable mixed-media collage illustrations, Lois Ehlert introduces readers to “rain fish”—the varied, colorful, and unique little collections of materials that float along on streams of rain water during storms. From a scrap of newspaper with a seashell eye and feather smile to a piece of cardboard with an orange peel eye and a leaf for a fin, Ehlert’s rain fish come in all shapes and sizes.Complete with an author’s note explaining how Ehlert collected the found materials she used to make the book over the course of a year, Rain Fish is a spirited celebration of imagination, creativity, and observing the world in your own way—and it invites you to discover your own rain fish. ...more",https://books.toscrape.com/catalogue/rain-fish_728/index.html
85b2176b3b194030,Robin War,Sequential Art,8,train,47.82,3,14,"It’s Robins vs. cops! Robins vs. Robins! Robins vs. Batman! Robins vs. the Court of Owls‽Collecting: Robin War 1-2, Grayson 15, Detective Comics 47, We Are Robin... 7, Robin: Son of Batman 7, Gotham Academy 13, Red Hood/Arsenal 7, & Teen Titans 15",https://books.toscrape.com/catalogue/robin-war_730/index.html
31e2e2d9cca3778f,"Red Hood/Arsenal, Vol. 1: Open for Business (Red Hood/Arsenal #1)",Sequential Art,8,train,25.48,2,14,"Red Hood and Arsenal are open for business! After working for the mysterious Tara Battleworth as on-staff outlaws, Roy and Jason have decided to branch out on their own as freelance problem solvers, investigators, and general butt-kicking specialists. But when the sinister corporate scourge of Underbelly rears its ugly head, can our heroes overcome pure evil and corruption Red Hood and Arsenal are open for business! After working for the mysterious Tara Battleworth as on-staff outlaws, Roy and Jason have decided to branch out on their own as freelance problem solvers, investigators, and general butt-kicking specialists. But when the sinister corporate scourge of Underbelly rears its ugly head, can our heroes overcome pure evil and corruption made manifest? Collects RED HOOD/ARSENAL #1-6. ...more",https://books.toscrape.com/catalogue/red-hoodarsenal-vol-1-open-for-business-red-hoodarsenal-1_729/index.html
132ec5e8c984adef,No Dream Is Too High: Life Lessons From a Man Who Walked on the Moon,Nonfiction,6,train,21.95,2,14,"Beloved American hero Buzz Aldrin reflects on the wisdom, guiding principles, and irreverent anecdotes he's gathered through his event-filled life—both in outer space and on earth—in this inspiring guide-to-life for the next generation. Everywhere he goes, crowds gather to meet Buzz Aldrin. He is a world-class hero, a larger-than-life figurehead, best known of a generatio Beloved American hero Buzz Aldrin reflects on the wisdom, guiding principles, and irreverent anecdotes he's gathered through his event-filled life—both in outer space and on earth—in this inspiring guide-to-life for the next generation.   Everywhere he goes, crowds gather to meet Buzz Aldrin. He is a world-class hero, a larger-than-life figurehead, best known of a generation of astronauts whose achievements surged in just a few years from first man in space to first men on the moon. Now he pauses to reflect and share what he has learned, from the vantage point not only of outer space but also of time: still a non-stop traveler and impassioned advocate for space exploration, Aldrin will be 86 in 2016.  No Dream Is Too High whittles down Buzz Aldrin's event-filled life into a short list of principles he values, each illustrated by fascinating anecdotes and memories, such as: ·      Second comes right after first. NASA protocol should have meant he was first on the moon, but rules changed just before the mission. How he learned to be proud of being the second man on the moon. ·      Look for opportunities, not obstacles. Buzz was rejected the first time he applied to be an astronaut. Failure is an opportunity to learn to do better. ·      Always maintain your spirit of adventure. For his 80th birthday, Buzz went diving in the Galapagos and hitched a ride on a whale shark. He stays fit, energetic, and fascinated with life.  No Dream Is Too High is a beautiful memento, a thought-provoking set of ideas, and a new opportunity for Buzz Aldrin to connect with the masses of people who recognize his unique place in human history. ...more",https://books.toscrape.com/catalogue/no-dream-is-too-high-life-lessons-from-a-man-who-walked-on-the-moon_722/index.html
e34efcc824685332,Once Was a Time,Childrens,0,train,18.28,2,14,"In the war-ravaged England of 1940, Charlotte Bromley is sure of only one thing: Kitty McLaughlin is her best friend in the whole world. But when Charlotte's scientist father makes an astonishing discovery that the Germans will covet for themselves, Charlotte is faced with an impossible choice between danger and safety. Should she remain with her friend or journey to anoth In the war-ravaged England of 1940, Charlotte Bromley is sure of only one thing: Kitty McLaughlin is her best friend in the whole world. But when Charlotte's scientist father makes an astonishing discovery that the Germans will covet for themselves, Charlotte is faced with an impossible choice between danger and safety. Should she remain with her friend or journey to another time and place? Her split-second decision has huge consequences, and when she finds herself alone in the world, unsure of Kitty's fate, she knows that somehow, some way, she must find her way back to her friend. Written in the spirit of classic time-travel tales, this book is an imaginative and heartfelt tribute to the unbreakable ties of friendship. ...more",https://books.toscrape.com/catalogue/once-was-a-time_724/index.html
71e36f33981ddb74,"Naruto (3-in-1 Edition), Vol. 14: Includes Vols. 40, 41 & 42 (Naruto: Omnibus #14)",Sequential Art,8,test,38.39,2,14,"Naruto is a young shinobi with an incorrigible knack for mischief. He’s got a wild sense of humor, but Naruto is completely serious about his mission to be the world’s greatest ninja!It’s Deidara vs. Sasuke, but even Deidara’s Ultimate Art may be no match for the all-powerful new Sasuke. The battle culminates in a giant explosion, leaving members of Team Kakashi concerned, Naruto is a young shinobi with an incorrigible knack for mischief. He’s got a wild sense of humor, but Naruto is completely serious about his mission to be the world’s greatest ninja!It’s Deidara vs. Sasuke, but even Deidara’s Ultimate Art may be no match for the all-powerful new Sasuke. The battle culminates in a giant explosion, leaving members of Team Kakashi concerned, especially when Karin cannot sense Sasuke’s chakra. Plus, deep inside the Land of Rain lies an Akatsuki secret that sheds doubt on the organization’s true intentions, as well as their mysterious leader, Pain. ...more",https://books.toscrape.com/catalogue/naruto-3-in-1-edition-vol-14-includes-vols-40-41-42-naruto-omnibus-14_721/index.html
cc82685d9f49bc2c,My Mrs. Brown,Fiction,2,test,24.48,3,14,"From William Norwich, the well-known fashion writer and editor, an unforgettable novel about a woman with a secret who travels to New York City on a determined quest to buy a special dress that represents everything she wants to say about that secret…and herself.Sometimes a dress isn’t just a dress.Emilia Brown is a woman of a certain age. She has spent a frugal, useful, a From William Norwich, the well-known fashion writer and editor, an unforgettable novel about a woman with a secret who travels to New York City on a determined quest to buy a special dress that represents everything she wants to say about that secret…and herself.Sometimes a dress isn’t just a dress.Emilia Brown is a woman of a certain age. She has spent a frugal, useful, and wholly restrained life in Ashville, a small town in Rhode Island. Overlooked especially by the industries of fashion and media, Mrs. Brown is one of today’s silent generations of women whose quiet no-frills existences would make them seem invisible. She is a genteel woman who has known her share of personal sorrows and quietly carried on, who makes a modest living cleaning and running errands at the local beauty parlor, who delights in evening chats with her much younger neighbor, twenty-three-year-old Alice Danvers.When the grand dame of Ashville passes away, Mrs. Brown is called upon to inventory her estate and comes across a dress that changes everything. This isn’t a Cinderella confection; it’s a simple yet exquisitely tailored Oscar de la Renta sheath and jacket—a suit that Mrs. Brown realizes, with startling clarity, will say everything she has ever wished to convey. She must have it. And so Mrs. Brown begins her odyssey to purchase the dress. For not only is the owning of the Oscar de la Renta a must, the intimidating trip to purchase it on Madison Avenue is essential as well. If the dress is to give Mrs. Brown a voice, then she must prepare by making the daunting journey—both to the emerald city and within herself.Timeless, poignant, and appealing, My Mrs. Brown is a novel for every mother in the world, every woman who ever wanted the perfect dress, and every child who wanted to give it to her. ...more",https://books.toscrape.com/catalogue/my-mrs-brown_719/index.html
727bf2b86b19ad88,My Name Is Lucy Barton,Fiction,2,train,41.56,1,14,"A new book by Pulitzer Prize winner Elizabeth Strout is cause for celebration. Her bestselling novels, including Olive Kitteridge and The Burgess Boys,have illuminated our most tender relationships. Now, in My Name Is Lucy Barton, this extraordinary writer shows how a simple hospital visit becomes a portal to the most tender relationship of all—the one between mother and d A new book by Pulitzer Prize winner Elizabeth Strout is cause for celebration. Her bestselling novels, including Olive Kitteridge and The Burgess Boys, have illuminated our most tender relationships. Now, in My Name Is Lucy Barton, this extraordinary writer shows how a simple hospital visit becomes a portal to the most tender relationship of all—the one between mother and daughter.   Lucy Barton is recovering slowly from what should have been a simple operation. Her mother, to whom she hasn’t spoken for many years, comes to see her. Gentle gossip about people from Lucy’s childhood in Amgash, Illinois, seems to reconnect them, but just below the surface lie the tension and longing that have informed every aspect of Lucy’s life: her escape from her troubled family, her desire to become a writer, her marriage, her love for her two daughters. Knitting this powerful narrative together is the brilliant storytelling voice of Lucy herself: keenly observant, deeply human, and truly unforgettable. ...more",https://books.toscrape.com/catalogue/my-name-is-lucy-barton_720/index.html
137b0b2775701e11,My Kind of Crazy,Young Adult,9,train,40.36,1,14,"Despite the best of intentions, seventeen-year old, wisecracking Hank Kirby can’t quite seem to catch a break. It’s not that he means to screw things up all the time, it just happens. A lot. Case in point: his attempt to ask out the girl he likes literally goes up in flames when he spells “Prom” in sparklers on her lawn…and nearly burns down her house. As if that wasn’t ba Despite the best of intentions, seventeen-year old, wisecracking Hank Kirby can’t quite seem to catch a break. It’s not that he means to screw things up all the time, it just happens. A lot. Case in point: his attempt to ask out the girl he likes literally goes up in flames when he spells “Prom” in sparklers on her lawn…and nearly burns down her house. As if that wasn’t bad enough, Peyton Breedlove, a brooding loner and budding pyromaniac, witnesses the whole thing. Much to Hank’s dismay, Peyton takes an interest in him—and his “work.” The two are thrust into an unusual friendship, but their boundaries are tested when Hank learns that Peyton is hiding some dark secrets, secrets that may change everything he thought he knew about Peyton. ...more",https://books.toscrape.com/catalogue/my-kind-of-crazy_718/index.html
caa2e5b3fb1b2d4c,Mr. Mercedes (Bill Hodges Trilogy #1),Fiction,2,test,28.9,1,14,"In the frigid pre-dawn hours, in a distressed Midwestern city, hundreds of desperate unemployed folks are lined up for a spot at a job fair. Without warning, a lone driver plows through the crowd in a stolen Mercedes, running over the innocent, backing up, and charging again. Eight people are killed; fifteen are wounded. The killer escapes.In another part of town, months l In the frigid pre-dawn hours, in a distressed Midwestern city, hundreds of desperate unemployed folks are lined up for a spot at a job fair. Without warning, a lone driver plows through the crowd in a stolen Mercedes, running over the innocent, backing up, and charging again. Eight people are killed; fifteen are wounded. The killer escapes.In another part of town, months later, a retired cop named Bill Hodges is still haunted by the unsolved crime. When he gets a crazed letter from someone who self-identifies as the ""perk"" and threatens an even more diabolical attack, Hodges wakes up from his depressed and vacant retirement, hell-bent on preventing another tragedy.Brady Hartfield lives with his alcoholic mother in the house where he was born. He loved the feel of death under the wheels of the Mercedes, and he wants that rush again.Only Bill Hodges, with a couple of highly unlikely allies, can apprehend the killer before he strikes again. And they have no time to lose, because Brady’s next mission, if it succeeds, will kill or maim thousands.Mr. Mercedes is a war between good and evil, from the master of suspense whose insight into the mind of this obsessed, insane killer is chilling and unforgettable. ...more",https://books.toscrape.com/catalogue/mr-mercedes-bill-hodges-trilogy-1_717/index.html
a10c7515834240f3,Lowriders to the Center of the Earth (Lowriders in Space #2),Sequential Art,8,train,51.51,2,14,"The lovable trio from the acclaimed Lowriders in Space are back! Lupe Impala, Elirio Malaria, and El Chavo Octopus are living their dream at last. They're the proud owners of their very own garage. But when their beloved cat Genie goes missing, they need to do everything they can to find him. Little do they know the trail will lead them to the realm of Mictlantecuhtli, the The lovable trio from the acclaimed Lowriders in Space are back! Lupe Impala, Elirio Malaria, and El Chavo Octopus are living their dream at last. They're the proud owners of their very own garage. But when their beloved cat Genie goes missing, they need to do everything they can to find him. Little do they know the trail will lead them to the realm of Mictlantecuhtli, the Aztec god of the Underworld, who is keeping Genie prisoner! With cool Spanish phrases on every page, a glossary of terms, and an action-packed plot that sneaks in science as well as Aztec lore, Lowriders to the Center of the Earth is a linguistic and visual delight. ¡Que suave! ...more",https://books.toscrape.com/catalogue/lowriders-to-the-center-of-the-earth-lowriders-in-space-2_712/index.html
5b43cae640f2338a,Luis Paints the World,Childrens,0,train,53.95,3,14,"Luis wishes Nico wasn't leaving for the Army. To show Nico he doesn't need to go, Luis begins a mural on the alleyway wall. Their house, the river, the Parque de las Ardillas—it's the world, all right there. Won't Nico miss Mami's sweet flan? What about their baseball games in the street? But as Luis awaits his brother's return from duty, his own world expands as well, thr Luis wishes Nico wasn't leaving for the Army. To show Nico he doesn't need to go, Luis begins a mural on the alleyway wall. Their house, the river, the Parque de las Ardillas—it's the world, all right there. Won't Nico miss Mami's sweet flan? What about their baseball games in the street? But as Luis awaits his brother's return from duty, his own world expands as well, through swooping paint and the help of their bustling Dominican neighborhood. ...more",https://books.toscrape.com/catalogue/luis-paints-the-world_714/index.html
1174156c4a0eccaa,Let It Out: A Journey Through Journaling,Nonfiction,6,train,26.79,5,14,"You want change. Maybe your career isn’t what you thought it would be . . . or your relationships aren’t what you had hoped. Perhaps you have a grand vision for your life but not the smallest clue on the steps to get there. Whether you’ve read the entire self-help section of the bookstore in vain or feel completely stuck on where to begin, you wish you had someone to hold You want change. Maybe your career isn’t what you thought it would be . . . or your relationships aren’t what you had hoped. Perhaps you have a grand vision for your life but not the smallest clue on the steps to get there. Whether you’ve read the entire self-help section of the bookstore in vain or feel completely stuck on where to begin, you wish you had someone to hold your hand and guide you.You do. And it’s only a blank page away.In Let It Out, millennial blogger, speaker, and podcast host Katie Dalebout shares the transformative practice that will rocket your life to the next level—journaling. Discovering in her darkest hours that a journal is the greatest tool in finding your purpose, healing yourself, and creating the life you most desire, Katie has assembled the remarkable tools and insights that will elevate your life and get you “unstuck”—for good.And don’t worry—you don’t need to be a writer! Journaling is simply a method of coaching yourself through your “stuff” and letting it out on the page, unclogging your mind from years of destructive thoughts. In doing so, you step into a position of unsurpassed clarity.Packed with journaling exercises, prompts, and techniques that can be done anywhere and in any order, this interactive guidebook offers you a new way to navigate your daily life, cope with stress, and create exciting, permanent change. Divided into seven sections covering everything from clearing clutter to finding presence to cultivating abundance to moving beyond fear, this book will be your new best friend and coach anytime you seek clarity or crave solace.Simply grab a pen, open your journal, and prepare to let it out.  ...more",https://books.toscrape.com/catalogue/let-it-out-a-journey-through-journaling_708/index.html
24af96df0bafb925,Looking for Lovely: Collecting the Moments that Matter,Nonfiction,6,train,29.14,5,14,"“I want you to take every step of your life with excitement for where you are headed. And I want you to feel beautiful and confident as you do.”But how? When the enemy whispers lies that you are not smart enough, pretty enough, or rich enough? Or you are too dumb, too loud, too quiet, too thin, too fat, too much or not enough? What if you don’t have what it takes to be who “I want you to take every step of your life with excitement for where you are headed. And I want you to feel beautiful and confident as you do.” But how? When the enemy whispers lies that you are not smart enough, pretty enough, or rich enough? Or you are too dumb, too loud, too quiet, too thin, too fat, too much or not enough? What if you don’t have what it takes to be who you really want to be? In Looking for Lovely, Annie F. Downs shares personal stories, biblical truth, and examples of how others have courageously walked the path God paved for their lives by remembering all God had done, loving what was right in front of them, and seeing God in the everyday—whether that be nature, friends, or the face they see in the mirror. Intensely personal, yet incredibly powerful, Looking for Lovely will spark transformative conversations and life changing patterns. No matter who we are and what path God has us on, we all need to look for lovely, fight to finish, and find beautiful in our every day! ...more",https://books.toscrape.com/catalogue/looking-for-lovely-collecting-the-moments-that-matter_710/index.html
245e6bf08b8d2955,"It's All Easy: Healthy, Delicious Weeknight Meals in under 30 Minutes",Food and Drink,3,train,19.55,1,14,"For fans of It's All Good-or just delicious food-here is the cookbook that will help anyone make delectable, healthy meals in no time! Gwyneth Paltrow is back to share more than 125 of her favorite recipes that can be made in the time it would take to order takeout (which often contains high quantities of fat, sugar, and processed ingredients). All the dishes are surprisin For fans of It's All Good-or just delicious food-here is the cookbook that will help anyone make delectable, healthy meals in no time! Gwyneth Paltrow is back to share more than 125 of her favorite recipes that can be made in the time it would take to order takeout (which often contains high quantities of fat, sugar, and processed ingredients). All the dishes are surprisingly tasty, with little or no sugar, fat, or gluten. From easy breakfasts to lazy suppers, this book has something for everybody. Yummy recipes include Chocolate Cinnamon Overnight Oats, Soft Polenta with Cherry Tomatoes, Chicken Enchiladas, Pita Bread Pizzas, Quick Sesame Noodles, and more! Plus, an innovative chapter for ""on-the-go"" meals (Moroccan Chicken Salad Wrap, Chopped Salad with Grilled Shrimp, and others) that you can take for lunch to work or school, to a picnic, or to eat while watching soccer practice! ...more",https://books.toscrape.com/catalogue/its-all-easy-healthy-delicious-weeknight-meals-in-under-30-minutes_706/index.html
aeff7b87a8e83ebb,I Am Pilgrim (Pilgrim #1),Fiction,2,train,10.6,4,14,"A breakneck race against time...and an implacable enemy.An anonymous young woman murdered in a run-down hotel, all identifying characteristics dissolved by acid. A father publicly beheaded in the blistering heat of a Saudi Arabian public square. A notorious Syrian biotech expert found eyeless in a Damascus junkyard. Smoldering human remains on a remote mountainside in Afgh A breakneck race against time...and an implacable enemy.An anonymous young woman murdered in a run-down hotel, all identifying characteristics dissolved by acid. A father publicly beheaded in the blistering heat of a Saudi Arabian public square. A notorious Syrian biotech expert found eyeless in a Damascus junkyard. Smoldering human remains on a remote mountainside in Afghanistan. A flawless plot to commit an appalling crime against humanity. One path links them all, and only one man can make the journey.Pilgrim. ...more",https://books.toscrape.com/catalogue/i-am-pilgrim-pilgrim-1_703/index.html
2b52334fab158861,Island of Dragons (Unwanteds #7),Fantasy,1,train,29.65,1,14,"Twins Alex and Aaron Stowe are put to the ultimate test to fulfill their destinies and save both Quill and Artimé from the deadliest enemy the cities have ever faced in the thrilling conclusion of the New York Times bestselling Unwanteds series, which Kirkus Reviews called “The Hunger Games meets Harry Potter.” Head mage Alexander Stowe and his friends successfully fended Twins Alex and Aaron Stowe are put to the ultimate test to fulfill their destinies and save both Quill and Artimé from the deadliest enemy the cities have ever faced in the thrilling conclusion of the New York Times bestselling Unwanteds series, which Kirkus Reviews called “The Hunger Games meets Harry Potter.” Head mage Alexander Stowe and his friends successfully fended off the latest threat to their magical world of Artimé with the help of a surprise ally. But old enemies have secretly been plotting against them. Now Alex must lead his people in a final epic battle, one they can’t hope to win alone. Will Artimé finally know peace or will all they’ve fought for be destroyed forever? - See more at: http://books.simonandschuster.co.uk/I... ...more",https://books.toscrape.com/catalogue/island-of-dragons-unwanteds-7_705/index.html
afa829857f82f99e,Hamilton: The Revolution,Nonfiction,6,train,58.79,3,14,"Lin-Manuel Miranda's groundbreaking musical Hamilton is as revolutionary as its subject, the poor kid from the Caribbean who fought the British, defended the Constitution, and helped to found the United States. Fusing hip-hop, pop, R&B, and the best traditions of theater, this once-in-a-generation show broadens the sound of Broadway, reveals the storytelling power of r Lin-Manuel Miranda's groundbreaking musical Hamilton is as revolutionary as its subject, the poor kid from the Caribbean who fought the British, defended the Constitution, and helped to found the United States. Fusing hip-hop, pop, R&B, and the best traditions of theater, this once-in-a-generation show broadens the sound of Broadway, reveals the storytelling power of rap, and claims our country's origins for a diverse new generation.HAMILTON: THE REVOLUTION gives readers an unprecedented view of both revolutions, from the only two writers able to provide it. Miranda, along with Jeremy McCarter, a cultural critic and theater artist who was involved in the project from its earliest stages--""since before this was even a show,"" according to Miranda--traces its development from an improbable perfor­mance at the White House to its landmark opening night on Broadway six years later. In addition, Miranda has written more than 200 funny, revealing footnotes for his award-winning libretto, the full text of which is published here.Their account features photos by the renowned Frank Ockenfels and veteran Broadway photographer, Joan Marcus; exclusive looks at notebooks and emails; interviews with Questlove, Stephen Sond­heim, leading political commentators, and more than 50 people involved with the production; and multiple appearances by Presi­dent Obama himself. The book does more than tell the surprising story of how a Broadway musical became a national phenomenon: It demonstrates that America has always been renewed by the brash upstarts and brilliant outsiders, the men and women who don't throw away their shot. ...more",https://books.toscrape.com/catalogue/hamilton-the-revolution_699/index.html
0b165bd4b9f42fd5,Hold Your Breath (Search and Rescue #1),Romance,7,train,28.82,1,14,"In the remote Rocky Mountains, lives depend on the Search & Rescue brotherhood. But in a place this far off the map, trust is hard to come by and secrets can be murder...As the captain of Field County's ice rescue dive team, Callum Cook is driven to perfection. But when he meets new diver Louise ""Lou"" Sparks, all that hard-won order is obliterated in an instant. Lou is In the remote Rocky Mountains, lives depend on the Search & Rescue brotherhood. But in a place this far off the map, trust is hard to come by and secrets can be murder...As the captain of Field County's ice rescue dive team, Callum Cook is driven to perfection. But when he meets new diver Louise ""Lou"" Sparks, all that hard-won order is obliterated in an instant. Lou is a hurricane. A walking disaster. And with her, he's never felt more alive...even if keeping her safe may just kill him.Lou's new to the Rockies, intent on escaping her controlling ex, and she's determined to make it on her own terms...no matter how tempting Callum may be. But when a routine training exercise unearths a body, Lou and Callum find themselves thrust into a deadly game of cat and mouse with a killer who will stop at nothing to silence Lou-and prove that not even her new Search and Rescue family can keep her safe forever. ...more",https://books.toscrape.com/catalogue/hold-your-breath-search-and-rescue-1_700/index.html
de4b403cb629a29f,Glory over Everything: Beyond The Kitchen House,Historical Fiction,4,test,45.84,3,14,"From the author of the New York Times bestseller and beloved book club favorite The Kitchen House, a novel of family and long-buried secrets along the treacherous Underground Railroad.Jamie Pyke, son of both a slave and master of Tall Oakes, has a deadly secret that compels him to take a treacherous journey through the Underground Railroad.Published in 2010, The Kitchen Ho From the author of the New York Times bestseller and beloved book club favorite The Kitchen House, a novel of family and long-buried secrets along the treacherous Underground Railroad.Jamie Pyke, son of both a slave and master of Tall Oakes, has a deadly secret that compels him to take a treacherous journey through the Underground Railroad.Published in 2010, The Kitchen House became a grassroots bestseller. Fans connected so deeply to the book’s characters that the author, Kathleen Grissom, found herself being asked over and over “what happens next?” The wait is finally over.This new, stand-alone novel opens in 1830, and Jamie, who fled from the Virginian plantation he once called home, is passing in Philadelphia society as a wealthy white silversmith. After many years of striving, Jamie has achieved acclaim and security, only to discover that his aristocratic lover Caroline is pregnant. Before he can reveal his real identity to her, he learns that his beloved servant Pan has been captured and sold into slavery in the South. Pan’s father, to whom Jamie owes a great debt, pleads for Jamie’s help, and Jamie agrees, knowing the journey will take him perilously close to Tall Oakes and the ruthless slave hunter who is still searching for him. Meanwhile, Caroline’s father learns and exposes Jamie’s secret, and Jamie loses his home, his business, and finally Caroline.Heartbroken and with nothing to lose, Jamie embarks on a trip to a North Carolina plantation where Pan is being held with a former Tall Oakes slave named Sukey, who is intent on getting Pan to the Underground Railroad. Soon the three of them are running through the Great Dismal Swamp, the notoriously deadly hiding place for escaped slaves. Though they have help from those in the Underground Railroad, not all of them will make it out alive. ...more",https://books.toscrape.com/catalogue/glory-over-everything-beyond-the-kitchen-house_696/index.html
9eaf58b03a2779cc,Eligible (The Austen Project #4),Fiction,2,train,27.09,3,14,"A Modern Retelling of Pride and PrejudiceThis version of the Bennet family—and Mr. Darcy—is one that you have and haven’t met before: Liz is a magazine writer in her late thirties who, like her yoga instructor older sister, Jane, lives in New York City. When their father has a health scare, they return to their childhood home in Cincinnati to help—and discover that the spr A Modern Retelling of Pride and PrejudiceThis version of the Bennet family—and Mr. Darcy—is one that you have and haven’t met before: Liz is a magazine writer in her late thirties who, like her yoga instructor older sister, Jane, lives in New York City. When their father has a health scare, they return to their childhood home in Cincinnati to help—and discover that the sprawling Tudor they grew up in is crumbling and the family is in disarray.Youngest sisters Kitty and Lydia are too busy with their CrossFit workouts and Paleo diets to get jobs. Mary, the middle sister, is earning her third online master’s degree and barely leaves her room, except for those mysterious Tuesday-night outings she won’t discuss. And Mrs. Bennet has one thing on her mind: how to marry off her daughters, especially as Jane’s fortieth birthday fast approaches.Enter Chip Bingley, a handsome new-in-town doctor who recently appeared on the juggernaut reality TV dating show Eligible. At a Fourth of July barbecue, Chip takes an immediate interest in Jane, but Chip’s friend neurosurgeon Fitzwilliam Darcy reveals himself to Liz to be much less charming. . . .And yet, first impressions can be deceiving. ...more",https://books.toscrape.com/catalogue/eligible-the-austen-project-4_692/index.html
ac4dde0d1be05de0,"Far & Away: Places on the Brink of Change: Seven Continents, Twenty-Five Years",Nonfiction,6,train,15.06,4,14,"From the winner of the National Book Award and the National Books Critics’ Circle Award—and one of the most original thinkers of our time—a riveting collection of essays about places in dramatic transition.Far and Away collects Andrew Solomon’s writings about places undergoing seismic shifts—political, cultural, and spiritual. Chronicling his stint on the barricades in Mos From the winner of the National Book Award and the National Books Critics’ Circle Award—and one of the most original thinkers of our time—a riveting collection of essays about places in dramatic transition.Far and Away collects Andrew Solomon’s writings about places undergoing seismic shifts—political, cultural, and spiritual. Chronicling his stint on the barricades in Moscow in 1991, when he joined artists in resisting the coup whose failure ended the Soviet Union, his 2002 account of the rebirth of culture in Afghanistan following the fall of the Taliban, his insightful appraisal of a Myanmar seeped in contradictions as it slowly, fitfully pushes toward freedom, and many other stories of profound upheaval, this book provides a unique window onto the very idea of social change. With his signature brilliance and compassion, Solomon demonstrates both how history is altered by individuals, and how personal identities are altered when governments alter.A journalist and essayist of remarkable perception and prescience, Solomon captures the essence of these cultures. Ranging across seven continents and twenty-five years, Far and Away takes a magnificent journey into the heart of extraordinarily diverse experiences, yet Solomon finds a common humanity wherever he travels. Illuminating the development of his own genius, his stories are always intimate and often both funny and deeply moving. ...more",https://books.toscrape.com/catalogue/far-away-places-on-the-brink-of-change-seven-continents-twenty-five-years_694/index.html
27c5968fe43cc06e,El Deafo,Sequential Art,8,train,57.62,5,14,"Starting at a new school is scary, even more so with a giant hearing aid strapped to your chest! At her old school, everyone in Cece's class was deaf. Here she is different. She is sure the kids are staring at the Phonic Ear, the powerful aid that will help her hear her teacher. Too bad it also seems certain to repel potential friends. Then Cece makes a startling discovery Starting at a new school is scary, even more so with a giant hearing aid strapped to your chest! At her old school, everyone in Cece's class was deaf. Here she is different. She is sure the kids are staring at the Phonic Ear, the powerful aid that will help her hear her teacher. Too bad it also seems certain to repel potential friends. Then Cece makes a startling discovery. With the Phonic Ear she can hear her teacher not just in the classroom, but anywhere her teacher is in school--in the hallway...in the teacher's lounge...in the bathroom! This is power. Maybe even superpower! Cece is on her way to becoming El Deafo, Listener for All. But the funny thing about being a superhero is that it's just another way of feeling different... and lonely. Can Cece channel her powers into finding the thing she wants most, a true friend?This funny perceptive graphic novel memoir about growing up hearing impaired is also an unforgettable book about growing up, and all the super and super embarrassing moments along the way. ...more",https://books.toscrape.com/catalogue/el-deafo_691/index.html
a01f6d368ef64dc5,"Eaternity: More than 150 Deliciously Easy Vegan Recipes for a Long, Healthy, Satisfied, Joyful Life",Nonfiction,6,test,51.75,5,14,"Vegan chef and wellness expert Jason Wrobel offers up a comprehensive recipe and lifestyle book with practical tips for creating drool-worthy dishes with specific nutritional benefits. While at its core Eaternity is a cookbook, it’s so much more than that. In it, Jason explains which foods contain active ingredients to support health and longevity. Now, you might be thinki Vegan chef and wellness expert Jason Wrobel offers up a comprehensive recipe and lifestyle book with practical tips for creating drool-worthy dishes with specific nutritional benefits. While at its core Eaternity is a cookbook, it’s so much more than that. In it, Jason explains which foods contain active ingredients to support health and longevity. Now, you might be thinking, “What’s the big deal about living a long time?” Well, if you’re having a pretty good time here on planet Earth, wouldn’t you want to stick around as long as possible to enjoy it? And wouldn’t you want to feel great the entire time?  Unlike most cookbooks that merely tell you what to eat and how to make it, Eaternity gives you the current research and science behind common public health concerns, and explains why you should eat certain foods based on your individual goals—whether it’s to lose weight, have more energy, sleep sounder, feel stronger, or get your libido running (ooh, la la!).Eaternity has 150+ nutritious yet delicious meat-free recipes that will satisfy all of your insane comfort-food cravings, because let’s face it—not everyone is ready for wheatgrass shots, seaweed salads, and buckwheat granola! It features such fan favorites as Chocolate Avocado Jungle Peanut Pudding, Superfood Caesar Salad, Coconut Milk Asparagus Risotto, Spicy Sweet Potato Tortilla Soup, and—wait for it—Salted Caramel Waffles. One bite and you’ll be obsessed, Jess. With a refreshingly light, no-pressure vibe, wicked humor, and stunning food photography, Eaternity makes it easy to get on board and feel friggin’ awesome! It’s Nutrition 101 meets jaw-dropping food porn, taught by a comedian in a chef’s coat. Boom! ...more",https://books.toscrape.com/catalogue/eaternity-more-than-150-deliciously-easy-vegan-recipes-for-a-long-healthy-satisfied-joyful-life_689/index.html
1d6dd0c87d90fe92,Eight Hundred Grapes,Fiction,2,test,14.39,4,14,"There are secrets you share, and secrets you hide…Growing up on her family’s Sonoma vineyard, Georgia Ford learned some important secrets. The secret number of grapes it takes to make a bottle of wine: eight hundred. The secret ingredient in her mother’s lasagna: chocolate. The secret behind ending a fight: hold hands.But just a week before her wedding, thirty-year-old Geo There are secrets you share, and secrets you hide…Growing up on her family’s Sonoma vineyard, Georgia Ford learned some important secrets. The secret number of grapes it takes to make a bottle of wine: eight hundred. The secret ingredient in her mother’s lasagna: chocolate. The secret behind ending a fight: hold hands.But just a week before her wedding, thirty-year-old Georgia discovers her beloved fiancé has been keeping a secret so explosive, it will change their lives forever.Georgia does what she’s always done: she returns to the family vineyard, expecting the comfort of her long-married parents, and her brothers, and everything familiar. But it turns out her fiancé is not the only one who’s been keeping secrets… ...more",https://books.toscrape.com/catalogue/eight-hundred-grapes_690/index.html
ad2887ce04583910,Don't Get Caught,Young Adult,9,test,55.35,1,14,"10:00 tonight at the water tower. Tell no one. -Chaos ClubWhen Max receives a mysterious invite from the untraceable, epic prank-pulling Chaos Club, he has to ask: why him? After all, he's Mr. 2.5 GPA, Mr. No Social Life. He's Just Max. And his favorite heist movies have taught him this situation calls for Rule #4: Be suspicious. But it's also his one shot to leave Just Ma 10:00 tonight at the water tower. Tell no one. -Chaos ClubWhen Max receives a mysterious invite from the untraceable, epic prank-pulling Chaos Club, he has to ask: why him? After all, he's Mr. 2.5 GPA, Mr. No Social Life. He's Just Max. And his favorite heist movies have taught him this situation calls for Rule #4: Be suspicious. But it's also his one shot to leave Just Max in the dust...Yeah, not so much. Max and four fellow students-who also received invites-are standing on the newly defaced water tower when campus security ""catches"" them. Definitely a setup. And this time, Max has had enough. It's time for Rule #7: Always get payback.Let the prank war begin. ...more",https://books.toscrape.com/catalogue/dont-get-caught_687/index.html
3c6fe637a0180b01,Demigods & Magicians: Percy and Annabeth Meet the Kanes (Percy Jackson & Kane Chronicles Crossover #1-3),Fantasy,1,test,37.51,5,14,"Magic, monsters, and mayhem abound when Percy Jackson and Annabeth Chase meet Carter and Sadie Kane for the first time. Weird creatures are appearing in unexpected places, and the demigods and magicians have to team up to take them down. As they battle with Celestial Bronze and glowing hieroglyphs, the four heroes find that they have a lot in common--and more power than th Magic, monsters, and mayhem abound when Percy Jackson and Annabeth Chase meet Carter and Sadie Kane for the first time. Weird creatures are appearing in unexpected places, and the demigods and magicians have to team up to take them down. As they battle with Celestial Bronze and glowing hieroglyphs, the four heroes find that they have a lot in common--and more power than they ever thought possible. But will their combined forces be enough to foil an ancient enemy who is mixing Greek and Egyptian incantations for an evil purpose? Rick Riordan wields his usual storytelling magic in this adrenaline-fueled adventure. ...more",https://books.toscrape.com/catalogue/demigods-magicians-percy-and-annabeth-meet-the-kanes-percy-jackson-kane-chronicles-crossover-1-3_685/index.html
94a958ea126cdcd5,Dear Mr. Knightley,Fiction,2,train,11.21,5,14,"Dear Mr. Knightley is a contemporary epistolary novel with a delightful dash of Jane Austen.Samantha Moore survived years of darkness in the foster care system by hiding behind her favorite characters in literature, even adopting their very words. Her fictional friends give her an identity, albeit a borrowed one. But most importantly, they protect her from revealing her tr Dear Mr. Knightley is a contemporary epistolary novel with a delightful dash of Jane Austen.Samantha Moore survived years of darkness in the foster care system by hiding behind her favorite characters in literature, even adopting their very words. Her fictional friends give her an identity, albeit a borrowed one. But most importantly, they protect her from revealing her true self and encountering more pain.After college, Samantha receives an extraordinary opportunity. The anonymous “Mr. Knightley” offers her a full scholarship to earn her graduate degree at the prestigious Medill School of Journalism. The sole condition is that Sam write to Mr. Knightley regularly to keep him apprised of her progress.As Sam’s true identity begins to reveal itself through her letters, her heart begins to soften to those around her—a damaged teenager and fellow inhabitant of Grace House, her classmates at Medill, and, most powerfully, successful novelist Alex Powell. But just as Sam finally begins to trust, she learns that Alex has secrets of his own—secrets that, for better or for worse, make it impossible for Sam to hide behind either her characters or her letters. ...more",https://books.toscrape.com/catalogue/dear-mr-knightley_684/index.html
28cf0d1c51b491e5,Cometh the Hour (The Clifton Chronicles #6),Fiction,2,test,25.01,3,14,"Cometh the Hour opens with the reading of a suicide note, which has devastating consequences for Harry and Emma Clifton, Giles Barrington and Lady Virginia.Giles must decide if he should withdraw from politics and try to rescue Karin, the woman he loves, from behind the Iron Curtain. But is Karin truly in love with him, or is she a spy?Lady Virginia is facing bankruptcy, a Cometh the Hour opens with the reading of a suicide note, which has devastating consequences for Harry and Emma Clifton, Giles Barrington and Lady Virginia.Giles must decide if he should withdraw from politics and try to rescue Karin, the woman he loves, from behind the Iron Curtain. But is Karin truly in love with him, or is she a spy?Lady Virginia is facing bankruptcy, and can see no way out of her financial problems, until she is introduced to the hapless Cyrus T. Grant III from Baton Rouge, Louisiana, who's in England to see his horse run at Royal Ascot.Sebastian Clifton is now the Chief Executive of Farthings Bank and a workaholic, whose personal life is thrown into disarray when he falls for Priya, a beautiful Indian girl. But her parents have already chosen the man she is going to marry. Meanwhile, Sebastian's rivals Adrian Sloane and Desmond Mellor are still plotting to bring him and his chairman Hakim Bishara down, so they can take over Farthings.Harry Clifton remains determined to get Anatoly Babakov released from a gulag in Siberia, following the international success of his acclaimed book, Uncle Joe. But then something unexpected happens that none of them could have anticipated.Cometh the Hour is the penultimate book in the Clifton Chronicles and, like the five previous novels - which were all New York Times bestsellers - showcases Jeffrey Archer's extraordinary storytelling with his trademark twists. ...more",https://books.toscrape.com/catalogue/cometh-the-hour-the-clifton-chronicles-6_681/index.html
966ebb738e0f9d9b,City of Glass (The Mortal Instruments #3),Fantasy,1,test,56.02,4,14,"Also see: Alternate Cover Editions for this ISBN [ACE] ACE #1 To save her mother's life, Clary must travel to the City of Glass, the ancestral home of the Shadowhunters - never mind that entering the city without permission is against the Law, and breaking the Law could mean death. To make things worse, she learns that Jace does not want her there, and Simon has been thr Also see: Alternate Cover Editions for this ISBN [ACE] ACE #1 To save her mother's life, Clary must travel to the City of Glass, the ancestral home of the Shadowhunters - never mind that entering the city without permission is against the Law, and breaking the Law could mean death. To make things worse, she learns that Jace does not want her there, and Simon has been thrown in prison by the Shadowhunters, who are deeply suspicious of a vampire who can withstand sunlight.As Clary uncovers more about her family's past, she finds an ally in mysterious Shadowhunter Sebastian. With Valentine mustering the full force of his power to destroy all Shadowhunters forever, their only chance to defeat him is to fight alongside their eternal enemies. But can Downworlders and Shadowhunters put aside their hatred to work together? While Jace realizes exactly how much he's willing to risk for Clary, can she harness her newfound powers to help save the Glass City - whatever the cost?Love is a mortal sin and the secrets of the past prove deadly as Clary and Jace face down Valentine in the third installment of the New York Times bestselling series The Mortal Instruments. ...more",https://books.toscrape.com/catalogue/city-of-glass-the-mortal-instruments-3_678/index.html
e2e7b683b4c15b7d,Catching Jordan (Hundred Oaks),Young Adult,9,train,50.83,3,14,"ONE OF THE BOYSWhat girl doesn't want to be surrounded by gorgeous jocks day in and day out? Jordan Woods isn't just surrounded by hot guys, though-she leads them as the captain and quarterback of her high school football team. They all see her as one of the guys and that's just fine. As long as she gets her athletic scholarship to a powerhouse university.But everything sh ONE OF THE BOYSWhat girl doesn't want to be surrounded by gorgeous jocks day in and day out? Jordan Woods isn't just surrounded by hot guys, though-she leads them as the captain and quarterback of her high school football team. They all see her as one of the guys and that's just fine. As long as she gets her athletic scholarship to a powerhouse university.But everything she's ever worked for is threatened when Ty Green moves to her school. Not only is he an amazing QB, but he's also amazingly hot. And for the first time, Jordan's feeling vulnerable. Can she keep her head in the game while her heart's on the line? ...more",https://books.toscrape.com/catalogue/catching-jordan-hundred-oaks_673/index.html
a80f66b254fe9eb3,Brain on Fire: My Month of Madness,Nonfiction,6,train,49.32,5,14,"An award-winning memoir and instant New York Times bestseller that goes far beyond its riveting medical mystery, Brain on Fire is the powerful account of one woman’s struggle to recapture her identity.When twenty-four-year-old Susannah Cahalan woke up alone in a hospital room, strapped to her bed and unable to move or speak, she had no memory of how she’d gotten there. Day An award-winning memoir and instant New York Times bestseller that goes far beyond its riveting medical mystery, Brain on Fire is the powerful account of one woman’s struggle to recapture her identity.When twenty-four-year-old Susannah Cahalan woke up alone in a hospital room, strapped to her bed and unable to move or speak, she had no memory of how she’d gotten there. Days earlier, she had been on the threshold of a new, adult life: at the beginning of her first serious relationship and a promising career at a major New York newspaper. Now she was labeled violent, psychotic, a flight risk. What happened?In a swift and breathtaking narrative, Cahalan tells the astonishing true story of her descent into madness, her family’s inspiring faith in her, and the lifesaving diagnosis that nearly didn’t happen. ...more",https://books.toscrape.com/catalogue/brain-on-fire-my-month-of-madness_669/index.html
16ef91b9d827859c,Buying In: The Secret Dialogue Between What We Buy and Who We Are,Nonfiction,6,train,37.8,4,14,"“Fascinating … A compelling blend of cultural anthropology and business journalism.” — Andrea Sachs, Time Magazine “An often startling tour of new cultural terrain.” — Laura Miller, Salon “Marked by meticulous research and careful conclusions, this superbly readable book confirms New York Times journalist Walker as an expert on consumerism. … [A] thoughtful and unhurried i “Fascinating … A compelling blend of cultural anthropology and business journalism.” — Andrea Sachs, Time Magazine “An often startling tour of new cultural terrain.” — Laura Miller, Salon “Marked by meticulous research and careful conclusions, this superbly readable book confirms New York Times journalist Walker as an expert on consumerism. … [A] thoughtful and unhurried investigation into consumerism that pushes the analysis to the maximum…” — Publisher’s Weekly (starred review) Brands are dead. Advertising no longer works. Weaned on TiVo, the Internet, and other emerging technologies, the short-attention-span generation has become immune to marketing. Consumers are “in control.” Or so we’re told.In Buying In, New York Times Magazine “Consumed” columnist Rob Walker argues that this accepted wisdom misses a much more important and lasting cultural shift. As technology has created avenues for advertising anywhere and everywhere, people are embracing brands more than ever before–creating brands of their own and participating in marketing campaigns for their favorite brands in unprecedented ways. Increasingly, motivated consumers are pitching in to spread the gospel virally, whether by creating Internet video ads for Converse All Stars or becoming word-of-mouth “agents” touting products to friends and family on behalf of huge corporations. In the process, they–we–have begun to funnel cultural, political, and community activities through connections with brands. Walker explores this changing cultural landscape–including a practice he calls “murketing,” blending the terms murky and marketing–by introducing us to the creative marketers, entrepreneurs, artists, and community organizers who have found a way to thrive within it. Using profiles of brands old and new, including Timberland, American Apparel, Pabst Blue Ribbon, Red Bull, iPod, and Livestrong, Walker demonstrates the ways in which buyers adopt products, not just as consumer choices, but as conscious expressions of their identities. Part marketing primer, part work of cultural anthropology, Buying In reveals why now, more than ever, we are what we buy–and vice versa. Praise for Buying In “Walker … makes a startling claim: Far from being immune to advertising, as many people think, American consumers are increasingly active participants in the marketing process. … [He] leads readers through a series of lucid case studies to demonstrate that, in many cases, consumers actively participate in infusing a brand with meaning. … Convincing.” — Jay Dixit, The Washington Post “Walker lays out his theory in well-written, entertaining detail.” — Seth Stevenson, Slate “Buying In delves into the attitudes of the global consumer in the age of plenty, and, well, we aren’t too pretty. Walker carries the reader on a frenetically paced tour of senseless consumption spanning from Viking ranges to custom high-tops.” — Robert Blinn, Core77 “Rob Walker is one smart shopper.” — Jen Trolio, ReadyMade “The most trenchant psychoanalyst of our consumer selves is Rob Walker. This is a fresh and fascinating exploration of the places where material culture and identity intersect.” –Michael Pollan, author of In Defense of Food “This book has vast social implications, far beyond the fields of marketing and branding. It obliterates our old paradigm of companies (the bad guys) corrupting our children (the innocents) via commercials. In this new world, media-literate young people freely and willingly co-opt the brands, and most companies are clueless bystanders desperate to keep up. I really don't know if this is good news or bad news, but I can say, with certainty, that this book is a must-read.”–Po Bronson, author of What Should I Do with My Life? “Rob Walker is a gift. He shows that in our shattered, scattered world, powerful brands are existential, insinuating themselves into the human questions ‘What am I about?’ and ‘How do I connect?’ His insight that brand influence is becoming both more pervasive and more hidden–that we are not so self-defined as we like to think–should make us disturbed, and vigilant.”–Jim Collins, author of Good to Great“Rob Walker is a terrific writer who understands both human nature and the business world. His book is highly entertaining, but it’s also a deeply thoughtful look at the ways in which marketing meets the modern psyche.”–Bethany McLean, editor at large, Fortune, and co-author of The Smartest Guys in the Room“Are we living in an era of YouTube-empowered, brand-rejecting consumers? Rob Walker has the surprising answers, and you won’t want to miss this joyride through the front lines of consumer culture. A marketing must-read.”–Chip Heath and Dan Heath, authors of Made to Stick “Rob Walker brilliantly deconstructs the religion of consumption. Love his column, couldn’t put his book down.”–Paco Underhill, author of Why We Buy ...more",https://books.toscrape.com/catalogue/buying-in-the-secret-dialogue-between-what-we-buy-and-who-we-are_670/index.html
999912e63a3262ae,Barefoot Contessa Back to Basics,Food and Drink,3,train,28.01,1,14,"#1 NEW YORK TIMES BESTSELLERBarefoot Contessa Back to Basics is the essential Ina Garten cookbook, focusing on the techniques behind her elegant food and easy entertaining style, and offering nearly a hundred brand-new recipes that will become trusted favorites. Ina Garten’ s bestselling cookbooks have con-sistently provided accessible, subtly sophisticated recipes ranging #1 NEW YORK TIMES BESTSELLERBarefoot Contessa Back to Basics is the essential Ina Garten cookbook, focusing on the techniques behind her elegant food and easy entertaining style, and offering nearly a hundred brand-new recipes that will become trusted favorites. Ina Garten’ s bestselling cookbooks have con-sistently provided accessible, subtly sophisticated recipes ranging from French classics made easy to delicious, simple home cooking. In Barefoot Contessa Back to Basics, Ina truly breaks down her ideas on flavor, examining the ingredients and techniques that are the foundation of her easy, refined style. Here Ina covers the essentials, from ten ways to boost the flavors of your ingredients to ten things not to serve at a party, as well as professional tips that make successful baking, cooking, and entertaining a breeze. The recipes—crowd-pleasers like Lobster Corn Chowder, Tuscan Lemon Chicken, and Easy Sticky Buns—demonstrate Ina’s talent for transforming fresh, easy-to-find ingredients into elegant meals you can make without stress. For longtime fans, Ina delivers new insights into her simple techniques; for newcomers she provides a thorough master class on the basics of Barefoot Contessa cooking plus a Q&A section with answers to the questions people ask her all the time. With full-color photographs and invaluable cooking tips, Barefoot Contessa Back to Basics is an essential addition to the cherished library of Barefoot Contessa cookbooks. ...more",https://books.toscrape.com/catalogue/barefoot-contessa-back-to-basics_667/index.html
bf68dcb5fad3cc8c,Batman: Europa,Sequential Art,8,train,32.01,2,14,"The long-awaited 4-issue miniseries is collected in a new hardcover! The impossible has happened and Batman is on the verge of being taken down by an enemy he cannot defeat: a virus for which there is no cure! And the only hope for his salvation is The Joker! Who infected Batman, what does the Clown Prince of Crime know, and how will the Dark Knight get that information? T The long-awaited 4-issue miniseries is collected in a new hardcover! The impossible has happened and Batman is on the verge of being taken down by an enemy he cannot defeat: a virus for which there is no cure! And the only hope for his salvation is  The Joker! Who infected Batman, what does the Clown Prince of Crime know, and how will the Dark Knight get that information? Together, the enemies crisscross Europe, desperate to find answers before time runs out. ...more",https://books.toscrape.com/catalogue/batman-europa_668/index.html
0e0da9192a025efc,Barefoot Contessa at Home: Everyday Recipes You'll Make Over and Over Again,Food and Drink,3,test,50.62,5,14,"#1 NEW YORK TIMES BESTSELLERThroughout the years that she has lived and worked in East Hampton, Ina Garten has catered and attended countless parties and dinners. She will be the first to tell you, though, that nothing beats a cozy dinner, surrounded by the people you love most, in the comfort that only your own home can provide. In Barefoot Contessa at Home, Ina shares he #1 NEW YORK TIMES BESTSELLERThroughout the years that she has lived and worked in East Hampton, Ina Garten has catered and attended countless parties and dinners. She will be the first to tell you, though, that nothing beats a cozy dinner, surrounded by the people you love most, in the comfort that only your own home can provide. In Barefoot Contessa at Home, Ina shares her life in East Hampton, the recipes she loves, and her secrets to making guests feel welcome and comfortable. For Ina, it’s friends and family–gathered around the dinner table or cooking with her in the kitchen–that really make her house feel like home. Here Ina offers the tried-and-true recipes that she makes over and over again because they’re easy, they work, and they’re universally loved. For a leisurely Sunday breakfast, she has Easy Cheese Danishes or Breakfast Fruit Crunch to serve with the perfect Spicy Bloody Mary. For lunch, she has classics with a twist, such as Tomato, Mozzarella, and Pesto Paninis and Old-Fashioned Potato Salad, which are simply delicious. Then there are Ina’s homey dinners–from her own version of loin of pork stuffed with sautéed fennel to the exotic flavors of Eli’s Asian Salmon. And since Ina knows no one ever forgets what you serve for dessert, she includes recipes for outrageously luscious sweets like Peach and Blueberry Crumble, Pumpkin Mousse Parfait, and Chocolate Cupcakes with Peanut Butter Icing. Ina also lets readers in on her time-tested secrets for cooking and entertaining. Get the inside scoop on everything from what Ina considers when she’s designing a kitchen to menu-planning basics and how to make a dinner party fun (here’s a hint: it doesn’ t involve making complicated food!). Along with beautiful photographs of Ina’s dishes, her home, and the East Hampton she loves, this book is filled with signature recipes that strike the perfect balance between elegance and casual comfort. With her most indispensable collection yet, Ina Garten proves beyond a shadow of doubt that there truly is no place like home. ...more",https://books.toscrape.com/catalogue/barefoot-contessa-at-home-everyday-recipes-youll-make-over-and-over-again_666/index.html
ffdc825785c0ede8,Art Ops Vol. 1,Sequential Art,8,train,48.8,3,14,"Reggie Riot is no one’s idea of a cultural savior. The latchkey child of a busy single mother, he’s grown up to be a resentful slacker whose idea of high culture is getting stoned and admiring the graffiti in the alley where he scores his weed. His mother, however, is not your average working parent. She’s the head of a secret organization called Art Ops, whose mission i Reggie Riot is no one’s idea of a cultural savior. The latchkey child of a busy single mother, he’s grown up to be a resentful slacker whose idea of high culture is getting stoned and admiring the graffiti in the alley where he scores his weed.   His mother, however, is not your average working parent. She’s the head of a secret organization called Art Ops, whose mission is protecting the artistic treasures of the world—which have a lot more life in them than a casual observer might realize.   Reggie has always shunned his mom’s high-culture scene, but a devastating encounter with the shadowy forces menacing the world’s masterpieces has left him with a permanent expression of the chaotic power of art flowing through his very veins.   So when Art Ops itself suddenly vanishes without a trace, leaving its final rescue—La Gioconda, the Mona Lisa herself—out in the cold, it’s up to Reggie and his motley crew—including a masked super-powered operative who writes sitcom scripts on spec, a girls-just-wanna-have-fun ’80s music-video icon, and a suburban clerk from a mall-punk clothing chain—to come to the rescue.   But do they have what it takes to stand up to the dark side of human creativity?   From writer Shaun Simon (co-author of The True Lives of the Fabulous Killjoys with My Chemical Romance’s Gerard Way) and artists Michael Allred (co-creator of iZOMBIE) and Matt Brundage (The Spirit: The New Adventures) comes ART OPS VOL. 1: HOW TO START A RIOT, collecting issues #1-5 of the ongoing VERTIGO series and featuring a special sketchbook section from Allred and Brundage. ...more",https://books.toscrape.com/catalogue/art-ops-vol-1_664/index.html
41164b8ac02a2c42,Aristotle and Dante Discover the Secrets of the Universe (Aristotle and Dante Discover the Secrets of the Universe #1),Young Adult,9,train,58.14,4,14,"This Printz Honor Book is a “tender, honest exploration of identity” (Publishers Weekly) that distills lyrical truths about family and friendship.Aristotle is an angry teen with a brother in prison. Dante is a know-it-all who has an unusual way of looking at the world. When the two meet at the swimming pool, they seem to have nothing in common. But as the loners start spen This Printz Honor Book is a “tender, honest exploration of identity” (Publishers Weekly) that distills lyrical truths about family and friendship.Aristotle is an angry teen with a brother in prison. Dante is a know-it-all who has an unusual way of looking at the world. When the two meet at the swimming pool, they seem to have nothing in common. But as the loners start spending time together, they discover that they share a special friendship—the kind that changes lives and lasts a lifetime. And it is through this friendship that Ari and Dante will learn the most important truths about themselves and the kind of people they want to be. ...more",https://books.toscrape.com/catalogue/aristotle-and-dante-discover-the-secrets-of-the-universe-aristotle-and-dante-discover-the-secrets-of-the-universe-1_663/index.html
9b65f676984c9f0c,Balloon Animals,Fiction,2,train,17.03,3,14,"BALLOON ANIMALS is a pilgrimage and road-trip of unusual dimensions.Follow me, Jonny Rowe, on a wild goose-chase from Ireland to the USA with my American grandfather's remains in my red birthday balloon. I use 'remains' in the loosest sense of the word: my grandfather, 45, puffed his last breaths of air into my birthday balloon before suffering a massive heart attack right BALLOON ANIMALS is a pilgrimage and road-trip of unusual dimensions.Follow me, Jonny Rowe, on a wild goose-chase from Ireland to the USA with my American grandfather's remains in my red birthday balloon. I use 'remains' in the loosest sense of the word: my grandfather, 45, puffed his last breaths of air into my birthday balloon before suffering a massive heart attack right there at my birthday party which becomes his deathday party.Feeling responsible for 45's death, and as a thank-you for filling Clinical Dad's void after leaving that questionable suicide note, I make it my quest to return 45 to his birthplace amongst the corn of Iowa, USA, suspended inside his soul-bubble. This journey might also help me with my identity-crisis ... I'm a genealogy student, by the way. And who knows, maybe I'll find love - I tend to find things when I'm not looking for them.Join me on a desperate race against time to unveil the truth as my birthday balloon begins to deflate and loose 45 forever to the wind ...more",https://books.toscrape.com/catalogue/balloon-animals_665/index.html
5319169a72714c62,"Adulthood Is a Myth: A ""Sarah's Scribbles"" Collection",Sequential Art,8,train,10.9,2,14,"Are you a special snowflake? Do you enjoy networking to advance your career? Is adulthood an exciting new challenge for which you feel fully prepared? Ugh. Please go away.This book is for the rest of us. These comic document the wasting of entire beautiful weekends on the internet, the unbearable agony of holding hands on the street with a gorgeous guy, dreaming all day of Are you a special snowflake? Do you enjoy networking to advance your career? Is adulthood an exciting new challenge for which you feel fully prepared? Ugh. Please go away.This book is for the rest of us. These comic document the wasting of entire beautiful weekends on the internet, the unbearable agony of holding hands on the street with a gorgeous guy, dreaming all day of getting home and back into pajamas, and wondering when, exactly, this adulthood thing begins. In other words, the horrors and awkwardnesses of young modern life. ...more",https://books.toscrape.com/catalogue/adulthood-is-a-myth-a-sarahs-scribbles-collection_659/index.html
cf1aa2fc02a7d1e0,Abstract City,Nonfiction,6,train,56.37,5,14,"In July 2008, illustrator and designer Christoph Niemann began Abstract City, a visual blog for the New York Times. His posts were inspired by the desire to re-create simple and everyday observations and stories from his own life that everyone could relate to. In Niemann’s hands, mundane experiences such as riding the subway or trying to get a good night’s sleep were trans In July 2008, illustrator and designer Christoph Niemann began Abstract City, a visual blog for the New York Times. His posts were inspired by the desire to re-create simple and everyday observations and stories from his own life that everyone could relate to. In Niemann’s hands, mundane experiences such as riding the subway or trying to get a good night’s sleep were transformed into delightful flights of visual fancy. The struggle to keep up with housework became a battle against adorable but crafty goblins, and nostalgia about New York manifested in simple but strikingly spot-on LEGO creations. This brilliantly illustrated collection of reflections on modern life includes all 16 of the original blog posts as well as a new chapter created exclusively for the book. Also available from Christoph Niemann: Sunday Sketching and I LEGO N.Y. Praise for Abstract City: “Everyday experiences—from looking at leaves to riding city subways—are funny and fresh and often a source of wonder when depicted by this brilliant graphic designer.” —Readers Digest “I will call Christoph when anything awful happens to me. And he will make me laugh like crazy about the whole thing. Because he is insanely funny and completely tenderly true. I love every column he did and will do.” —Maira Kalman, author/illustrator of And the Pursuit of Happiness “Christoph Niemann is the best illustrator alive. Every single time I come across a piece of his work, which is often as he either works all the time, or worse, draws incredibly fast, it is wonderful. While the rest of us are lucky to get a proper piece out here and there, Christoph produces hit after hit after hit. If he wasn’t such a genuinely sweet man, we’d surely hate his ass a lot.” —Stefan Sagmeister, author of Things I Have Learned in My Life So Far “Few books have more probingly and humorously gotten inside the mind and day-to-day experience of an artist.” —NPR.org ""What’s terrifying (to me, certainly, and possibly to many of his peers) is that nearly every idea he has seems to be equally well formed . . . once again, performing neat, virtuosic circles around the rest of us, to our delight."" —PRINT magazine ""Irresistible."" —Very Short List “A masterpiece of sophisticated humor, this is a brilliant one-of-a-kind work.” —Library Journal, starred review ...more",https://books.toscrape.com/catalogue/abstract-city_658/index.html
4416c474713ec1f5,A Time of Torment (Charlie Parker #14),Mystery,5,train,48.35,5,14,"Jerome Burnel was once a hero. He intervened to prevent multiple killings and in doing so damned himself. His life was torn apart. He was imprisoned, brutalized.But in his final days, with the hunters circling, he tells his story to private detective Charlie Parker. He speaks of the girl who was marked for death but was saved, of the ones who tormented him, and an entity t Jerome Burnel was once a hero. He intervened to prevent multiple killings and in doing so damned himself. His life was torn apart. He was imprisoned, brutalized.But in his final days, with the hunters circling, he tells his story to private detective Charlie Parker. He speaks of the girl who was marked for death but was saved, of the ones who tormented him, and an entity that hides in a ruined stockade.Parker is not like other men. He died, and was reborn. He is ready to wage war.Now he will descend upon a strange, isolated community called the Cut, and face down a force of men who rule by terror, intimidation, and murder.All in the name of the being they serve.All in the name of the Dead King. ...more",https://books.toscrape.com/catalogue/a-time-of-torment-charlie-parker-14_657/index.html
63ee5bc46066a8a8,A Study in Scarlet (Sherlock Holmes #1),Mystery,5,train,16.73,2,14,"In the debut of literature's most famous sleuth, a dead man is discovered in a bloodstained room in Brixton. The only clues are a wedding ring, a gold watch, a pocket edition of Boccaccio's Decameron, and a word scrawled in blood on the wall. With this investigation begins the partnership of Sherlock Holmes and Dr. Watson. Their search for the murderer uncovers a story of In the debut of literature's most famous sleuth, a dead man is discovered in a bloodstained room in Brixton. The only clues are a wedding ring, a gold watch, a pocket edition of Boccaccio's Decameron, and a word scrawled in blood on the wall. With this investigation begins the partnership of Sherlock Holmes and Dr. Watson. Their search for the murderer uncovers a story of love and revenge-and heralds a franchise of detective mysteries starring the formidable Holmes. ...more",https://books.toscrape.com/catalogue/a-study-in-scarlet-sherlock-holmes-1_656/index.html
8682c03de6a844ff,A Man Called Ove,Fiction,2,train,39.72,1,14,"A grumpy yet loveable man finds his solitary world turned on its head when a boisterous young family moves in next door.Meet Ove. He's a curmudgeon, the kind of man who points at people he dislikes as if they were burglars caught outside his bedroom window. He has staunch principles, strict routines, and a short fuse. People call him the bitter neighbor from hell, but must A grumpy yet loveable man finds his solitary world turned on its head when a boisterous young family moves in next door.Meet Ove. He's a curmudgeon, the kind of man who points at people he dislikes as if they were burglars caught outside his bedroom window. He has staunch principles, strict routines, and a short fuse. People call him the bitter neighbor from hell, but must Ove be bitter just because he doesn't walk around with a smile plastered to his face all the time?Behind the cranky exterior there is a story and a sadness. So when one November morning a chatty young couple with two chatty young daughters move in next door and accidentally flatten Ove's mailbox, it is the lead-in to a comical and heartwarming tale of unkempt cats, unexpected friendship, and the ancient art of backing up a U-Haul. All of which will change one cranky old man and a local residents' association to their very foundations. ...more",https://books.toscrape.com/catalogue/a-man-called-ove_653/index.html
2f0213137a80d485,Searching for Meaning in Gailana,Fantasy,1,train,38.73,1,13,"Gailana is the central island of the world; Aurganots, Reminos, Hindarassis, Pelanese, and Free People, different societies with different customs and values, live in it. Gailana is old, with a history rich in events and civilisations. The mother island has undergone important changes in recent decades, including a devastating war from which the Aurganots emerged victoriou Gailana is the central island of the world; Aurganots, Reminos, Hindarassis, Pelanese, and Free People, different societies with different customs and values, live in it. Gailana is old, with a history rich in events and civilisations. The mother island has undergone important changes in recent decades, including a devastating war from which the Aurganots emerged victorious. Following this war, Aurganot has become a country of wealth, technology, and power, dominating all others.In this modern age, Aurganots value their new found joie de vivre; Pelanese love commerce and business; Reminos are still dedicated to honour and glory in war; Hindarassis continue to care most about their families; and the Free People cherish their freedom above anything else. Among the Free People, a young Levon has set a high and ambitious goal: to seek and find the ultimate meaning of all that humans do. Levon has been on his intellectual quest for years, and the coming days are significant. Paratos, the sage of Gailana, is in the land of the Free People, and Levon is readying to meet him. The young man knows that something life changing will come out from this meeting, only he does not imagine what.In this fictional first part of The Story in Three Parts, John H.T. Francis tells the story of Levon, a young and sincere soul looking for meaning in a changing world. This short novel will take you on a journey through Gailana, shows you its diversity, and brings you close to many of its human aspects. Events will develop fast on the island, and Levon is about to be in the midst of them. ...more",https://books.toscrape.com/catalogue/searching-for-meaning-in-gailana_648/index.html
8bbd7df8a324f31d,My Kitchen Year: 136 Recipes That Saved My Life,Food and Drink,3,train,11.53,2,13,"NEW YORK TIMES BESTSELLERIn the fall of 2009, the food world was rocked when Gourmet magazine was abruptly shuttered by its parent company. No one was more stunned by this unexpected turn of events than its beloved editor in chief, Ruth Reichl, who suddenly faced an uncertain professional future. As she struggled to process what had seemed unthinkable, Reichl turned to the NEW YORK TIMES BESTSELLERIn the fall of 2009, the food world was rocked when Gourmet magazine was abruptly shuttered by its parent company. No one was more stunned by this unexpected turn of events than its beloved editor in chief, Ruth Reichl, who suddenly faced an uncertain professional future. As she struggled to process what had seemed unthinkable, Reichl turned to the one place that had always provided sanctuary. “I did what I always do when I’m confused, lonely, or frightened,” she writes. “I disappeared into the kitchen.”My Kitchen Year follows the change of seasons—and Reichl’s emotions—as she slowly heals through the simple pleasures of cooking. While working 24/7, Reichl would “throw quick meals together” for her family and friends. Now she has the time to rediscover what cooking meant to her. Imagine kale, leaves dark and inviting, sautéed with chiles and garlic; summer peaches baked into a simple cobbler; fresh oysters chilling in a box of snow; plump chickens and earthy mushrooms, fricasseed with cream. Over the course of this challenging year, each dish Reichl prepares becomes a kind of stepping stone to finding joy again in ordinary things. The 136 recipes collected here represent a life’s passion for food: a blistering ma po tofu that shakes Reichl out of the blues; a decadent grilled cheese sandwich that accompanies a rare sighting in the woods around her home; a rhubarb sundae that signals the arrival of spring. Here, too, is Reichl’s enlivening dialogue with her Twitter followers, who become her culinary supporters and lively confidants. Part cookbook, part memoir, part paean to the household gods, My Kitchen Year may be Ruth Reichl’s most stirring book yet—one that reveals a refreshingly vulnerable side of the world's most famous food editor as she shares treasured recipes to be returned to again and again and again. ...more",https://books.toscrape.com/catalogue/my-kitchen-year-136-recipes-that-saved-my-life_646/index.html
4be9d1910f8a4e80,13 Hours: The Inside Account of What Really Happened In Benghazi,Nonfiction,6,train,27.06,1,13,"The harrowing, true account from the brave men on the ground who fought back during the Battle of Benghazi. 13 HOURS presents, for the first time ever, the true account of the events of September 11, 2012, when terrorists attacked the US State Department Special Mission Compound and a nearby CIA station called the Annex in Benghazi, Libya. A team of six American security The harrowing, true account from the brave men on the ground who fought back during the Battle of Benghazi. 13 HOURS presents, for the first time ever, the true account of the events of September 11, 2012, when terrorists attacked the US State Department Special Mission Compound and a nearby CIA station called the Annex in Benghazi, Libya. A team of six American security operators fought to repel the attackers and protect the Americans stationed there. Those men went beyond the call of duty, performing extraordinary acts of courage and heroism, to avert tragedy on a much larger scale. This is their personal account, never before told, of what happened during the thirteen hours of that now-infamous attack.13 HOURS sets the record straight on what happened during a night that has been shrouded in mystery and controversy. Written by New York Times bestselling author Mitchell Zuckoff, this riveting book takes readers into the action-packed story of heroes who laid their lives on the line for one another, for their countrymen, and for their country.13 HOURS is a stunning, eye-opening, and intense book--but most importantly, it is the truth. The story of what happened to these men--and what they accomplished--is unforgettable. ...more",https://books.toscrape.com/catalogue/13-hours-the-inside-account-of-what-really-happened-in-benghazi_645/index.html
ce1ae197ada2aec4,The Silent Sister (Riley MacPherson #1),Fiction,2,train,46.29,5,12,"In The Silent Sister, Riley MacPherson has spent her entire life believing that her older sister Lisa committed suicide as a teenager. Now, over twenty years later, her father has passed away and she's in New Bern, North Carolina cleaning out his house when she finds evidence to the contrary. Lisa is alive. Alive and living under a new identity. But why exactly was she on In The Silent Sister, Riley MacPherson has spent her entire life believing that her older sister Lisa committed suicide as a teenager. Now, over twenty years later, her father has passed away and she's in New Bern, North Carolina cleaning out his house when she finds evidence to the contrary. Lisa is alive. Alive and living under a new identity. But why exactly was she on the run all those years ago, and what secrets are being kept now? As Riley works to uncover the truth, her discoveries will put into question everything she thought she knew about her family. Riley must decide what the past means for her present, and what she will do with her newfound reality, in this engrossing mystery from international bestselling author Diane Chamberlain. ...more",https://books.toscrape.com/catalogue/the-silent-sister-riley-macpherson-1_641/index.html
4a7a25be293ad678,The Star-Touched Queen,Fantasy,1,train,32.3,5,12,"Fate and fortune. Power and passion. What does it take to be the queen of a kingdom when you’re only seventeen?Maya is cursed. With a horoscope that promises a marriage of death and destruction, she has earned only the scorn and fear of her father’s kingdom. Content to follow more scholarly pursuits, her whole world is torn apart when her father, the Raja, arranges a weddi Fate and fortune. Power and passion. What does it take to be the queen of a kingdom when you’re only seventeen?Maya is cursed. With a horoscope that promises a marriage of death and destruction, she has earned only the scorn and fear of her father’s kingdom. Content to follow more scholarly pursuits, her whole world is torn apart when her father, the Raja, arranges a wedding of political convenience to quell outside rebellions. Soon Maya becomes the queen of Akaran and wife of Amar. Neither roles are what she expected: As Akaran’s queen, she finds her voice and power. As Amar’s wife, she finds something else entirely: Compassion. Protection. Desire…But Akaran has its own secrets—thousands of locked doors, gardens of glass, and a tree that bears memories instead of fruit. Soon, Maya suspects her life is in danger. Yet who, besides her husband, can she trust? With the fate of the human and Otherworldly realms hanging in the balance, Maya must unravel an ancient mystery that spans reincarnated lives to save those she loves the most…including herself. ...more",https://books.toscrape.com/catalogue/the-star-touched-queen_642/index.html
582a21a1dbbef3cf,The Lonely City: Adventures in the Art of Being Alone,Nonfiction,6,train,33.26,2,12,"An expertly crafted work of reportage, memoir and biography on the subject of loneliness told through the lives of iconic artists, by the acclaimed author of The Trip to Echo Spring What does it mean to be lonely? How do we live, if we're not intimately engaged with another human being? How do we connect with other people? Does technology draw us closer together or trap us An expertly crafted work of reportage, memoir and biography on the subject of loneliness told through the lives of iconic artists, by the acclaimed author of The Trip to Echo Spring What does it mean to be lonely? How do we live, if we're not intimately engaged with another human being? How do we connect with other people? Does technology draw us closer together or trap us behind screens?When Olivia Laing moved to New York City in her mid-thirties, she found herself inhabiting loneliness on a daily basis. Increasingly fascinated by this most shameful of experiences, she began to explore the lonely city by way of art. Moving fluidly between works and lives - from Edward Hopper's Nighthawks to Andy Warhol's Time Capsules, from Henry Darger's hoarding to the depredations of the AIDS crisis - Laing conducts an electric, dazzling investigation into what it means to be alone, illuminating not only the causes of loneliness but also how it might be resisted and redeemed.Humane, provocative and deeply moving, The Lonely City is about the spaces between people and the things that draw them together, about sexuality, mortality and the magical possibilities of art. It's a celebration of a strange and lovely state, adrift from the larger continent of human experience, but intrinsic to the very act of being alive. ...more",https://books.toscrape.com/catalogue/the-lonely-city-adventures-in-the-art-of-being-alone_639/index.html
f732d7d18a91d2ba,The Epidemic (The Program 0.6),Young Adult,9,train,14.44,5,12,"Can one girl help others find closure by slipping into the identities of their loved ones? Find out in this riveting sequel to The Remedy and companion to the New York Times bestselling The Treatment and The Program.In a world before The Program…Quinlan McKee has spent her life acting as other people. She was a closer—a person hired to play the role of the recently decease Can one girl help others find closure by slipping into the identities of their loved ones? Find out in this riveting sequel to The Remedy and companion to the New York Times bestselling The Treatment and The Program.In a world before The Program…Quinlan McKee has spent her life acting as other people. She was a closer—a person hired to play the role of the recently deceased in order to give their families closure. Through this process, Quinn learned to read people and situations, even losing a bit of herself to do so. But she couldn’t have guessed how her last case would bring down her entire world.The only person Quinn trusts is Deacon, her best friend and the love of her life. Except Deacon’s been keeping secrets of his one, so Quinn must set out alone to find Arthur Pritchard, the doctor who’s been trying to control her life. The journey brings Quinn to Arthur’s daughter, Virginia, who tells Quinn the truth about Pritchard’s motives. The former closer will start to see that she is the first step in fighting an epidemic.But Quinlan doesn’t want to be a cure. And with all the lies surrounding her, she realizes she has no one left to rely on but herself—even if she doesn’t know who that is anymore. ...more",https://books.toscrape.com/catalogue/the-epidemic-the-program-06_636/index.html
c6ca293d4810e0d5,The Dinner Party,Fiction,2,train,56.54,2,12,"This Passover Seder is not just any Passover Seder. Yes, there will be a quick service and then a festive meal afterwards, but this night is different from all other nights. This will be the night the Golds of Greenwich meet the Rothschilds of New York City.The Rothschilds are the stuff of legends. They control banks, own vineyards in Napa, diamond mines in Africa, and eve This Passover Seder is not just any Passover Seder. Yes, there will be a quick service and then a festive meal afterwards, but this night is different from all other nights. This will be the night the Golds of Greenwich meet the Rothschilds of New York City.The Rothschilds are the stuff of legends. They control banks, own vineyards in Napa, diamond mines in Africa, and even an organic farm somewhere in the Midwest that produces the most popular Romaine lettuce consumed in this country. And now, Sylvia Gold's daughter is dating one of them.When Sylvia finds out that her youngest of three is going to bring her new boyfriend to the Seder, she's giddy. When she finds out that his parents are coming, too, she darn near faints. Making a good impression is all she thinks about. Well, almost. She still has to consider her other daughter, Sarah, who'll be coming with her less than appropriate beau and his overly dramatic Italian mother. But the drama won't stop there. Because despite the food and the wine, despite the new linen and the fresh flowers, the holidays are about family. Long forgotten memories come to the surface. Old grievances play out. And Sylvia Gold has to learn how to let her family go. ...more",https://books.toscrape.com/catalogue/the-dinner-party_635/index.html
54fc03f1e1d355db,The Diary of a Young Girl,Nonfiction,6,train,59.9,3,12,"Discovered in the attic in which she spent the last years of her life, Anne Frank's remarkable diary has since become a world classic—a powerful reminder of the horrors of war and an eloquent testament to the human spirit.In 1942, with Nazis occupying Holland, a thirteen-year-old Jewish girl and her family fled their home in Amsterdam and went into hiding. For the next two Discovered in the attic in which she spent the last years of her life, Anne Frank's remarkable diary has since become a world classic—a powerful reminder of the horrors of war and an eloquent testament to the human spirit.In 1942, with Nazis occupying Holland, a thirteen-year-old Jewish girl and her family fled their home in Amsterdam and went into hiding. For the next two years, until their whereabouts were betrayed to the Gestapo, they and another family lived cloistered in the ""Secret Annexe"" of an old office building. Cut off from the outside world, they faced hunger, boredom, the constant cruelties of living in confined quarters, and the ever-present threat of discovery and death.In her diary Anne Frank recorded vivid impressions of her experiences during this period. By turns thoughtful, moving, and amusing, her account offers a fascinating commentary on human courage and frailty and a compelling self-portrait of a sensitive and spirited young woman whose promise was tragically cut short. ...more",https://books.toscrape.com/catalogue/the-diary-of-a-young-girl_634/index.html
b63ea3f7a57ae099,Stars Above (The Lunar Chronicles #4.5),Young Adult,9,train,48.05,2,12,"The enchantment continues....The universe of the Lunar Chronicles holds stories—and secrets—that are wondrous, vicious, and romantic. How did Cinder first arrive in New Beijing? How did the brooding soldier Wolf transform from young man to killer? When did Princess Winter and the palace guard Jacin realize their destinies?With nine stories—five of which have never before b The enchantment continues....The universe of the Lunar Chronicles holds stories—and secrets—that are wondrous, vicious, and romantic. How did Cinder first arrive in New Beijing? How did the brooding soldier Wolf transform from young man to killer? When did Princess Winter and the palace guard Jacin realize their destinies?With nine stories—five of which have never before been published—and an exclusive never-before-seen excerpt from Marissa Meyer’s upcoming novel, Heartless, about the Queen of Hearts from Alice in Wonderland, Stars Above is essential for fans of the bestselling and beloved Lunar Chronicles.--The Little Android: A retelling of Hans Christian Andersen’s “The Little Mermaid,” set in the world of The Lunar Chronicles.Glitches: In this prequel to Cinder, we see the results of the plague play out, and the emotional toll it takes on Cinder. Something that may, or may not, be a glitch….The Queen’s Army: In this prequel to Scarlet, we’re introduced to the army Queen Levana is building, and one soldier in particular who will do anything to keep from becoming the monster they want him to be.Carswell’s Guide to Being Lucky: Thirteen-year-old Carswell Thorne has big plans involving a Rampion spaceship and a no-return trip out of Los Angeles.The Keeper: A prequel to the Lunar Chronicles, showing a young Scarlet and how Princess Selene came into the care of Michelle Benoit.After Sunshine Passes By: In this prequel to Cress, we see how a nine-year-old Cress ended up alone on a satellite, spying on Earth for Luna.The Princess and the Guard: In this prequel to Winter, we see a game called The PrincessThe Mechanic: In this prequel to Cinder, we see Kai and Cinder’s first meeting from Kai’s perspective.Something Old, Something New: In this epilogue to Winter, friends gather for the wedding of the century... ...more",https://books.toscrape.com/catalogue/stars-above-the-lunar-chronicles-45_632/index.html
f40fea200e0c644f,Snatched: How A Drug Queen Went Undercover for the DEA and Was Kidnapped By Colombian Guerillas,Nonfiction,6,train,21.21,3,12,"Snatched is the electric tale, by the New York Times bestselling author of Blow, Bruce Porter, that tells the true story of a woman caught between two worlds, with her life dangling in the balance.Raised an aristocrat in Colombia and educated in European schools, Pilar transfixes everyone with her charm and her guile. She also falls for dangerous men and finds herself draw Snatched is the electric tale, by the New York Times bestselling author of Blow, Bruce Porter, that tells the true story of a woman caught between two worlds, with her life dangling in the balance.Raised an aristocrat in Colombia and educated in European schools, Pilar transfixes everyone with her charm and her guile. She also falls for dangerous men and finds herself drawn into the highest levels of the cocaine trade.After two failed marriages and a harrowing escape from the drug life, she settles down to a quiet existence in Florida with her children--until her second husband tries to cut short his prison term by giving her name over to members of a new task force being formed by the DEA. They induce Pilar, now a middle-aged woman, to infiltrate the Cali cartel as the head of a vast money laundering sting. Named ""Operation Princess,"" the scheme leads to the seizure of tens of millions of dollars, along with some $500 million worth of cocaine and the exposure of hundreds of high-level traffickers, becoming one of the most daring and successful stings in DEA history. But Pilar plays her part too well. Her success as a money launderer gets her kidnapped and then ransomed by a band of guerrillas in South America--and the US government refuses to negotiate. It's left to her low-level handlers in the DEA to get her back, before it's too late and her kidnappers discover they have a federal agent in their clutches. ...more",https://books.toscrape.com/catalogue/snatched-how-a-drug-queen-went-undercover-for-the-dea-and-was-kidnapped-by-colombian-guerillas_631/index.html
abdd91e96515a617,Poisonous (Max Revere Novels #3),Mystery,5,train,26.8,3,12,"Teen-aged Internet bully Ivy Lake fell off a cliff and few people cared ... except her mentally-challenged eighteen-year-old step-brother, Tommy. He loved her in spite of her cruelty. He's distraught and doesn't understand why his blended family is falling apart. After a year, the police still have no answers: Ivy could have jumped, could have been pushed, or it could have Teen-aged Internet bully Ivy Lake fell off a cliff and few people cared ... except her mentally-challenged eighteen-year-old step-brother, Tommy. He loved her in spite of her cruelty. He's distraught and doesn't understand why his blended family is falling apart. After a year, the police still have no answers: Ivy could have jumped, could have been pushed, or it could have been an accident. With too many suspects and not enough evidence, the investigation has grown cold.Tommy thinks that if someone can figure out what happened to his step-sister, everything will go back to normal, so he writes to investigative reporter Maxine Revere. This isn’t the type of case Max normally takes on, but the heartbreak and simple honesty in Tommy's letter pulls her in. She travels to Corte Madera, California, with her assistant David Kane and is at first pleased that the police are cooperative. But the more Max learns about Tommy and his dysfunctional family, the more she thinks she’s taken on an impossible task: this may be the one case she can’t solve.If Ivy was murdered, it was exceptionally well-planned and that kind of killer could be hiding in plain sight ... planning the next act of violence. Max believes the truth is always better than lies, that the truth is the only thing that matters to gain justice for victims and their families. But for the first time, she wonders if this time, the truth will kill. ...more",https://books.toscrape.com/catalogue/poisonous-max-revere-novels-3_627/index.html
db84624b151cbe06,No Love Allowed (Dodge Cove #1),Young Adult,9,train,54.65,4,12,"It's all fun and parties until someone falls in love in this modern fairy tale from author Kate Evangelista.Caleb desperately needs a fake girlfriend. Either he attends a series of parties for his father’s law firm with a pretty girl on his arm, or he gets shipped off to Yale to start a future he’s not ready for and isn’t sure he wants. And sadly, the last unattached girl It's all fun and parties until someone falls in love in this modern fairy tale from author Kate Evangelista.Caleb desperately needs a fake girlfriend. Either he attends a series of parties for his father’s law firm with a pretty girl on his arm, or he gets shipped off to Yale to start a future he’s not ready for and isn’t sure he wants. And sadly, the last unattached girl in his social circle has just made the grievous mistake of falling in love with him. Fortunately, Didi, recently fired waitress and aspiring painter, is open to new experiences. As the summer ticks by in a whirl of lavish parties, there’s only one rule: They must not fall in love! ...more",https://books.toscrape.com/catalogue/no-love-allowed-dodge-cove-1_625/index.html
e7fe3bf2768602cf,Murder at the 42nd Street Library (Raymond Ambler #1),Mystery,5,test,54.36,4,12,"Murder at the 42nd Street Library opens with a murder in a second floor office of the iconic, beaux-arts flagship of the New York Public Library. Ray Ambler, the curator of the library's crime fiction collection, joins forces with NYPD homicide detective Mike Cosgrove in hopes of bringing a murderer to justice.In his search for the reasons behind the murder, Ambler uncover Murder at the 42nd Street Library opens with a murder in a second floor office of the iconic, beaux-arts flagship of the New York Public Library. Ray Ambler, the curator of the library's crime fiction collection, joins forces with NYPD homicide detective Mike Cosgrove in hopes of bringing a murderer to justice.In his search for the reasons behind the murder, Ambler uncovers hidden--and profoundly disturbing--relationships between visitors to the library. These include a celebrated mystery writer who has donated his papers to the library's crime fiction collection, that writer's missing daughter, a New York society woman with a hidden past, and one of Ambler's colleagues at the world-famous library. Those shocking revelations lead inexorably to the tragic and violent events that follow. ...more",https://books.toscrape.com/catalogue/murder-at-the-42nd-street-library-raymond-ambler-1_624/index.html
c039f5aceb093537,Most Wanted,Mystery,5,train,35.28,3,12,"Lisa Scottoline delivers another searing, powerful blockbuster novel that explores hot-button issues within the framework of an intricately plotted thriller. When a woman and her husband, desperate for a baby, find themselves unable to conceive, they decide to take further steps. Since it is the husband who is infertile, the heroine decides to use a donor. And all seems to Lisa Scottoline delivers another searing, powerful blockbuster novel that explores hot-button issues within the framework of an intricately plotted thriller. When a woman and her husband, desperate for a baby, find themselves unable to conceive, they decide to take further steps. Since it is the husband who is infertile, the heroine decides to use a donor. And all seems to be well. Three months pass and she is happily pregnant. But a shocking revelation occurs when she discovers that a man arrested for a series of brutal murders is her donor - the biological father of the child she is carrying. Delving deeper to uncover the truth, the heroine must face her worst fears, and confront a terrifying truth. Most Wanted is sure to be Lisa Scottoline's most discussed, bestselling novel yet. ...more",https://books.toscrape.com/catalogue/most-wanted_623/index.html
9546d537fbf99eb6,"Love, Lies and Spies",Historical Fiction,4,train,20.55,2,12,"Juliana Telford is not your average nineteenth-century young lady. She’s much more interested in researching ladybugs than marriage, fashionable dresses, or dances. So when her father sends her to London for a season, she’s determined not to form any attachments. Instead, she plans to secretly publish their research.Spencer Northam is not the average young gentleman of lei Juliana Telford is not your average nineteenth-century young lady. She’s much more interested in researching ladybugs than marriage, fashionable dresses, or dances. So when her father sends her to London for a season, she’s determined not to form any attachments. Instead, she plans to secretly publish their research.Spencer Northam is not the average young gentleman of leisure he appears. He is actually a spy for the War Office, and is more focused on acing his first mission than meeting eligible ladies. Fortunately, Juliana feels the same, and they agree to pretend to fall for each other. Spencer can finally focus, until he is tasked with observing Juliana’s traveling companions . . . and Juliana herself. ...more",https://books.toscrape.com/catalogue/love-lies-and-spies_622/index.html
bddc6fd036eb6279,Hide Away (Eve Duncan #20),Mystery,5,train,11.84,1,12,"Iris Johansen's beloved forensic sculptor Eve Duncan is back and now the stakes are higher than ever. Dramatic changes are on the horizon for Eve and Joe Quinn and their relationship may never be the same. Faced with the task of protecting Cara Delaney, a young girl with ruthless enemies who want to see her dead, Eve takes her away to the remote Scottish Highlands where th Iris Johansen's beloved forensic sculptor Eve Duncan is back and now the stakes are higher than ever. Dramatic changes are on the horizon for Eve and Joe Quinn and their relationship may never be the same. Faced with the task of protecting Cara Delaney, a young girl with ruthless enemies who want to see her dead, Eve takes her away to the remote Scottish Highlands where they join Jane MacGuire in search of a hidden treasure. But nowhere is far enough away to protect Cara from danger. With enemies closing in from all sides, Hide Away is a high-octane thriller that fans will not want to miss. ...more",https://books.toscrape.com/catalogue/hide-away-eve-duncan-20_620/index.html
c6a29d6df8de968c,Furiously Happy: A Funny Book About Horrible Things,Nonfiction,6,train,41.46,4,12,"In LET'S PRETEND THIS NEVER HAPPENED, Jenny Lawson baffled readers with stories about growing up the daughter of a taxidermist. In her new book, FURIOUSLY HAPPY, Jenny explores her lifelong battle with mental illness. A hysterical, ridiculous book about crippling depression and anxiety? That sounds like a terrible idea. And terrible ideas are what Jenny does best.According In LET'S PRETEND THIS NEVER HAPPENED, Jenny Lawson baffled readers with stories about growing up the daughter of a taxidermist. In her new book, FURIOUSLY HAPPY, Jenny explores her lifelong battle with mental illness. A hysterical, ridiculous book about crippling depression and anxiety? That sounds like a terrible idea. And terrible ideas are what Jenny does best.According to Jenny: ""Some people might think that being 'furiously happy' is just an excuse to be stupid and irresponsible and invite a herd of kangaroos over to your house without telling your husband first because you suspect he would say no since he's never particularly liked kangaroos. And that would be ridiculous because no one would invite a herd of kangaroos into their house. Two is the limit. I speak from personal experience. My husband says that none is the new limit. I say he should have been clearer about that before I rented all those kangaroos.""""Most of my favorite people are dangerously fucked-up but you'd never guess because we've learned to bare it so honestly that it becomes the new normal. Like John Hughes wrote in The Breakfast Club, 'We're all pretty bizarre. Some of us are just better at hiding it.' Except go back and cross out the word 'hiding.'""Jenny's first book, LET'S PRETEND THIS NEVER HAPPENED, was ostensibly about family, but deep down it was about celebrating your own weirdness. FURIOUSLY HAPPY is a book about mental illness, but under the surface it's about embracing joy in fantastic and outrageous ways-and who doesn't need a bit more of that? ...more",https://books.toscrape.com/catalogue/furiously-happy-a-funny-book-about-horrible-things_619/index.html
76319fe9d8b465a3,Everyday Italian: 125 Simple and Delicious Recipes,Food and Drink,3,train,20.1,5,12,"In her hit Food Network show Everyday Italian, Giada De Laurentiis shows you how to cook delicious, beautiful food in a flash. And here, in her long-awaited first book, she does the same—helps you put a fabulous dinner on the table tonight, for friends or just for the kids, with a minimum of fuss and a maximum of flavor. She makes it all look easy, because it is. Everyday In her hit Food Network show Everyday Italian, Giada De Laurentiis shows you how to cook delicious, beautiful food in a flash. And here, in her long-awaited first book, she does the same—helps you put a fabulous dinner on the table tonight, for friends or just for the kids, with a minimum of fuss and a maximum of flavor. She makes it all look easy, because it is. Everyday Italian is true to its title: the fresh, simple recipes are incredibly quick and accessible, and also utterly mouth-watering—perfect for everyday cooking. And the book is focused on the real-life considerations of what you actually have in your refrigerator and pantry (no mail-order ingredients here) and what you’re in the mood for—whether a simply sauced pasta or a hearty family-friendly roast, these great recipes cover every contingency. So, for example, you’ll find dishes that you can make solely from pantry ingredients, or those that transform lowly leftovers into exquisite entrées (including brilliant ideas for leftover pasta), and those that satisfy your yearning to have something sweet baking in the oven. There are 7 ways to make red sauce more interesting, 6 different preparations of the classic cutlet, 5 perfect pestos, 4 creative uses for prosciutto, 3 variations on basic polenta, 2 great steaks, and 1 sublime chocolate tiramisù—plus 100 other recipes that turn everyday ingredients into speedy but special dinners.What’s more, Everyday Italian is organized according to what type of food you want tonight—whether a soul-warming stew for Sunday supper, a quick sauté for a weeknight, or a baked pasta for potluck. These categories will help you figure out what to cook in an instant, with such choices as fresh-from-the-pantry appetizers, sauceless pastas, everyday roasts, and stuffed vegetables—whatever you’re in the mood for, you’ll be able to find a simple, delicious recipe for it here. That’s the beauty of Italian home cooking, and that’s what Giada De Laurentiis offers here—the essential recipes to make a great Italian dinner. Tonight. ...more",https://books.toscrape.com/catalogue/everyday-italian-125-simple-and-delicious-recipes_618/index.html
49b24c6a41b82bd2,Boar Island (Anna Pigeon #19),Mystery,5,train,59.48,3,12,"Bringing you a gripping mystery, Nevada Barr transports you to the wild and dangerous landscapes of America's National Parks and is sure to appeal if you like Sue Grafton and Janet Evanovich.The eighteenth sensational crime novel from New York Times bestselling author Nevada Barr featuring fearless park ranger Anna Pigeon as she battles to solve a heinous crime set amidst Bringing you a gripping mystery, Nevada Barr transports you to the wild and dangerous landscapes of America's National Parks and is sure to appeal if you like Sue Grafton and Janet Evanovich.The eighteenth sensational crime novel from New York Times bestselling author Nevada Barr featuring fearless park ranger Anna Pigeon as she battles to solve a heinous crime set amidst the wild and dangerous landscape of a US National Park. ...more",https://books.toscrape.com/catalogue/boar-island-anna-pigeon-19_613/index.html
df7e628bad5782b4,Dirty (Dive Bar #1),Romance,7,test,40.83,4,12,"The last thing Vaughan Hewson expects to find when he returns to his childhood home is a broken hearted bride in his shower, let alone the drama and chaos that comes with her.Lydia Green doesn't know whether to burn down the church or sit and cry in a corner. Discovering the love of your life is having an affair on your wedding day is bad enough. Finding out it's with his The last thing Vaughan Hewson expects to find when he returns to his childhood home is a broken hearted bride in his shower, let alone the drama and chaos that comes with her.Lydia Green doesn't know whether to burn down the church or sit and cry in a corner. Discovering the love of your life is having an affair on your wedding day is bad enough. Finding out it's with his best man is another thing all together. She narrowly escapes tying the knot and meets Vaughan only hours later.Vaughan is the exact opposite of the picture perfect, respected businessman she thought she'd marry. This former musician-turned-bartender is rough around the edges and unsettled. But she already tried Mr. Right and discovered he's all wrong-maybe it's time to give Mr. Right Now a chance.After all, what's wrong with getting dirty? ...more",https://books.toscrape.com/catalogue/dirty-dive-bar-1_615/index.html
63343e287971bb0c,A Paris Apartment,Historical Fiction,4,train,39.01,4,12,"Bienvenue à Paris!When April Vogt's boss tells her about an apartment in the ninth arrondissement that has been discovered after being shuttered for the past seventy years, the Sotheby's continental furniture specialist does not hear the words “dust” or “rats” or “decrepit.” She hears Paris. She hears escape.Once in France, April quickly learns the apartment is not merely Bienvenue à Paris!When April Vogt's boss tells her about an apartment in the ninth arrondissement that has been discovered after being shuttered for the past seventy years, the Sotheby's continental furniture specialist does not hear the words “dust” or “rats” or “decrepit.” She hears Paris. She hears escape.Once in France, April quickly learns the apartment is not merely some rich hoarder's repository. Beneath the cobwebs and stale perfumed air is a goldmine, and not because of the actual gold (or painted ostrich eggs or mounted rhinoceros horns or bronze bathtub). First, there's a portrait by one of the masters of the Belle Epoque, Giovanni Boldini. And then there are letters and journals written by the very woman in the painting, Marthe de Florian. These documents reveal that she was more than a renowned courtesan with enviable decolletage. Suddenly April's quest is no longer about the bureaux plats and Louis-style armchairs that will fetch millions at auction. It's about discovering the story behind this charismatic woman.It's about discovering two women, actually.With the help of a salty (and annoyingly sexy) Parisian solicitor and the courtesan's private diaries, April tries to uncover the many secrets buried in the apartment. As she digs into Marthe's life, April can't help but take a deeper look into her own. Having left behind in the States a cheating husband, a family crisis about to erupt, and a career she's been using as the crutch to simply get by, she feels compelled to sort out her own life too. When the things she left bubbling back home begin to boil over, and Parisian delicacies beyond flaky pâtisseries tempt her better judgment, April knows that both she and Marthe deserve happy finales.Whether accompanied by croissants or champagne, this delectable debut novel depicts the Paris of the Belle Epoque and the present day with vibrant and stunning allure. Based on historical events, Michelle Gable's A Paris Apartment will entertain and inspire, as readers embrace the struggles and successes of two very unforgettable women. ...more",https://books.toscrape.com/catalogue/a-paris-apartment_612/index.html
a4eef523118805ef,"A la Mode: 120 Recipes in 60 Pairings: Pies, Tarts, Cakes, Crisps, and More Topped with Ice Cream, Gelato, Frozen Custard, and More",Food and Drink,3,train,38.77,1,12,"Are you ready to take your baking over the top? Here are sixty decadent and delightful ice creams and the sixty desserts that are their vehicles. A la Mode offers not just solid dessert recipes, from raspberry oat bars to bear claws, from chocolate pecan pie to a white chocolate pavlova, but also gives you the unforgettable pairings that make these desserts smash hits: app Are you ready to take your baking over the top? Here are sixty decadent and delightful ice creams and the sixty desserts that are their vehicles. A la Mode offers not just solid dessert recipes, from raspberry oat bars to bear claws, from chocolate pecan pie to a white chocolate pavlova, but also gives you the unforgettable pairings that make these desserts smash hits: apple cranberry pie with Camembert ice cream, chocolate sheet cake with salt caramel frozen custard, and espresso cream jelly roll with mascarpone ice cream.Let's face it: vanilla can sometimes be so... vanilla. A great a-la-mode pairing should be as decadent as finding the perfect wine to go with your cheese plate. With A la Mode, IACP winners and cookbook dynamos Bruce Weinstein and Mark Scarbrough show you how to create innovative delights such as creamy hazelnut gelato atop coffee-poached pears, or maple frozen custard with a mouthwatering cinnamon roll cake, alongside simpler classics like confetti ice cream with layered vanilla birthday cake. You haven't lived until you've had peanut brittle pie with popcorn ice cream, a Cracker Jack fantasy!Because what's a warm pie without ice cream? With A la Mode, you'll have to answer that question! ...more",https://books.toscrape.com/catalogue/a-la-mode-120-recipes-in-60-pairings-pies-tarts-cakes-crisps-and-more-topped-with-ice-cream-gelato-frozen-custard-and-more_611/index.html
6159d8b187831770,The Widow,Mystery,5,train,27.26,2,11,"THE NEW YORK TIMESBESTSELLERFor fans of Gone Girl and The Girl on the Train, an electrifying thriller that will take you into the dark spaces that exist between a husband and a wife.When the police started asking questions, Jean Taylor turned into a different woman. One who enabled her and her husband to carry on, when more bad things began to happen... But that woman’s h THE NEW YORK TIMES BESTSELLERFor fans of Gone Girl and The Girl on the Train, an electrifying thriller that will take you into the dark spaces that exist between a husband and a wife.When the police started asking questions, Jean Taylor turned into a different woman. One who enabled her and her husband to carry on, when more bad things began to happen...   But that woman’s husband died last week. And Jean doesn’t have to be her anymore.   There’s a lot Jean hasn’t said over the years about the crime her husband was suspected of committing. She was too busy being the perfect wife, standing by her man while living with the accusing glares and the anonymous harassment.   Now there’s no reason to stay quiet. There are people who want to hear her story. They want to know what it was like living with that man. She can tell them that there were secrets. There always are in a marriage.   The truth—that’s all anyone wants. But the one lesson Jean has learned in the last few years is that she can make people believe anything… ...more",https://books.toscrape.com/catalogue/the-widow_609/index.html
437d8dea9272d0a9,The Improbability of Love,Fiction,2,train,59.45,1,11,"A dazzling, witty and tenderly savage satire of London life and the art world that is also a surprising and wonderful love story.When lovelorn Annie McDee stumbles across a dirty painting in a junk shop while looking for a present for an unsuitable man, she has no idea what she has discovered. Soon she finds herself drawn unwillingly into the tumultuous London art world, p A dazzling, witty and tenderly savage satire of London life and the art world that is also a surprising and wonderful love story.When lovelorn Annie McDee stumbles across a dirty painting in a junk shop while looking for a present for an unsuitable man, she has no idea what she has discovered. Soon she finds herself drawn unwillingly into the tumultuous London art world, populated by exiled Russian oligarchs, avaricious Sheikas, desperate auctioneers and unscrupulous dealers, all scheming to get their hands on her painting - a lost eighteenth-century masterpiece called ‘The Improbability of Love’. Delving into the painting’s past, Annie will uncover not just an illustrious list of former owners, but some of the darkest secrets of European history – and in doing so she might just learn to open up to the possibility of falling in love again. ...more",https://books.toscrape.com/catalogue/the-improbability-of-love_607/index.html
985991708c47003e,"The Sleep Revolution: Transforming Your Life, One Night at a Time",Nonfiction,6,train,11.68,4,11,"We are in the midst of a sleep deprivation crisis, writes Arianna Huffington, the co-founder and editor in chief of The Huffington Post. And this has profound consequences – on our health, our job performance, our relationships and our happiness. What is needed, she boldly asserts, is nothing short of a sleep revolution. Only by renewing our relationship with sleep can we We are in the midst of a sleep deprivation crisis, writes Arianna Huffington, the co-founder and editor in chief of The Huffington Post. And this has profound consequences – on our health, our job performance, our relationships and our happiness. What is needed, she boldly asserts, is nothing short of a sleep revolution.  Only by renewing our relationship with sleep can we take back control of our lives. In her bestseller Thrive, Arianna wrote about our need to redefine success through well-being, wisdom, wonder, and giving. Her discussion of the importance of sleep as a gateway to this more fulfilling way of living struck such a powerful chord that she realized the mystery and transformative power of sleep called for a fuller investigation. The result is a sweeping, scientifically rigorous, and deeply personal exploration of sleep from all angles, from the history of sleep, to the role of dreams in our lives, to the consequences of sleep deprivation, and the new golden age of sleep science that is revealing the vital role sleep plays in our every waking moment and every aspect of our health – from weight gain, diabetes, and heart disease to cancer and Alzheimer’s.   In The Sleep Revolution, Arianna shows how our cultural dismissal of sleep as time wasted compromises our health and our decision-making and undermines our work lives, our personal lives -- and even our sex lives. She explores all the latest science on what exactly is going on while we sleep and dream.  She takes on the dangerous sleeping pill industry, and all the ways our addiction to technology disrupts our sleep. She also offers a range of recommendations and tips from leading scientists on how we can get better and more restorative sleep, and harness its incredible power. In today's fast-paced, always-connected, perpetually-harried and sleep-deprived world, our need for a good night’s sleep is more important – and elusive -- than ever. The Sleep Revolution both sounds the alarm on our worldwide sleep crisis and provides a detailed road map to the great sleep awakening that can help   transform our lives, our communities, and our world. ...more",https://books.toscrape.com/catalogue/the-sleep-revolution-transforming-your-life-one-night-at-a-time_608/index.html
cf62fa272b5f0fa3,Take Me Home Tonight (Rock Star Romance #3),Romance,7,train,53.98,3,11,"A rocker gets a taste of unexpected passion in the latest red-hot Rock Star Romance from the award-winning author of I Want You to Want Me. Calix Bourbon might seem like a free spirit, but that’s all a front. In reality he’s just trying to keep his fractured family together while working as a session musician. When Blue Fire hires him to replace their keyboardist, Calix i A rocker gets a taste of unexpected passion in the latest red-hot Rock Star Romance from the award-winning author of I Want You to Want Me.   Calix Bourbon might seem like a free spirit, but that’s all a front. In reality he’s just trying to keep his fractured family together while working as a session musician. When Blue Fire hires him to replace their keyboardist, Calix is determined to make the most of the opportunity—but he can’t help being distracted by the band’s sexy personal chef.   Mimi’s temporary gig is great, but she has her heart set on auditioning for a televised cooking show. There’s just one problem: she only has a week to acquire the skills necessary to survive the competition. Luckily, the band’s new keyboard player can teach her exactly what she needs, in the kitchen and in the bedroom... ...more",https://books.toscrape.com/catalogue/take-me-home-tonight-rock-star-romance-3_605/index.html
05a61a3bd8ca4149,Playing with Fire,Mystery,5,test,13.71,3,11,"A beautiful violinist is haunted by a very old piece of music she finds in a strange antique shop in Rome.The first time Julia Ansdell picks up The Incendio Waltz, she knows it’s a strikingly unusual composition. But while playing the piece, Julia blacks out and awakens to find her young daughter implicated in acts of surprising violence. And when she travels to Venice to A beautiful violinist is haunted by a very old piece of music she finds in a strange antique shop in Rome.The first time Julia Ansdell picks up The Incendio Waltz, she knows it’s a strikingly unusual composition. But while playing the piece, Julia blacks out and awakens to find her young daughter implicated in acts of surprising violence. And when she travels to Venice to find the previous owner of the music, she uncovers a dark secret that involves dangerously powerful people—a family who would stop at nothing to keep Julia from bringing the truth to light. ...more",https://books.toscrape.com/catalogue/playing-with-fire_602/index.html
b783ce08802cd1d1,Off the Hook (Fishing for Trouble #1),Romance,7,train,47.67,3,11,"Welcome to The Buoys, a West Coast haven where love comes in with the tide. Perfect for readers of Jill Shalvis and Susan Mallery, the Fishing for Trouble series features three unforgettable brothers—each of whom is a great catch.Major league pitcher Liam O'Donnell knows his best days are probably behind him, but that doesn't mean he's ready to retire and become a fishing Welcome to The Buoys, a West Coast haven where love comes in with the tide. Perfect for readers of Jill Shalvis and Susan Mallery, the Fishing for Trouble series features three unforgettable brothers—each of whom is a great catch.Major league pitcher Liam O'Donnell knows his best days are probably behind him, but that doesn't mean he's ready to retire and become a fishing guide. Still, after all the time he's spent chasing his dreams, he owes it to his brothers to pull his weight around the lodge. The Buoys is their father's legacy, and they can't let some developer take it from them. The one snag Liam isn't counting on is a blast from the past: his ex-wife.The moment Kate Hadley steps out of the seaplane, she knows this assignment is going to be trickier than she thought. She has to persuade the owners to sell—and one of them is Liam O'Donnell. Ten years ago, she made the biggest mistake of her life when she married Liam during a fling in Vegas. Now he's her only lifeline in the middle of nowhere. Kate's trying to keep things cool, but Liam just reminds her of the scorching few nights they spent together—and tempts her to make new memories that are just as steamy as the old. ...more",https://books.toscrape.com/catalogue/off-the-hook-fishing-for-trouble-1_601/index.html
47e1b2d43f709995,Mothering Sunday,Fiction,2,train,13.34,2,11,"From the Booker Award winner: a luminous, profoundly moving work of fiction that begins with an afternoon tryst in 1924 between a servant girl and the young man of the neighboring house, but then opens to reveal the whole life of a remarkable woman.Twenty-two year old Jane Fairchild, orphaned at birth, has worked as a maid at one English country estate since she was sixtee From the Booker Award winner: a luminous, profoundly moving work of fiction that begins with an afternoon tryst in 1924 between a servant girl and the young man of the neighboring house, but then opens to reveal the whole life of a remarkable woman.Twenty-two year old Jane Fairchild, orphaned at birth, has worked as a maid at one English country estate since she was sixteen. And for almost all of those years she has been the secret lover to Paul Sheringham, the scion of the estate next door. On an unseasonably warm March afternoon, Jane and Paul will make love for the last time--though not, as Jane believes, because Paul is about to be married--and the events of the day will alter Jane's life forever. As the narrative moves back and forth from 1924 to the end of the century, what we know and understand about Jane--about the way she loves, thinks, feels, sees, remembers--deepens with every beautifully wrought moment. Her story is one of profound self-discovery and through her, Graham Swift has created an emotionally soaring and deeply affecting work of fiction. ...more",https://books.toscrape.com/catalogue/mothering-sunday_600/index.html
bade9943ee01b63f,Lilac Girls,Historical Fiction,4,train,17.28,2,11,"Inspired by the life of a real World War II heroine, this debut novel reveals a story of love, redemption, and secrets that were hidden for decades.New York socialite Caroline Ferriday has her hands full with her post at the French consulate and a new love on the horizon. But Caroline’s world is forever changed when Hitler’s army invades Poland in September 1939—and then s Inspired by the life of a real World War II heroine, this debut novel reveals a story of love, redemption, and secrets that were hidden for decades. New York socialite Caroline Ferriday has her hands full with her post at the French consulate and a new love on the horizon. But Caroline’s world is forever changed when Hitler’s army invades Poland in September 1939—and then sets its sights on France.   An ocean away from Caroline, Kasia Kuzmerick, a Polish teenager, senses her carefree youth disappearing as she is drawn deeper into her role as courier for the underground resistance movement. In a tense atmosphere of watchful eyes and suspecting neighbors, one false move can have dire consequences.   For the ambitious young German doctor, Herta Oberheuser, an ad for a government medical position seems her ticket out of a desolate life. Once hired, though, she finds herself trapped in a male-dominated realm of Nazi secrets and power.   The lives of these three women are set on a collision course when the unthinkable happens and Kasia is sent to Ravensbrück, the notorious Nazi concentration camp for women. Their stories cross continents—from New York to Paris, Germany, and Poland—as Caroline and Kasia strive to bring justice to those whom history has forgotten. ...more",https://books.toscrape.com/catalogue/lilac-girls_597/index.html
28b2df9fadc9f07e,"Mother, Can You Not?",Nonfiction,6,train,16.89,5,11,"Based on the wildly popular Instagram account @CrazyJewishMom, Kate Siegel's essay collection about life with the woman who redefined the term ""helicopter mom"" There is nothing more wonderful than a mother’s love. There is also nothing more annoying. Who else can proudly insist that you’re perfect while simultaneously making you question every career, fashion, andrelation Based on the wildly popular Instagram account @CrazyJewishMom, Kate Siegel's essay collection about life with the woman who redefined the term ""helicopter mom""   There is nothing more wonderful than a mother’s love. There is also nothing more annoying. Who else can proudly insist that you’re perfect while simultaneously making you question every career, fashion, and relationship decision you have ever made?   No one understands the delicate mother-daughter dynamic better than Kate Siegel—her own mother drove her so crazy that she decided to broadcast their hilarious conversations on Instagram. Soon, hundreds of thousands of people were following their daily text exchanges, eager to see what outrageous thing Kate’s mom would do next. Now, in Mother, Can You NOT?, Kate pays tribute to the woman who invented the concept of drone parenting.  From embarrassing moments (like crashing Kate's gynecological exams) to outrageous stories (like the time she made Kate steal a cat from the pound) to hilarious celebrations (including but not limited to parties for Kate's menstrual cycles), Mother, Can you NOT? lovingly lampoons the lengths to which our mothers will go to better our lives (even if it feels like they’re ruining them in the process). ...more",https://books.toscrape.com/catalogue/mother-can-you-not_599/index.html
469508882dfc1991,Lies and Other Acts of Love,Fiction,2,train,45.14,1,11,"Dear Carolina was praised as “Southern fiction at its best.”* Now author Kristy Woodson Harvey presents a new novel about what it really means to tell the truth . . . After sixty years of marriage and five daughters, Lynn “Lovey” White knows that all of us, from time to time, need to use our little white lies. Her granddaughter, Annabelle, on the other hand, is as truth Dear Carolina was praised as “Southern fiction at its best.”* Now author Kristy Woodson Harvey presents a new novel about what it really means to tell the truth . . .   After sixty years of marriage and five daughters, Lynn “Lovey” White knows that all of us, from time to time, need to use our little white lies.   Her granddaughter, Annabelle, on the other hand, is as truthful as they come. She always does the right thing—that is, until she dumps her hedge fund manager fiancé and marries a musician she has known for three days. After all, her grandparents, who fell in love at first sight, have shared a lifetime of happiness, even through her grandfather’s declining health.   But when Annabelle’s world starts to collapse around her, she discovers that nothing about her picture-perfect family is as it seems. And Lovey has to decide whether one more lie will make or break the ones she loves . . . ...more",https://books.toscrape.com/catalogue/lies-and-other-acts-of-love_596/index.html
c65c25d990fc7025,"Exit, Pursued by a Bear",Young Adult,9,test,51.34,4,11,"“I love you,” Polly says suddenly when I’m almost to the door.“I know,” I say.Hermione Winters has been a flyer. She’s been captain of her cheerleading team. The envied girlfriend and the undisputed queen of her school. Now it’s her last year and those days and those labels are fading fast. In a few months she’ll be a different person. She thinks she’s ready for whatever c “I love you,” Polly says suddenly when I’m almost to the door.“I know,” I say.Hermione Winters has been a flyer. She’s been captain of her cheerleading team. The envied girlfriend and the undisputed queen of her school. Now it’s her last year and those days and those labels are fading fast. In a few months she’ll be a different person. She thinks she’s ready for whatever comes next.But then someone puts something in her drink at a party, and in an instant she finds herself wearing new labels, ones she never imagined:Victim. Survivor. That raped girl.Even though this was never the future she imagined, one essential thing remains unchanged: Hermione can still call herself Polly Olivier’s best friend, and that may be the truest label of all.Heartbreaking and empowering, Exit, Pursued by a Bear is the story of transcendent friendship in the face of trauma.“I love you,” I say, because I really, really do.“I know,” says Polly. ...more",https://books.toscrape.com/catalogue/exit-pursued-by-a-bear_591/index.html
2587c54f5530dafc,Cravings: Recipes for What You Want to Eat,Food and Drink,3,train,20.5,3,11,"Though she is best known as a supermodel and Sports Illustrated swimsuit covergirl, all Chrissy Teigen really wants to do is talk about dinner—the good, the greasy, the good-for-you, and the goof-ups. Stylish but brash, witty and big-hearted, Chrissy cooks beautifully, but with the spirit of the amateur. In this book, she shows us how to make cooking part of a stylish life Though she is best known as a supermodel and Sports Illustrated swimsuit covergirl, all Chrissy Teigen really wants to do is talk about dinner—the good, the greasy, the good-for-you, and the goof-ups. Stylish but brash, witty and big-hearted, Chrissy cooks beautifully, but with the spirit of the amateur. In this book, she shows us how to make cooking part of a stylish lifestyle and how to look good doing it…or at least how to laugh at ourselves if we don’t.“The thing that makes me happiest isn’t when people stop me in the street to say they saw me in a magazine, but when they say they were inspired to cook because of what I posted on Instagram,” Chrissy Teigen says. Despite being a professional Beautiful Person, Teigen took cooking classes, runs a popular food blog, and loves connecting her fans with food through her widely followed Twitter and Instagram accounts. In this book, she brings her passion for cooking to the forefront. Through 100 recipes that range from her mom’s Thai classics to her own creations and dishes taught to her by her chef friends, Chrissy will show us how easy it can be to make cooking accessible and fun. ...more",https://books.toscrape.com/catalogue/cravings-recipes-for-what-you-want-to-eat_589/index.html
f608c903c451f387,Daredevils,Fiction,2,train,16.34,3,11,"From the winner of 2014’s PEN Robert W. Bingham Prize, an unforgettable debut novel about Loretta, a teenager married off as a “sister wife,” who makes a break for freedomAt the heart of this exciting debut novel, set in Arizona and Idaho in the mid-1970s, is fifteen-year-old Loretta, who slips out of her bedroom every evening to meet her so-called gentile boyfriend. Her s From the winner of 2014’s PEN Robert W. Bingham Prize, an unforgettable debut novel about Loretta, a teenager married off as a “sister wife,” who makes a break for freedom At the heart of this exciting debut novel, set in Arizona and Idaho in the mid-1970s, is fifteen-year-old Loretta, who slips out of her bedroom every evening to meet her so-called gentile boyfriend. Her strict Mormon parents catch her returning one night, and promptly marry her off to Dean Harder, a devout yet materialistic fundamentalist who already has a wife and a brood of kids. The Harders relocate to his native Idaho, where Dean’s teenage nephew Jason falls hard for Loretta. A Zeppelin and Tolkien fan, Jason worships Evel Knievel and longs to leave his close-minded community. He and Loretta make a break for it. They drive all night, stay in hotels, and relish their dizzying burst of teenage freedom as they seek to recover Dean’s cache of “Mormon gold.” But someone Loretta left behind is on their trail... A riveting story of desire and escape, Daredevils boasts memorable set pieces and a rich cast of secondary characters. There’s Dean’s other wife, Ruth, who as a child in the 1950s was separated from her parents during the notorious Short Creek raid, when federal agents descended on a Mormon fundamentalist community. There’s Jason’s best friend, Boyd, part Native American and caught up in the activist spirit of the time, who comes along for the ride, with disastrous results. And Vestal’s ultimate creation is a superbly sleazy chatterbox—a man who might or might not be Evel Knievel himself—who works his charms on Loretta at a casino in Elko, Nevada.A lifelong journalist whose Spokesman column is a fixture in Spokane, WA, Shawn has honed his fiction over many years, publishing in journals like McSweeney's and Tin House. His stunning first collection, Godforsaken Idaho, burrowed into history as it engaged with masculinity and crime, faith and apostasy, and the West that he knows so well. Daredevils shows what he can do on a broader canvas--a fascinating, wide-angle portrait of a time and place that's both a classic coming of age tale and a plunge into the myths of America, sacred and profane. ...more",https://books.toscrape.com/catalogue/daredevils_590/index.html
40c4bf520c17de54,A Gentleman's Position (Society of Gentlemen #3),Romance,7,train,14.75,5,11,"Power, privilege, and the rigid rules of class leave two hearts yearning for connection in the sizzling new Society of Gentlemen novel from K. J. Charles. Among his eccentric though strictly principled group of friends, Lord Richard Vane is the confidant on whom everyone depends for advice, moral rectitude, and discreet assistance. Yet when Richard has a problem, he turns Power, privilege, and the rigid rules of class leave two hearts yearning for connection in the sizzling new Society of Gentlemen novel from K. J. Charles.  Among his eccentric though strictly principled group of friends, Lord Richard Vane is the confidant on whom everyone depends for advice, moral rectitude, and discreet assistance. Yet when Richard has a problem, he turns to his valet, a fixer of unparalleled genius—and the object of Richard’s deepest desires. If there is one rule a gentleman must follow, it is never to dally with servants. But when David is close enough to touch, the rules of class collide with the basest sort of animal instinct: overpowering lust.   For David Cyprian, burglary and blackmail are as much in a day’s work as bootblacking—anything for the man he’s devoted to. But the one thing he wants for himself is the one thing Richard refuses to give: his heart. With the tension between them growing to be unbearable, David’s seemingly incorruptible master has left him no choice. Putting his finely honed skills of seduction and manipulation to good use, he will convince Richard to forget all about his well-meaning objections and give in to sweet, sinful temptation.  Includes a special message from the editor, as well as an excerpt from another Loveswept title. ...more",https://books.toscrape.com/catalogue/a-gentlemans-position-society-of-gentlemen-3_584/index.html
a9d7b75461084a26,11/22/63,Fiction,2,train,48.48,3,11,"Life can turn on a dime—or stumble into the extraordinary, as it does for Jake Epping, a high school English teacher in Lisbon Falls, Maine. While grading essays by his GED students, Jake reads a gruesome, enthralling piece penned by janitor Harry Dunning: fifty years ago, Harry somehow survived his father’s sledgehammer slaughter of his entire family. Jake is blown away.. Life can turn on a dime—or stumble into the extraordinary, as it does for Jake Epping, a high school English teacher in Lisbon Falls, Maine. While grading essays by his GED students, Jake reads a gruesome, enthralling piece penned by janitor Harry Dunning: fifty years ago, Harry somehow survived his father’s sledgehammer slaughter of his entire family. Jake is blown away...but an even more bizarre secret comes to light when Jake’s friend Al, owner of the local diner, enlists Jake to take over the mission that has become his obsession—to prevent the Kennedy assassination. How? By stepping through a portal in the diner’s storeroom, and into the era of Ike and Elvis, of big American cars, sock hops, and cigarette smoke... Finding himself in warmhearted Jodie, Texas, Jake begins a new life. But all turns in the road lead to a troubled loner named Lee Harvey Oswald. The course of history is about to be rewritten...and become heart-stoppingly suspenseful. ...more",https://books.toscrape.com/catalogue/112263_583/index.html
2b69dec0193511d9,A Mother's Reckoning: Living in the Aftermath of Tragedy,Nonfiction,6,train,19.53,3,11,"On April 20, 1999, Eric Harris and Dylan Klebold walked into Columbine High School in Littleton, Colorado. Over the course of minutes, they would kill twelve students and a teacher and wound twenty-four others before taking their own lives.For the last sixteen years, Sue Klebold, Dylan’s mother, has lived with the indescribable grief and shame of that day. How could her ch On April 20, 1999, Eric Harris and Dylan Klebold walked into Columbine High School in Littleton, Colorado. Over the course of minutes, they would kill twelve students and a teacher and wound twenty-four others before taking their own lives. For the last sixteen years, Sue Klebold, Dylan’s mother, has lived with the indescribable grief and shame of that day. How could her child, the promising young man she had loved and raised, be responsible for such horror? And how, as his mother, had she not known something was wrong? Were there subtle signs she had missed? What, if anything, could she have done differently? These are questions that Klebold has grappled with every day since the Columbine tragedy. In A Mother’s Reckoning, she chronicles with unflinching honesty her journey as a mother trying to come to terms with the incomprehensible. In the hope that the insights and understanding she has gained may help other families recognize when a child is in distress, she tells her story in full, drawing upon her personal journals, the videos and writings that Dylan left behind, and on countless interviews with mental health experts. Filled with hard-won wisdom and compassion, A Mother’s Reckoning is a powerful and haunting book that sheds light on one of the most pressing issues of our time. And with fresh wounds from the recent Newtown and Charleston shootings, never has the need for understanding been more urgent. Author profits from the book will be donated to research and to charitable foundations focusing on mental health issues ...more",https://books.toscrape.com/catalogue/a-mothers-reckoning-living-in-the-aftermath-of-tragedy_585/index.html
34669b2e9d407d3a,"10% Happier: How I Tamed the Voice in My Head, Reduced Stress Without Losing My Edge, and Found Self-Help That Actually Works",Nonfiction,6,train,24.57,2,10,"After having a nationally televised panic attack on Good Morning America, Dan Harris knew he had to make some changes. After learning about research that suggests meditation can do everything from lower your blood pressure to essentially rewire your brain, Harris took a deep dive into the underreported world of CEOs, scientists, and even marines who are now using it for in After having a nationally televised panic attack on Good Morning America, Dan Harris knew he had to make some changes. After learning about research that suggests meditation can do everything from lower your blood pressure to essentially rewire your brain, Harris took a deep dive into the underreported world of CEOs, scientists, and even marines who are now using it for increased calm, focus, and happiness. 10% Happier takes readers on a ride from the outer reaches of neuroscience to the inner sanctum of network news to the bizarre fringes of America's spiritual scene, and leaves them with a takeaway that could actually change their lives ...more",https://books.toscrape.com/catalogue/10-happier-how-i-tamed-the-voice-in-my-head-reduced-stress-without-losing-my-edge-and-found-self-help-that-actually-works_582/index.html
903a9f8090104c2c,The Shack,Fiction,2,train,28.03,1,9,"Mackenzie Allen Philips' youngest daughter, Missy, has been abducted during a family vacation, and evidence that she may have been brutally murdered is found in an abandoned shack deep in the Oregon wilderness. Four years later in the midst of his ""Great Sadness,"" Mack receives a suspicious note, apparently from God, inviting him back to that shack for a weekend.Against hi Mackenzie Allen Philips' youngest daughter, Missy, has been abducted during a family vacation, and evidence that she may have been brutally murdered is found in an abandoned shack deep in the Oregon wilderness. Four years later in the midst of his ""Great Sadness,"" Mack receives a suspicious note, apparently from God, inviting him back to that shack for a weekend.Against his better judgment he arrives at the shack on a wintry afternoon and walks back into his darkest nightmare. What he finds there will change Mack's world forever.In a world where religion seems to grow increasingly irrelevant The Shack wrestles with the timeless question, ""Where is God in a world so filled with unspeakable pain?"" The answers Mack gets will astound you and perhaps transform you as much as it did him. You'll want everyone you know to read this book!* book description from the back cover ...more",https://books.toscrape.com/catalogue/the-shack_576/index.html
65cfc9f242c2984a,"The Moosewood Cookbook: Recipes from Moosewood Restaurant, Ithaca, New York",Food and Drink,3,train,12.34,4,9,"Among the most influential cookbooks of our time, the Moosewood Cookbook is such a powerful symbol that the publishers were tempted not to tamper with it. But times have changed, and knowledge about the foods we eat and their nutritional value has increased. So, after many inquiries and requests, the author has revised many of her recipes to be lighter and healthier. Illus Among the most influential cookbooks of our time, the Moosewood Cookbook is such a powerful symbol that the publishers were tempted not to tamper with it. But times have changed, and knowledge about the foods we eat and their nutritional value has increased. So, after many inquiries and requests, the author has revised many of her recipes to be lighter and healthier. Illustrated. ...more",https://books.toscrape.com/catalogue/the-moosewood-cookbook-recipes-from-moosewood-restaurant-ithaca-new-york_574/index.html
e77594ece9b9d1fe,The Alien Club,Young Adult,9,train,54.4,1,9,"When everything is your first, you’re an alien.The feelings, sensations, decisions and ramifications of your actions are uncharted territory. An alien landscape that stretches from your front door to your first love can be more bizarre, beautiful and unforgiving than any other planet in the Universe. With no handbook and nowhere to turn, you’re forced to blaze a path to gr When everything is your first, you’re an alien.The feelings, sensations, decisions and ramifications of your actions are uncharted territory. An alien landscape that stretches from your front door to your first love can be more bizarre, beautiful and unforgiving than any other planet in the Universe. With no handbook and nowhere to turn, you’re forced to blaze a path to greatness you’re not even sure is your destiny.A rich tale of love and war, and the interpersonal relationships that forge them both. The Alien Club follows the path forged by a ten-year-old boy, blindly clawing his way through the confusing, frightening and utterly fascinating life afforded him via a magical neighborhood situated in suburbia USA, during the summer of 1979.Wrought with heroism and hilarious happenings, The Alien Club is a truly mesmerizing journey created by a series of tragic and fanciful events that are thrust into motion by seemingly mundane issues that grip and alter the trajectory of an innocent youth.The Alien Club is the crossroads of The Goonies, The Outsiders, The Lord of the Flies and Stand by Me (The Body). ...more",https://books.toscrape.com/catalogue/the-alien-club_569/index.html
913e7109cec0cb4c,Nap-a-Roo,Childrens,0,test,25.08,1,9,"Finalist, 9th Annual National Indie Excellence Awards Fast, fun, and engaging, this book makes sleepy time special for children and parents alike. Follow the kangaroo through the zoo as he gets ready for a nap-a-roo. Little ones can't get enough of this adorable modern book that centers around naps. With colorful images and imaginative text, this story is easy to fall in l Finalist, 9th Annual National Indie Excellence Awards Fast, fun, and engaging, this book makes sleepy time special for children and parents alike. Follow the kangaroo through the zoo as he gets ready for a nap-a-roo. Little ones can't get enough of this adorable modern book that centers around naps. With colorful images and imaginative text, this story is easy to fall in love with. Children will enjoy taking a nap-a-roo just like the kangaroo. ...more",https://books.toscrape.com/catalogue/nap-a-roo_567/index.html
97187f5cf0385da3,"Fruits Basket, Vol. 9 (Fruits Basket #9)",Sequential Art,8,test,33.95,4,9,"Finally - summer has arrived! While Tohru struggles through bipolar days of hope and anxiety, what will happen when Yuki comes face-to-face with the new member of the student council? Meanwhile, who is that Uo-chan's hanging out with? Is she c-r-a-z-y in love? In a bonus feature, Hana-chan's past is finally disclosed!",https://books.toscrape.com/catalogue/fruits-basket-vol-9-fruits-basket-9_563/index.html
e845d305f64154f1,Don't Forget Steven,Young Adult,9,train,33.23,1,9,"By the author of Ruby, Between the Cracks, a winner of the Top Ten Best Books for Teens 2015 award, this unflinching look at Steven's life will stick with you long after you put it down.He never told what went on behind closed doors. But this time, he can’t remember.Things never have been easy for Steven. He accepts that, and just makes the best of things. He might not hav By the author of Ruby, Between the Cracks, a winner of the Top Ten Best Books for Teens 2015 award, this unflinching look at Steven's life will stick with you long after you put it down.He never told what went on behind closed doors. But this time, he can’t remember.Things never have been easy for Steven. He accepts that, and just makes the best of things. He might not have parents or a happy home. Or enough to eat most days. But at least he has a couple of loyal friends who stand by him and help out when they can. At least he has school, someplace he can go to escape the abuse.But just when he thought things couldn't get much worse, they did.Steven is accused of murder. But that isn't the worst part. The really bad part is not even knowing if he did . ...more",https://books.toscrape.com/catalogue/dont-forget-steven_561/index.html
7186241e043de5dc,Chernobyl 01:23:40: The Incredible True Story of the World's Worst Nuclear Disaster,Nonfiction,6,train,35.92,2,9,"At 01:23:40 on April 26th 1986, Alexander Akimov pressed the emergency shutdown button at Chernobyl’s fourth nuclear reactor. It was an act that forced the permanent evacuation of a city, killed thousands and crippled the Soviet Union. The event spawned decades of conflicting, exaggerated and inaccurate stories.This book, the result of five years of research, presents an a At 01:23:40 on April 26th 1986, Alexander Akimov pressed the emergency shutdown button at Chernobyl’s fourth nuclear reactor. It was an act that forced the permanent evacuation of a city, killed thousands and crippled the Soviet Union. The event spawned decades of conflicting, exaggerated and inaccurate stories.This book, the result of five years of research, presents an accessible but comprehensive account of what really happened. From the desperate fight to prevent a burning reactor core from irradiating eastern Europe, to the self-sacrifice of the heroic men who entered fields of radiation so strong that machines wouldn’t work, to the surprising truth about the legendary ‘Chernobyl divers’, all the way through to the USSR’s final show-trial. The historical narrative is interwoven with a story of the author’s own spontaneous journey to Ukraine’s still-abandoned city of Pripyat and the wider Chernobyl Zone.Complete with over 45 pages of photographs of modern-day Pripyat and technical diagrams of the power station, Chernobyl 01:23:40 is a fascinating new account of the world’s worst nuclear disaster. ...more",https://books.toscrape.com/catalogue/chernobyl-012340-the-incredible-true-story-of-the-worlds-worst-nuclear-disaster_560/index.html
63d5f1651880dcea,A Shard of Ice (The Black Symphony Saga #1),Fantasy,1,train,56.63,3,9,"THEIR SOULS, REAWAKENED.When 13-year-old Lilix Morgan is found alive and floating on a bed of ice at sea, everyone counts it a miracle. Kidnapped nearly four weeks earlier, she remembers nothing of her mysterious abduction. When she tries to remember what happened, she hears only a melody – a faint and delicate set of notes, strung together in a tune she doesn’t understand THEIR SOULS, REAWAKENED.When 13-year-old Lilix Morgan is found alive and floating on a bed of ice at sea, everyone counts it a miracle. Kidnapped nearly four weeks earlier, she remembers nothing of her mysterious abduction. When she tries to remember what happened, she hears only a melody – a faint and delicate set of notes, strung together in a tune she doesn’t understand. THEIR POWER, UNMATCHED.A year later and desperate to put the lingering nightmares of her past behind her, Lilix crosses the country to enroll at Baelmorte Academy, aiming to become the violinist she once dreamt of. Things seem to be finally going well, and Lilix settles into a routine of sheet music and inspiration among new friends.Then the dreams start. The melody and night terrors she thought she’d left behind return with a vengeance, threatening to ruin her fragile version of normalcy. Then an unlikely ally tells her that she isn’t alone. That there are others just like her, fighting to hide their own shocking truths from coming to light. That they know who she is, and what she’s been through. Now, accompanied by four other girls, Lilix discovers her nightmares are larger than a single trauma; they’re a window to a hidden part of her soul, a place of immense power with a destiny that cannot be ignored. THEIR BATTLE, IS ONLY BEGINNING.With this knowledge comes a new and frightening reality. For Lilix has been reawakened to stop an age-old enemy, one thought to have been destroyed centuries ago. Trapped by her destiny, Lilix is torn between what feels right and what she remembers. Her memories tell her of a star-crossed love waiting to be reunited, of friendships and trust broken in the past. But can she save that love when reality brings her an enemy, and an evil that will be the undoing of them all if they don’t destroy it? ...more",https://books.toscrape.com/catalogue/a-shard-of-ice-the-black-symphony-saga-1_558/index.html
04f6c929888f4f11,Why Not Me?,Nonfiction,6,train,17.76,1,8,"In Why Not Me?, Kaling shares her ongoing journey to find contentment and excitement in her adult life, whether it’s falling in love at work, seeking new friendships in lonely places, attempting to be the first person in history to lose weight without any behavior modification whatsoever, or most important, believing that you have a place in Hollywood when you’re constantl In Why Not Me?, Kaling shares her ongoing journey to find contentment and excitement in her adult life, whether it’s falling in love at work, seeking new friendships in lonely places, attempting to be the first person in history to lose weight without any behavior modification whatsoever, or most important, believing that you have a place in Hollywood when you’re constantly reminded that no one looks like you.In “How to Look Spectacular: A Starlet’s Confessions,” Kaling gives her tongue-in-cheek secrets for surefire on-camera beauty, (“Your natural hair color may be appropriate for your skin tone, but this isn’t the land of appropriate–this is Hollywood, baby. Out here, a dark-skinned woman’s traditional hair color is honey blonde.”) “Player” tells the story of Kaling being seduced and dumped by a female friend in L.A. (“I had been replaced by a younger model. And now they had matching bangs.”) In “Unlikely Leading Lady,” she muses on America’s fixation with the weight of actresses, (“Most women we see onscreen are either so thin that they’re walking clavicles or so huge that their only scenes involve them breaking furniture.”) And in “Soup Snakes,” Kaling spills some secrets on her relationship with her ex-boyfriend and close friend, B.J. Novak (“I will freely admit: my relationship with B.J. Novak is weird as hell.”)Mindy turns the anxieties, the glamour, and the celebrations of her second coming-of-age into a laugh-out-loud funny collection of essays that anyone who’s ever been at a turning point in their life or career can relate to. And those who’ve never been at a turning point can skip to the parts where she talks about meeting Bradley Cooper. ...more",https://books.toscrape.com/catalogue/why-not-me_554/index.html
e77033ce559947f7,"Zero to One: Notes on Startups, or How to Build the Future",Nonfiction,6,train,34.06,3,8,"If you want to build a better future, you must believe in secrets.The great secret of our time is that there are still uncharted frontiers to explore and new inventions to create. In Zero to One , legendary entrepreneur and investor Peter Thiel shows how we can find singular ways to create those new things. Thiel begins with the contrarian premise that we live in an age o If you want to build a better future, you must believe in secrets.The great secret of our time is that there are still uncharted frontiers to explore and new inventions to create. In Zero to One , legendary entrepreneur and investor Peter Thiel shows how we can find singular ways to create those new things. Thiel begins with the contrarian premise that we live in an age of technological stagnation, even if we’re too distracted by shiny mobile devices to notice. Information technology has improved rapidly, but there is no reason why progress should be limited to computers or Silicon Valley. Progress can be achieved in any industry or area of business. It comes from the most important skill that every leader must master: learning to think for yourself.Doing what someone else already knows how to do takes the world from 1 to n, adding more of something familiar. But when you do something new, you go from 0 to 1. The next Bill Gates will not build an operating system. The next Larry Page or Sergey Brin won’t make a search engine. Tomorrow’s champions will not win by competing ruthlessly in today’s marketplace. They will escape competition altogether, because their businesses will be unique. Zero to One presents at once an optimistic view of the future of progress in America and a new way of thinking about innovation: it starts by learning to ask the questions that lead you to find value in unexpected places. ...more",https://books.toscrape.com/catalogue/zero-to-one-notes-on-startups-or-how-to-build-the-future_555/index.html
b69c852e7e3956af,When Breath Becomes Air,Nonfiction,6,train,39.36,2,8,"THE NEW YORK TIMES NUMBER ONE BESTSELLER'Finishing this book and then forgetting about it is simply not an option...Unmissable' New York TimesAt the age of thirty-six, on the verge of completing a decade’s training as a neurosurgeon, Paul Kalanithi was diagnosed with inoperable lung cancer. One day he was a doctor treating the dying, the next he was a patient struggling to THE NEW YORK TIMES NUMBER ONE BESTSELLER'Finishing this book and then forgetting about it is simply not an option...Unmissable' New York TimesAt the age of thirty-six, on the verge of completing a decade’s training as a neurosurgeon, Paul Kalanithi was diagnosed with inoperable lung cancer. One day he was a doctor treating the dying, the next he was a patient struggling to live.When Breath Becomes Air chronicles Kalanithi’s transformation from a medical student asking what makes a virtuous and meaningful life into a neurosurgeon working in the core of human identity – the brain – and finally into a patient and a new father.What makes life worth living in the face of death? What do you do when when life is catastrophically interrupted? What does it mean to have a child as your own life fades away?Paul Kalanithi died while working on this profoundly moving book, yet his words live on as a guide to us all. When Breath Becomes Air is a life-affirming reflection on facing our mortality and on the relationship between doctor and patient, from a gifted writer who became both. ...more",https://books.toscrape.com/catalogue/when-breath-becomes-air_553/index.html
4f283dfcbeccc0d4,The High Mountains of Portugal,Fiction,2,train,51.15,1,8,"In Lisbon in 1904, a young man named Tomás discovers an old journal. It hints at the existence of an extraordinary artifact that—if he can find it—would redefine history. Traveling in one of Europe’s earliest automobiles, he sets out in search of this strange treasure.Thirty-five years later, a Portuguese pathologist devoted to the murder mysteries of Agatha Christie finds In Lisbon in 1904, a young man named Tomás discovers an old journal. It hints at the existence of an extraordinary artifact that—if he can find it—would redefine history. Traveling in one of Europe’s earliest automobiles, he sets out in search of this strange treasure.Thirty-five years later, a Portuguese pathologist devoted to the murder mysteries of Agatha Christie finds himself at the center of a mystery of his own and drawn into the consequences of Tomás’s quest.Fifty years on, a Canadian senator takes refuge in his ancestral village in northern Portugal, grieving the loss of his beloved wife. But he arrives with an unusual companion: a chimpanzee. And there the century-old quest will come to an unexpected conclusion.The High Mountains of Portugal—part quest, part ghost story, part contemporary fable—offers a haunting exploration of great love and great loss. Filled with tenderness, humor, and endless surprise, it takes the reader on a road trip through Portugal in the last century—and through the human soul. ...more",https://books.toscrape.com/catalogue/the-high-mountains-of-portugal_547/index.html
5a0d2e9284004266,"The Midnight Assassin: Panic, Scandal, and the Hunt for America's First Serial Killer",Nonfiction,6,train,28.45,4,8,"A sweeping narrative history of a terrifying serial killer--America's first--who stalked Austin, Texas in 1885In the late 1800s, the city of Austin, Texas was on the cusp of emerging from an isolated western outpost into a truly cosmopolitan metropolis. But beginning in December 1884, Austin was terrorized by someone equally as vicious and, in some ways, far more diabolica A sweeping narrative history of a terrifying serial killer--America's first--who stalked Austin, Texas in 1885In the late 1800s, the city of Austin, Texas was on the cusp of emerging from an isolated western outpost into a truly cosmopolitan metropolis. But beginning in December 1884, Austin was terrorized by someone equally as vicious and, in some ways, far more diabolical than London's infamous Jack the Ripper. For almost exactly one year, the Midnight Assassin crisscrossed the entire city, striking on moonlit nights, using axes, knives, and long steel rods to rip apart women from every race and class. At the time the concept of a serial killer was unthinkable, but the murders continued, the killer became more brazen, and the citizens' panic reached a fever pitch.Before it was all over, at least a dozen men would be arrested in connection with the murders, and the crimes would expose what a newspaper described as ""the most extensive and profound scandal ever known in Austin."" And yes, when Jack the Ripper began his attacks in 1888, London police investigators did wonder if the killer from Austin had crossed the ocean to terrorize their own city.With vivid historical detail and novelistic flair, Texas Monthly journalist Skip Hollandsworth brings this terrifying saga to life. ...more",https://books.toscrape.com/catalogue/the-midnight-assassin-panic-scandal-and-the-hunt-for-americas-first-serial-killer_549/index.html
a2475a245c9907c4,Smarter Faster Better: The Secrets of Being Productive in Life and Business,Nonfiction,6,train,38.89,5,8,"A new book that explores the science of productivity, and why, in today’s world, managing how you think—rather than what you think—can transform your life.",https://books.toscrape.com/catalogue/smarter-faster-better-the-secrets-of-being-productive-in-life-and-business_543/index.html
331c26103d885cae,South of Sunshine,Young Adult,9,train,28.93,1,8,"What is Kaycee willing to risk for the sake of love? And what will she risk for acceptance?In Sunshine, Tennessee, the main event in town is Friday night football, the biggest party of the year is held in a field filled with pickup trucks, and church attendance is mandatory. For Kaycee Jean McCoy, life in Sunshine means dating guys she has no interest in, saying only “yes, What is Kaycee willing to risk for the sake of love? And what will she risk for acceptance?In Sunshine, Tennessee, the main event in town is Friday night football, the biggest party of the year is held in a field filled with pickup trucks, and church attendance is mandatory. For Kaycee Jean McCoy, life in Sunshine means dating guys she has no interest in, saying only “yes, ma’am” when the local bigots gossip at her mom’s cosmetics salon, and avoiding certain girls at all costs. Girls like Bren Dawson.Unlike Kaycee, Bren doesn’t really conceal who she is. But as the cool, worldly new girl, nobody at school seems to give her any trouble. Maybe there’s no harm if Kaycee gets closer to her too, as long as she can keep that part of her life a secret, especially from her family and her best friend. But the more serious things get with Bren, the harder it is to hide from everyone else. Kaycee knows Sunshine has a darker side for people like her, and she’s risking everything for the chance to truly be herself. ...more",https://books.toscrape.com/catalogue/south-of-sunshine_544/index.html
aeb51dfbe8aeec59,Roller Girl,Sequential Art,8,train,14.1,5,8,"For fans of Raina Telgemeier’s Smile, a heartwarming graphic novel about friendship and surviving junior high through the power of roller derby. Twelve-year-old Astrid has always done everything with her best friend Nicole. So when Astrid signs up for roller derby camp, she assumes Nicole will too. But Nicole signs up for dance camp with a new friend instead, and so begins For fans of Raina Telgemeier’s Smile, a heartwarming graphic novel about friendship and surviving junior high through the power of roller derby. Twelve-year-old Astrid has always done everything with her best friend Nicole. So when Astrid signs up for roller derby camp, she assumes Nicole will too. But Nicole signs up for dance camp with a new friend instead, and so begins the toughest summer of Astrid's life. There are bumps and bruises as Astrid learns who she is without Nicole...and what it takes to be a strong, tough roller girl. ...more",https://books.toscrape.com/catalogue/roller-girl_540/index.html
52fc458ffc756faf,Rising Strong,Nonfiction,6,train,21.82,3,8,"The physics of vulnerability is simple: If we are brave enough often enough, we will fall. The author of the #1 New York Times bestsellers Daring Greatly and The Gifts of Imperfection tells us what it takes to get back up, and how owning our stories of disappointment, failure, and heartbreak gives us the power to write a daring new ending. Struggle, Brené Brown writes, can The physics of vulnerability is simple: If we are brave enough often enough, we will fall. The author of the #1 New York Times bestsellers Daring Greatly and The Gifts of Imperfection tells us what it takes to get back up, and how owning our stories of disappointment, failure, and heartbreak gives us the power to write a daring new ending. Struggle, Brené Brown writes, can be our greatest call to courage, and rising strong our clearest path to deeper meaning, wisdom, and hope. ...more",https://books.toscrape.com/catalogue/rising-strong_539/index.html
4729afff3bea0f0a,Man's Search for Meaning,Nonfiction,6,train,29.48,3,8,"Psychiatrist Viktor Frankl's memoir has riveted generations of readers with its descriptions of life in Nazi death camps and its lessons for spiritual survival. Between 1942 and 1945, Frankl labored in four different camps, including Auschwitz, while his parents, brother, and pregnant wife perished. Based on his own experience and the experiences of others he treated later Psychiatrist Viktor Frankl's memoir has riveted generations of readers with its descriptions of life in Nazi death camps and its lessons for spiritual survival. Between 1942 and 1945, Frankl labored in four different camps, including Auschwitz, while his parents, brother, and pregnant wife perished. Based on his own experience and the experiences of others he treated later in his practice, Frankl argues that we cannot avoid suffering, but we can choose how to cope with it, find meaning in it, and move forward with renewed purpose. Frankl's theory--known as logotherapy, from the Greek word logos (""meaning"")--holds that our primary drive in life is not pleasure, as Freud maintained, but the discovery and pursuit of what we personally find meaningful.At the time of Frankl's death in 1997, Man's Search for Meaning had sold more than 10 million copies in twenty-four languages. A 1991 reader survey for the Library of Congress that asked readers to name a ""book that made a difference in your life"" found Man's Search for Meaning among the ten most influential books in America. ...more",https://books.toscrape.com/catalogue/mans-search-for-meaning_533/index.html
9a7291b89bd5445c,My Life Next Door (My Life Next Door ),Young Adult,9,test,36.39,5,8,"""One thing my mother never knew, and would disapprove of most of all, was that I watched the Garretts. All the time.""The Garretts are everything the Reeds are not. Loud, messy, affectionate. And every day from her rooftop perch, Samantha Reed wishes she was one of them . . . until one summer evening, Jase Garrett climbs up next to her and changes everything.As the two fall ""One thing my mother never knew, and would disapprove of most of all, was that I watched the Garretts. All the time.""The Garretts are everything the Reeds are not. Loud, messy, affectionate. And every day from her rooftop perch, Samantha Reed wishes she was one of them . . . until one summer evening, Jase Garrett climbs up next to her and changes everything.As the two fall fiercely for each other, stumbling through the awkwardness and awesomeness of first love, Jase's family embraces Samantha - even as she keeps him a secret from her own. Then something unthinkable happens, and the bottom drops out of Samantha's world. She's suddenly faced with an impossible decision. Which perfect family will save her? Or is it time she saved herself?A transporting debut about family, friendship, first romance, and how to be true to one person you love without betraying another. ...more",https://books.toscrape.com/catalogue/my-life-next-door-my-life-next-door_535/index.html
bff270fe9c86a5a9,Miller's Valley,Fiction,2,train,58.54,2,8,"Filled with insights that are hallmarks of Anna Quindlen’s bestsellers, this extraordinary novel is about a woman coming of age, as she unearths secrets about her family and her town, and surprising truths about herself.For generations the Millers have lived in Miller’s Valley. Mimi Miller tells about her life with intimacy and honesty. As Mimi eavesdrops on her parents an Filled with insights that are hallmarks of Anna Quindlen’s bestsellers, this extraordinary novel is about a woman coming of age, as she unearths secrets about her family and her town, and surprising truths about herself.For generations the Millers have lived in Miller’s Valley. Mimi Miller tells about her life with intimacy and honesty. As Mimi eavesdrops on her parents and quietly observes the people around her, she discovers more and more about the toxicity of family secrets, the dangers of gossip, the flaws of marriage, the inequalities of friendship and the risks of passion, loyalty, and love. Home, as Mimi begins to realize, can be “a place where it’s just as easy to feel lost as it is to feel content.” Miller’s Valley is a masterly study of family, memory, loss, and, ultimately, discovery, of finding true identity and a new vision of home. As Mimi says, “No one ever leaves the town where they grew up, even if they go.” Miller’s Valley reminds us that the place where you grew up can disappear, and the people in it too, but all will live on in your heart forever. ...more",https://books.toscrape.com/catalogue/millers-valley_534/index.html
044534b0b28b4e87,Living Forward: A Proven Plan to Stop Drifting and Get the Life You Want,Nonfiction,6,train,12.55,3,8,"Each of us has but one life to live on this earth. What we do with it is our choice. Are we drifting through it as spectators, reacting to our circumstances when necessary and wondering just how we got to this point anyway? Or are we directing it, maximizing the joy and potential of every day, living with a purpose or mission in mind? Too many of us are doing the former--a Each of us has but one life to live on this earth. What we do with it is our choice. Are we drifting through it as spectators, reacting to our circumstances when necessary and wondering just how we got to this point anyway? Or are we directing it, maximizing the joy and potential of every day, living with a purpose or mission in mind? Too many of us are doing the former--and our lives are slipping away one day at a time. But what if we treated life like the gift that it is? What if we lived each day as though it were part of a bigger picture, a ""plan""? That's what ""New York Times ""bestselling author Michael Hyatt and executive coach Daniel Harkavy show us how to do: to design a life with the end in mind, determining in advance the outcomes we desire and path to get there. In this step-by-step guide, they share proven principles that help readers create a simple but effective life plan so that they can get from where they are now to where they really want to be--in every area of life. ...more",https://books.toscrape.com/catalogue/living-forward-a-proven-plan-to-stop-drifting-and-get-the-life-you-want_531/index.html
4d3a4c7b442a9a4e,"Love That Boy: What Two Presidents, Eight Road Trips, and My Son Taught Me About a Parent's Expectations",Nonfiction,6,train,25.06,2,8,"Tyler and I inch toward the Green Room, in line with blow-dried TV anchors and stuffy columnists. He’s practicing his handshake and hello: “It’s a pleasure to meet you, Mr. President. It’s a pleasure to meet you, Mr. President. It’s a pleasure to meet you, Mr. President.” When the couple in front of us steps forward for their picture, my teenager with sky-blue eyes and a s Tyler and I inch toward the Green Room, in line with blow-dried TV anchors and stuffy columnists. He’s practicing his handshake and hello: “It’s a pleasure to meet you, Mr. President. It’s a pleasure to meet you, Mr. President. It’s a pleasure to meet you, Mr. President.” When the couple in front of us steps forward for their picture, my teenager with sky-blue eyes and a soft heart looks up at me and says, “I hope I don’t let you down, Dad.” What kind of father raises a son to worry about embarrassing his dad? I want to tell Tyler not to worry, that he’d never let me down. That there’s nothing wrong with being different. That I actually am proud of what makes him special. But we are next in line to meet the president of the United States in a room filled with fellow strivers, and all I can think about is the real possibility that Tyler might embarrass himself. Or, God forbid, me.LOVE THAT BOY is a uniquely personal story about the causes and costs of outsized parental expectations. What we want for our children—popularity, normalcy, achievement, genius—and what they truly need—grit, empathy, character—are explored by National Journal’s Ron Fournier, who weaves his extraordinary journey to acceptance around the latest research on childhood development and stories of other loving-but-struggling parents. ...more",https://books.toscrape.com/catalogue/love-that-boy-what-two-presidents-eight-road-trips-and-my-son-taught-me-about-a-parents-expectations_532/index.html
0bfdef63285d3019,Hystopia: A Novel,Fiction,2,train,21.96,4,8,"By the early 1970s, President John F. Kennedy has survived several assassination attempts and--martyred, heroic--is now in his third term. Twenty-two-year-old Eugene Allen returns home from his tour of duty in Vietnam and begins to write a war novel--a book echoing Catch-22 and Slaughterhouse-Five--about veterans who have their battlefield experiences ""enfolded,"" wiped fro By the early 1970s, President John F. Kennedy has survived several assassination attempts and--martyred, heroic--is now in his third term. Twenty-two-year-old Eugene Allen returns home from his tour of duty in Vietnam and begins to write a war novel--a book echoing Catch-22 and Slaughterhouse-Five--about veterans who have their battlefield experiences ""enfolded,"" wiped from their memories through drugs and therapy. In Eugene's fictive universe, veterans too damaged to be enfolded stalk the American heartland, reenacting atrocities on civilians and evading the Psych Corps, a federal agency dedicated to upholding the mental hygiene of the nation by any means necessary.This alternative America, in which a veteran tries to reimagine a damaged world, is the subject of Hystopia, the long-awaited first novel by David Means. The critic James Wood has written that Means's language ""offers an exquisitely precise and sensuous register of an often crazy American reality."" Means brings this talent to bear on the national trauma of the Vietnam era in a work that is outlandish, ruefully funny, and shockingly violent. Written in conversation with some of the greatest war narratives from the Iliad to the Rolling Stones' ""Gimme Shelter,"" Hystopia is a unique and visionary novel. ...more",https://books.toscrape.com/catalogue/hystopia-a-novel_523/index.html
bbf1ea50be8008ab,I Will Find You,Nonfiction,6,test,44.21,1,8,"“This is it. My rape. I knew it was coming. Every woman knows. And now here it is. My turn.” When Joanna Connors was thirty years old on assignment for the Cleveland Plain Dealer to review a play at a college theater, she was held at knife point and raped by a stranger who had grown up five miles away from her. Once her assailant was caught and sentenced, Joanna never spo “This is it. My rape. I knew it was coming. Every woman knows. And now here it is. My turn.” When Joanna Connors was thirty years old on assignment for the Cleveland Plain Dealer to review a play at a college theater, she was held at knife point and raped by a stranger who had grown up five miles away from her. Once her assailant was caught and sentenced, Joanna never spoke of the trauma again, until 21 years later when her daughter was about to go to college. She resolved then to tell her children about her own rape so they could learn and protect themselves, and she began to realize that the man who assaulted her was one of the formative people in her life.Setting out to uncover the story of her attacker, Connors embarked on a journey to find out who he was, where he came from, who his friends were and what his life was like. What she discovers stretches beyond one violent man’s story and back into her own, interweaving a narrative about strength and survival with one about rape culture and violence in America.I Will Find You is a brave, timely consideration of race, class, education and the families that shape who we become, by a reporter and a survivor. ...more",https://books.toscrape.com/catalogue/i-will-find-you_524/index.html
df6a7c43faa6732b,Future Shock (Future Shock #1),Young Adult,9,train,55.65,5,8,"What do you do when the future is too late, and the present is counting down to an inevitable moment?Elena Martinez has street smarts, the ability for perfect recall, and a deadline: if she doesn’t find a job before she turns eighteen, she’ll be homeless. But then she gets an unexpected offer from Aether Corporation, the powerful Los Angeles tech giant. Along with four oth What do you do when the future is too late, and the present is counting down to an inevitable moment?Elena Martinez has street smarts, the ability for perfect recall, and a deadline: if she doesn’t find a job before she turns eighteen, she’ll be homeless. But then she gets an unexpected offer from Aether Corporation, the powerful Los Angeles tech giant. Along with four other recruits—Adam, Chris, Trent, and Zoe—Elena is being sent on a secret mission to bring back data from the future. All they have to do is get Aether the information they need, and the five of them will be set for life. It’s an offer Elena can’t refuse.But something goes wrong when the time travelers arrive in the future. And they are forced to break the only rule they were given—not to look into their own fates. Now they have twenty-four hours to get back to the present and find a way to stop a seemingly inevitable future—and a murder—from happening. But changing the timeline has deadly consequences too. Who can Elena trust as she fights to save her life?The first book in an unforgettable series about rewriting your destiny in the city of dreams. ...more",https://books.toscrape.com/catalogue/future-shock-future-shock-1_519/index.html
77e9ea355bd8ae57,Brazen: The Courage to Find the You That's Been Hiding,Nonfiction,6,train,19.22,2,8,"There are so many moments in life when we choose to silence our intuition, abandon our own voice, and play small because we wonder, deep down: ""Do I know who I really am? Is who I really am enough?"" It's courageous work to learn to live from our essential identity--loved, worthy, whole. But what if God is calling us to shamelessly recover the woman he created us to be? Wha There are so many moments in life when we choose to silence our intuition, abandon our own voice, and play small because we wonder, deep down: ""Do I know who I really am? Is who I really am enough?"" It's courageous work to learn to live from our essential identity--loved, worthy, whole. But what if God is calling us to shamelessly recover the woman he created us to be? What if God is urging us to be--for the first time in our lives--brazen? The word ""brazen"" means ""without shame."" Leeana Tankersley wants women to be just that--to unapologetically move from shame- and fear-based living toward lives that are based on love and belonging. With moving personal stories and spot-on observations of the longings we all experience--to know we are loved, to feel comfortable in our own skin, to be heard--Tankersley calls women to honor that voice deep down inside of them rather than bowing to outside influences that push them to become someone they're not. Gritty and overflowing with grace, Brazen will set women free to be truly themselves in a world bent on molding them in its image. ...more",https://books.toscrape.com/catalogue/brazen-the-courage-to-find-the-you-thats-been-hiding_514/index.html
15ebd83e53d0391b,Being Mortal: Medicine and What Matters in the End,Nonfiction,6,train,55.06,4,8,"In Being Mortal, bestselling author Atul Gawande tackles the hardest challenge of his profession: how medicine can not only improve life but also the process of its ending.Medicine has triumphed in modern times, transforming birth, injury, and infectious disease from harrowing to manageable. But in the inevitable condition of aging and death, the goals of medicine seem too In Being Mortal, bestselling author Atul Gawande tackles the hardest challenge of his profession: how medicine can not only improve life but also the process of its ending.Medicine has triumphed in modern times, transforming birth, injury, and infectious disease from harrowing to manageable. But in the inevitable condition of aging and death, the goals of medicine seem too frequently to run counter to the interest of the human spirit. Nursing homes, preoccupied with safety, pin patients into railed beds and wheelchairs. Hospitals isolate the dying, checking for vital signs long after the goals of cure have become moot. Doctors, committed to extending life, continue to carry out devastating procedures that in the end extend suffering.Gawande, a practicing surgeon, addresses his profession’s ultimate limitation, arguing that quality of life is the desired goal for patients and families. Gawande offers examples of freer, more socially fulfilling models for assisting the infirm and dependent elderly, and he explores the varieties of hospice care to demonstrate that a person's last weeks or months may be rich and dignified.Full of eye-opening research and riveting storytelling, Being Mortal asserts that medicine can comfort and enhance our experience even to the end, providing not only a good life but also a good end. ...more",https://books.toscrape.com/catalogue/being-mortal-medicine-and-what-matters-in-the-end_512/index.html
04e3de7ac35ec5cd,Between the World and Me,Nonfiction,6,train,56.91,4,8,"“This is your country, this is your world, this is your body, and you must find some way to live within the all of it.”In a profound work that pivots from the biggest questions about American history and ideals to the most intimate concerns of a father for his son, Ta-Nehisi Coates offers a powerful new framework for understanding our nation’s history and current crisis. A “This is your country, this is your world, this is your body, and you must find some way to live within the all of it.”In a profound work that pivots from the biggest questions about American history and ideals to the most intimate concerns of a father for his son, Ta-Nehisi Coates offers a powerful new framework for understanding our nation’s history and current crisis. Americans have built an empire on the idea of “race,” a falsehood that damages us all but falls most heavily on the bodies of black women and men—bodies exploited through slavery and segregation, and, today, threatened, locked up, and murdered out of all proportion. What is it like to inhabit a black body and find a way to live within it? And how can we all honestly reckon with this fraught history and free ourselves from its burden?  Between the World and Me is Ta-Nehisi Coates’s attempt to answer these questions in a letter to his adolescent son. Coates shares with his son—and readers—the story of his awakening to the truth about his place in the world through a series of revelatory experiences, from Howard University to Civil War battlefields, from the South Side of Chicago to Paris, from his childhood home to the living rooms of mothers whose children’s lives were taken as American plunder. Beautifully woven from personal narrative, reimagined history, and fresh, emotionally charged reportage, Between the World and Me clearly illuminates the past, bracingly confronts our present, and offers a transcendent vision for a way forward. ...more",https://books.toscrape.com/catalogue/between-the-world-and-me_513/index.html
fef91502cbacf23a,"A Murder Over a Girl: Justice, Gender, Junior High",Nonfiction,6,train,13.2,3,8,"A psychologist's gripping, troubling, and moving exploration of the brutal murder of a possibly transgender middle school student by an eighth grade classmateOn Feb. 12, 2008, at E. O. Green Junior High in Oxnard, CA, 14-year-old Brandon McInerney shot and killed his classmate, Larry King, who had recently begun to call himself ""Leticia"" and wear makeup and jewelry to scho A psychologist's gripping, troubling, and moving exploration of the brutal murder of a possibly transgender middle school student by an eighth grade classmateOn Feb. 12, 2008, at E. O. Green Junior High in Oxnard, CA, 14-year-old Brandon McInerney shot and killed his classmate, Larry King, who had recently begun to call himself ""Leticia"" and wear makeup and jewelry to school.Profoundly shaken by the news, and unsettled by media coverage that sidestepped the issues of gender identity and of race integral to the case, psychologist Ken Corbett traveled to LA to attend the trial. As visions of victim and perpetrator were woven and unwoven in the theater of the courtroom, a haunting picture emerged not only of the two young teenagers, but also of spectators altered by an atrocity and of a community that had unwittingly gestated a murder. Drawing on firsthand observations, extensive interviews and research, as well as on his decades of academic work on gender and sexuality, Corbett holds each murky facet of this case up to the light, exploring the fault lines of memory and the lacunae of uncertainty behind facts. Deeply compassionate, and brimming with wit and acute insight, A Murder Over a Girl is a riveting and stranger-than-fiction drama of the human psyche. ...more",https://books.toscrape.com/catalogue/a-murder-over-a-girl-justice-gender-junior-high_511/index.html
b1a227b7609ff263,32 Yolks,Food and Drink,3,test,53.63,2,8,"For readers of Jacques Pépin’s The Apprentice and Marcus Samuelsson’s Yes, Chef, here is the coming-of-age story of a true French chef and international culinary icon. Before he earned three Michelin stars at Le Bernardin, won the James Beard Foundation Award for Outstanding Chef, or became a regular guest judge on Bravo’s Top Chef, and even before he knew how to make a pr For readers of Jacques Pépin’s The Apprentice and Marcus Samuelsson’s Yes, Chef, here is the coming-of-age story of a true French chef and international culinary icon. Before he earned three Michelin stars at Le Bernardin, won the James Beard Foundation Award for Outstanding Chef, or became a regular guest judge on Bravo’s Top Chef, and even before he knew how to make a proper omelet, Eric Ripert was a young boy in the South of France who felt that his world had come to an end. The only place Eric felt at home was in the kitchen. His desire to not only cook, but to become the best would lead him into some of the most celebrated and demanding restaurants in Paris. ...more",https://books.toscrape.com/catalogue/32-yolks_510/index.html
9735c969c652dd89,What Happened on Beale Street (Secrets of the South Mysteries #2),Mystery,5,train,25.37,5,7,"What Happened on Beale Street is an exciting addition to the Secrets of the South Mysteries from bestselling author Mary Ellis. These standalone, complex crime dramas follow a private investigator's quest to make the world a better place...solving one case at a time.A cryptic plea for help from a childhood friend sends cousins Nate and Nicki Price from New Orleans to Memph What Happened on Beale Street is an exciting addition to the Secrets of the South Mysteries from bestselling author Mary Ellis. These standalone, complex crime dramas follow a private investigator's quest to make the world a better place...solving one case at a time.A cryptic plea for help from a childhood friend sends cousins Nate and Nicki Price from New Orleans to Memphis, the home of scrumptious barbecue and soulful blues music. When they arrive at Danny Andre's last known address, they discover signs of a struggle and a lifestyle not in keeping with the former choirboy they fondly remember.Danny's sister, Isabelle, reluctantly accepts their help. She and Nate aren't on the best of terms due to a complicated past, yet they will have to get beyond that if they want to save Danny.On top of Danny's alarming disappearance and his troubled relationship with Isabelle, Nate also has to rein in his favorite cousin's overzealousness as a new and eager PI. Confronted with a possible murder, mystery, and mayhem in the land of the Delta blues, Nate must rely on his faith and investigative experience to keep one or more of them from getting killed. ...more",https://books.toscrape.com/catalogue/what-happened-on-beale-street-secrets-of-the-south-mysteries-2_506/index.html
0ff9d10864db8364,The Whale,Childrens,0,train,35.96,4,7,"A wordless epic sea adventureThere is a legend that a Great Spotted Whale lives in the ocean, although a sighting fifty years ago was never corroborated. Now two young whale watchers each set out to find the whale, one armed with sound-recording equipment, the other with a camera. When their boats collide, they pool their resources to capture incontrovertible proof that th A wordless epic sea adventureThere is a legend that a Great Spotted Whale lives in the ocean, although a sighting fifty years ago was never corroborated. Now two young whale watchers each set out to find the whale, one armed with sound-recording equipment, the other with a camera. When their boats collide, they pool their resources to capture incontrovertible proof that the mythical whale exists. The eventual sighting is a magical moment, especially when the children discover that it was their own grandparents who first glimpsed the whale fifty years ago. The Murrows’ spectacular wordless adventure is brought to life with stunning graphite drawings that convey the drama and haunting beauty of the ocean and capture the majesty of the awe-inspiring whale. ...more",https://books.toscrape.com/catalogue/the-whale_501/index.html
24933c712f0bca2f,The Constant Princess (The Tudor Court #1),Historical Fiction,4,test,16.62,3,7,"""I am Catalina, Princess of Spain, daughter of the two greatest monarchs the world has ever known...and I will be Queen of England.""Thus, bestselling author Philippa Gregory introduces one of her most unforgettable heroines: Katherine of Aragon. Known to history as the Queen who was pushed off her throne by Anne Boleyn, here is a Katherine the world has forgotten: the ench ""I am Catalina, Princess of Spain, daughter of the two greatest monarchs the world has ever known...and I will be Queen of England.""Thus, bestselling author Philippa Gregory introduces one of her most unforgettable heroines: Katherine of Aragon. Known to history as the Queen who was pushed off her throne by Anne Boleyn, here is a Katherine the world has forgotten: the enchanting princess that all England loved. First married to Henry VIII's older brother, Arthur, Katherine's passion turns their arranged marriage into a love match; but when Arthur dies, the merciless English court and her ambitious parents -- the crusading King and Queen of Spain -- have to find a new role for the widow. Ultimately, it is Katherine herself who takes control of her own life by telling the most audacious lie in English history, leading her to the very pinnacle of power in England.Set in the rich beauty of Moorish Spain and the glamour of the Tudor court, The Constant Princess presents a woman whose constancy helps her endure betrayal, poverty, and despair, until the inevitable moment when she steps into the role she has prepared for all her life: Henry VIII's Queen, Regent, and commander of the English army in their greatest victory against Scotland. ...more",https://books.toscrape.com/catalogue/the-constant-princess-the-tudor-court-1_493/index.html
d250657f0ebc5d73,The Bourne Identity (Jason Bourne #1),Fiction,2,train,42.78,4,7,"Who is Jason Bourne? Is he an assassin, a terrorist, a thief? Why has he got four million dollars in a Swiss bank account? Why has someone tried to murder him?...Jason Bourne does not know the answer to any of these questions. Suffering from amnesia, he does not even know that he is Jason Bourne. What manner of man is he? What are his secrets? Who has he killed?",https://books.toscrape.com/catalogue/the-bourne-identity-jason-bourne-1_492/index.html
20789fb17b423c4c,The Bachelor Girl's Guide to Murder (Herringford and Watts Mysteries #1),Mystery,5,train,52.3,5,7,"In 1910 Toronto, while other bachelor girls perfect their domestic skills and find husbands, two friends perfect their sleuthing skills and find a murderer.Inspired by their fascination with all things Sherlock Holmes, best friends and flatmates Merinda and Jem launch a consulting detective business. The deaths of young Irish women lead Merinda and Jem deeper into the mire In 1910 Toronto, while other bachelor girls perfect their domestic skills and find husbands, two friends perfect their sleuthing skills and find a murderer.Inspired by their fascination with all things Sherlock Holmes, best friends and flatmates Merinda and Jem launch a consulting detective business. The deaths of young Irish women lead Merinda and Jem deeper into the mire of the city's underbelly, where the high hopes of those dreaming to make a new life in Canada are met with prejudice and squalor.While searching for answers, donning disguises, and sneaking around where no proper ladies would ever go, they pair with Jasper Forth, a police constable, and Ray DeLuca, a reporter in whom Jem takes a more than professional interest. Merinda could well be Toronto's premiere consulting detective, and Jem may just find a way to put her bachelor girlhood behind her forever--if they can stay alive long enough to do so. ...more",https://books.toscrape.com/catalogue/the-bachelor-girls-guide-to-murder-herringford-and-watts-mysteries-1_491/index.html
bd087cf6a846db75,"Sit, Stay, Love",Romance,7,train,20.9,3,7,"Take one abrasive professional athlete, a quirky out-of-work schoolteacher, and an overweight geriatric dog, and you're ready for a lesson in love...Tippy style.Pro baseball pitcher Cal Crawford is not a dog guy. When he inherits his deceased mother's elderly dog, Tippy, he's quick to call on a pet-sitting service.Gina isn't thrilled to be a dog sitter when her aspirations Take one abrasive professional athlete, a quirky out-of-work schoolteacher, and an overweight geriatric dog, and you're ready for a lesson in love...Tippy style.Pro baseball pitcher Cal Crawford is not a dog guy. When he inherits his deceased mother's elderly dog, Tippy, he's quick to call on a pet-sitting service.Gina isn't thrilled to be a dog sitter when her aspirations lie in the classroom. Furthermore, she can't abide the unfriendly Cal, a man with all the charm of a wet towel. But with no other prospects and a deep love for all things canine, she takes the job caring for Tippy.As Gina travels through Cal's world with Tippy in tow, she begins to see Cal in a different light. Gina longs to show Cal the God-given blessings in his life that have nothing to do with baseball or fame. When her longing blooms into attraction, Gina does her best to suppress it. But Cal is falling in love with her too...Discover the charming story of Tippy, the dog who brought a family together. ...more",https://books.toscrape.com/catalogue/sit-stay-love_486/index.html
9639e89d20228e6e,"Shrunken Treasures: Literary Classics, Short, Sweet, and Silly",Childrens,0,train,52.87,3,7,"Nine weighty literary classics are transformed into delectable morsels with Scott Nash’s playful versification and whimsical illustration.Can’t stomach all of Frankenstein? Lacking the strength to read The Odyssey? Don’t have 1,001 nights to get through Scheherazade’s ordeal? Never fear, Shrunken Treasures are here! Nine of the world’s best-known stories and books have bee Nine weighty literary classics are transformed into delectable morsels with Scott Nash’s playful versification and whimsical illustration.Can’t stomach all of Frankenstein? Lacking the strength to read The Odyssey? Don’t have 1,001 nights to get through Scheherazade’s ordeal? Never fear, Shrunken Treasures are here! Nine of the world’s best-known stories and books have been reduced, like slowly simmered cherries, to tart and tasty mouthfuls. Lighthearted verse turns Moby-Dick into a simple nursery song. Outrageous color makes even gloomy Hamlet seem like fun. Riotous images transform Jane Eyre’s ordeal into a whirlwind adventure. The Metamorphosis, Remembrance of Things Past, Don Quixote, and others have all been delivered from dense duty to delightful ditty in Scott Nash’s collection of hallowed classics, featuring notes about the original texts at the end. ...more",https://books.toscrape.com/catalogue/shrunken-treasures-literary-classics-short-sweet-and-silly_484/index.html
7ffebdd1d5148aef,Sister Dear,Fiction,2,train,40.2,4,7,"All Allie Marshall wants is a fresh start. But when dark secrets refuse to stay buried, will her chance at a new life be shattered forever?Convicted of a crime she didn’t commit, Allie watched a decade of her life vanish – time that can never be recovered. Now, out on parole, Allie is determined to clear her name, rebuild her life, and reconnect with the daughter she barel All Allie Marshall wants is a fresh start.  But when dark secrets refuse to stay buried, will her chance at a new life be shattered forever?Convicted of a crime she didn’t commit, Allie watched a decade of her life vanish – time that can never be recovered. Now, out on parole, Allie is determined to clear her name, rebuild her life, and reconnect with the daughter she barely knows.But Allie’s return home shatters the quaint, coastal community of Brunswick, Georgia. Even her own daughter Caroline, now a teenager, bristles at Allie’s claims of innocence. Refusing defeat, a stronger, smarter Allie launches a battle for the truth, digging deeply into the past even if it threatens her parole status, personal safety, and the already-fragile bond with family.As her commitment to finding the truth intensifies, what Allie ultimately uncovers is far worse than she imagined. Her own sister has been hiding a dark secret—one that holds the key to Allie’s freedom. ...more",https://books.toscrape.com/catalogue/sister-dear_485/index.html
68008abf6409dfde,Playing from the Heart,Childrens,0,train,32.38,1,7,"Peter H. Reynolds, creator of The Dot, has composed a pitch-perfect tribute to the power of music and the bonds of family.When a young boy begins to play on his family’s piano, reveling in the fun of plunking the keys, his father signs him up for lessons so that he can learn to play properly. With his father’s encouragement, Raj learns notes, then scales, then songs, and Peter H. Reynolds, creator of The Dot, has composed a pitch-perfect tribute to the power of music and the bonds of family.When a young boy begins to play on his family’s piano, reveling in the fun of plunking the keys, his father signs him up for lessons so that he can learn to play properly. With his father’s encouragement, Raj learns notes, then scales, then songs, and finally classical pieces that his father can recognize and be proud of. But the more Raj practices and the more skilled he becomes, the less he enjoys playing, until he grows up and stops playing altogether. But when his father becomes ill and asks Raj to play for him, will Raj remember how to play from the heart? ...more",https://books.toscrape.com/catalogue/playing-from-the-heart_481/index.html
31c56c4d0fe19340,Raymie Nightingale,Childrens,0,test,34.41,2,7,"Raymie Clarke has come to realize that everything, absolutely everything, depends on her. And she has a plan. If Raymie can win the Little Miss Central Florida Tire competition, then her father, who left town two days ago with a dental hygienist, will see Raymie's picture in the paper and (maybe) come home. To win, not only does Raymie have to do good deeds and learn how t Raymie Clarke has come to realize that everything, absolutely everything, depends on her. And she has a plan. If Raymie can win the Little Miss Central Florida Tire competition, then her father, who left town two days ago with a dental hygienist, will see Raymie's picture in the paper and (maybe) come home. To win, not only does Raymie have to do good deeds and learn how to twirl a baton; she also has to contend with the wispy, frequently fainting Louisiana Elefante, who has a show-business background, and the fiery, stubborn Beverly Tapinski, who’s determined to sabotage the contest. But as the competition approaches, loneliness, loss, and unanswerable questions draw the three girls into an unlikely friendship — and challenge each of them to come to the rescue in unexpected ways. ...more",https://books.toscrape.com/catalogue/raymie-nightingale_482/index.html
746029796363aa51,Nightstruck: A Novel,Young Adult,9,train,50.35,4,7,"It starts with a cry in the night.Becket, walking her dog one winter evening, fears it’s an abandoned baby left out in the cold. But it is something else—something evil—and it tricks Becket into opening a doorway to another realm, letting a darkness into our world, a corruption that begins transforming Philadelphia into a sinister and menacing version of itself…but only at It starts with a cry in the night.Becket, walking her dog one winter evening, fears it’s an abandoned baby left out in the cold. But it is something else—something evil—and it tricks Becket into opening a doorway to another realm, letting a darkness into our world, a corruption that begins transforming Philadelphia into a sinister and menacing version of itself…but only at night.The changes are subtle at first, causing Becket to doubt her senses and her sanity. But soon the nightmarish truth is impossible to deny: By day, the city is just a city, but at night it literally comes alive with malevolent purpose. Brick and steel become bone, streetlights turn into gallows, and hungry alleys wait to snare mortal victims. Terrified citizens huddle indoors after dusk, as others succumb to the siren song of the night, letting their darker sides run wild.Once, Becket’s biggest problems were living up to her police commissioner father’s high expectations and a secret crush on her best friend’s boyfriend. Now she must find a way to survive and protect her loved ones…before the darkness takes her as well. ...more",https://books.toscrape.com/catalogue/nightstruck-a-novel_480/index.html
924438fc6cbec836,"Naturally Lean: 125 Nourishing Gluten-Free, Plant-Based Recipes--All Under 300 Calories",Food and Drink,3,train,11.38,5,7,"When you're hungry for a filling meal, it's easy to go for the unhealthy stuff. Many times, even gluten-free and vegan cuisines can be loaded with sneaky fillers and not-so-good-for-you ingredients. Allyson Kramer proves that low-cal doesn't have to mean low-satisfaction; these gluten-free, plant-based recipes are high in nutrients, have less than 300 calories per serving— When you're hungry for a filling meal, it's easy to go for the unhealthy stuff. Many times, even gluten-free and vegan cuisines can be loaded with sneaky fillers and not-so-good-for-you ingredients. Allyson Kramer proves that low-cal doesn't have to mean low-satisfaction; these gluten-free, plant-based recipes are high in nutrients, have less than 300 calories per serving—and they taste amazing. Dig into Cheesy BBQ Kale Chips, Cinnamon Plum Streusel, Avocado Chick'n Salad, and so much more. There are no fillers, no added or refined sugars, and no processed ingredients you can't pronounce. Whether it's breakfast, lunch, snacks, small plates, entrees, or beverages, you'll find a hearty, healthy recipe for every craving.   ...more",https://books.toscrape.com/catalogue/naturally-lean-125-nourishing-gluten-free-plant-based-recipes-all-under-300-calories_479/index.html
dac4b5847454fd9b,Memoirs of a Geisha,Fiction,2,train,49.67,3,7,"A literary sensation and runaway bestseller, this brilliant debut novel presents with seamless authenticity and exquisite lyricism the true confessions of one of Japan's most celebrated geisha.In Memoirs of a Geisha, we enter a world where appearances are paramount; where a girl's virginity is auctioned to the highest bidder; where women are trained to beguile the most pow A literary sensation and runaway bestseller, this brilliant debut novel presents with seamless authenticity and exquisite lyricism the true confessions of one of Japan's most celebrated geisha.In Memoirs of a Geisha, we enter a world where appearances are paramount; where a girl's virginity is auctioned to the highest bidder; where women are trained to beguile the most powerful men; and where love is scorned as illusion. It is a unique and triumphant work of fiction - at once romantic, erotic, suspenseful - and completely unforgettable. ...more",https://books.toscrape.com/catalogue/memoirs-of-a-geisha_477/index.html
4c82371b8cd02d4d,King's Folly (The Kinsman Chronicles #1),Fantasy,1,train,39.61,5,7,"The gods are angry.Volcanic eruptions, sinkholes, ground shakers--everything points to their unhappiness. At least that is what the king of Armania believes. His son, Prince Wilek, thinks his father's superstitions are nonsense, though he remains the ever dutiful heir apparent to the throne.When a messenger arrives and claims that the town of Farway has been swallowed by t The gods are angry.Volcanic eruptions, sinkholes, ground shakers--everything points to their unhappiness. At least that is what the king of Armania believes. His son, Prince Wilek, thinks his father's superstitions are nonsense, though he remains the ever dutiful heir apparent to the throne.When a messenger arrives and claims that the town of Farway has been swallowed by the earth, the king sends Wilek to investigate. But what Wilek discovers is more cataclysmic than one lost city. Even as the ground shifts beneath his feet, Wilek sets out on a desperate journey to save his people and his world. But can he do it before the entire land crumbles? ...more",https://books.toscrape.com/catalogue/kings-folly-the-kinsman-chronicles-1_473/index.html
2a9fcb3382d351c8,How to Cook Everything Vegetarian: Simple Meatless Recipes for Great Food (How to Cook Everything),Food and Drink,3,train,46.01,4,7,"The ultimate one-stop vegetarian cookbook-from the author of the classic How to Cook EverythingHailed as ""a more hip Joy of Cooking"" by the Washington Post, Mark Bittman's award-winning book How to Cook Everything has become the bible for a new generation of home cooks, and the series has more than 1 million copies in print. Now, with How to Cook Everything: Vegetarian, Bi The ultimate one-stop vegetarian cookbook-from the author of the classic How to Cook EverythingHailed as ""a more hip Joy of Cooking"" by the Washington Post, Mark Bittman's award-winning book How to Cook Everything has become the bible for a new generation of home cooks, and the series has more than 1 million copies in print. Now, with How to Cook Everything: Vegetarian, Bittman has written the definitive guide to meatless meals-a book that will appeal to everyone who wants to cook simple but delicious meatless dishes, from health-conscious omnivores to passionate vegetarians.How to Cook Everything: Vegetarian includes more than 2,000 recipes and variations-far more than any other vegetarian cookbook. As always, Bittman's recipes are refreshingly straightforward, resolutely unfussy, and unfailingly delicious-producing dishes that home cooks can prepare with ease and serve with confidence. The book covers the whole spectrum of meatless cooking-including salads, soups, eggs and dairy, vegetables and fruit, pasta, grains, legumes, tofu and other meat substitutes, breads, condiments, desserts, and beverages. Special icons identify recipes that can be made in 30 minutes or less and in advance, as well as those that are vegan. Illustrated throughout with handsome line illustrations and brimming with Bittman's lucid, opinionated advice on everything from selecting vegetables to preparing pad Thai, How to Cook Everything: Vegetarian truly makes meatless cooking more accessible than ever.Praise for How to Cook Everything Vegetarian""Mark Bittman's category lock on definitive, massive food tomes continues with this well-thought-out ode to the garden and beyond. Combining deep research, tasty information, and delicious easy-to-cook recipes is Mark's forte and everything I want to cook is in here, from chickpea fries to cheese soufflés.""—Mario Batali, chef, author, and entrepreneur""How do you make an avid meat eater (like me) fall in love with vegetarian cooking? Make Mark Bittman's How to Cook Everything Vegetarian part of your culinary library.""—Bobby Flay, chef/owner of Mesa Grill and Bar Americain and author of the Mesa Grill Cookbook""Recipes that taste this good aren't supposed to be so healthy. Mark Bittman makes being a vegetarian fun.""—Dr. Mehmet Oz, Professor of Surgery, New York-Presbyterian/Columbia Medical Center and coauthor of You: The Owner's Manual ...more",https://books.toscrape.com/catalogue/how-to-cook-everything-vegetarian-simple-meatless-recipes-for-great-food-how-to-cook-everything_471/index.html
eff5710404e2ff78,How to Be a Domestic Goddess: Baking and the Art of Comfort Cooking,Food and Drink,3,train,28.25,2,7,"Nigella Lawson's How to Be a Domestic Goddess is about not only baking, but the enjoyment of being in the kitchen, taking sensuous pleasure in the entire process, and relishing the outcome. Nigella's deliciously reassuring and mouthwatering cookbook demonstrates that it's not terribly difficult to bake a batch of muffins or a layer cake, but the appreciation and satisfacti Nigella Lawson's How to Be a Domestic Goddess is about not only baking, but the enjoyment of being in the kitchen, taking sensuous pleasure in the entire process, and relishing the outcome. Nigella's deliciously reassuring and mouthwatering cookbook demonstrates that it's not terribly difficult to bake a batch of muffins or a layer cake, but the appreciation and satisfaction they bring are disproportionately high. At last, a book that understands our anxieties, feeds our fantasies, and puts cakes, pies, pastries, breads, and biscuits back into our own kitchens. ...more",https://books.toscrape.com/catalogue/how-to-be-a-domestic-goddess-baking-and-the-art-of-comfort-cooking_470/index.html
de6d7645f192d517,"Fruits Basket, Vol. 7 (Fruits Basket #7)",Sequential Art,8,train,19.57,1,7,"Tohru and company have been having a lot more fun ever since Kisa came to visit. Now it's time for Tohru to meet another member of the Zodiac - the skillfully sarcastic grade-school student, Hiro! One way or another, this tyke will have to deal with his resentment of Tohru and his affection for Kisa. Where will he find the answers? In the fabulous 7th volume of the super-p Tohru and company have been having a lot more fun ever since Kisa came to visit. Now it's time for Tohru to meet another member of the Zodiac - the skillfully sarcastic grade-school student, Hiro! One way or another, this tyke will have to deal with his resentment of Tohru and his affection for Kisa. Where will he find the answers? In the fabulous 7th volume of the super-popular Fruits Basket, of course! ...more",https://books.toscrape.com/catalogue/fruits-basket-vol-7-fruits-basket-7_468/index.html
2e40333991f56f45,For the Love: Fighting for Grace in a World of Impossible Standards,Nonfiction,6,train,45.13,3,7,"The popular writer, blogger, and television personality reveals with humor and style how Jesus' extravagant grace is the key to dealing with life's biggest challenge: people.The majority of our joys, struggles, thrills, and heartbreaks relate to people, beginning first with ourselves and then the people we came from, married, birthed, live by, live for, go to church with, The popular writer, blogger, and television personality reveals with humor and style how Jesus' extravagant grace is the key to dealing with life's biggest challenge: people.The majority of our joys, struggles, thrills, and heartbreaks relate to people, beginning first with ourselves and then the people we came from, married, birthed, live by, live for, go to church with, don't like, don't understand, fear, struggle with, compare ourselves to, and judge. People are the best and worst thing about the human life.Jen Hatmaker knows this all too well, and so she reveals how to practice kindness, grace, truthfulness, vision, and love to ourselves and those around us. By doing this, For the Love leads our generation to reimagine Jesus' grace as a way of life, and it does it in a funny yet profound manner that Christian readers will love. Along the way, Hatmaker shows readers how to reclaim their prophetic voices and become Good News again to a hurting, polarized world. ...more",https://books.toscrape.com/catalogue/for-the-love-fighting-for-grace-in-a-world-of-impossible-standards_467/index.html
4e78f06160b717ac,Finding God in the Ruins: How God Redeems Pain,Nonfiction,6,train,46.64,2,7,"When the reality of your pain doesn’t line up with what you’ve been taught in church, then what? While many abandon their faith or embrace hopelessness, it is possible to discover the God who heals your heart in the midst of the pain. Matt Bays has been where you are. His unforgettable stories of loss and healing will usher you into a life where gratitude overpowers anger, When the reality of your pain doesn’t line up with what you’ve been taught in church, then what? While many abandon their faith or embrace hopelessness, it is possible to discover the God who heals your heart in the midst of the pain. Matt Bays has been where you are. His unforgettable stories of loss and healing will usher you into a life where gratitude overpowers anger, hope overcomes despair, and hunger for God replaces indifference to God. With a fresh and original writing style, Bays demonstrates that true redemption is far more powerful than the temporary fixes of sanitized Christianity. ...more",https://books.toscrape.com/catalogue/finding-god-in-the-ruins-how-god-redeems-pain_466/index.html
4e980425468708da,Delivering the Truth (Quaker Midwife Mystery #1),Mystery,5,test,20.89,4,7,"Quaker midwife Rose Carroll hears secrets and keeps confidences as she attends births of the rich and poor alike in an 1888 Massachusetts mill town. When the town’s world-famed carriage industry is threatened by the work of an arsonist, and a carriage factory owner’s adult son is stabbed to death with Rose's own knitting needle, she is drawn into solving the mystery. Thing Quaker midwife Rose Carroll hears secrets and keeps con­fi­dences as she attends births of the rich and poor alike in an 1888 Massachusetts mill town. When the town’s world-famed car­riage indus­try is threat­ened by the work of an arson­ist, and a car­riage fac­tory owner’s adult son is stabbed to death with Rose's own knitting needle, she is drawn into solv­ing the mys­tery. Things get dicey after the same owner’s mis­tress is also mur­dered, leav­ing her one-week-old baby with­out a mother. The Quaker poet and abolitionist John Greenleaf Whittier helps Rose by lending words of advice and support. While strug­gling with being less than the per­fect Friend, Rose draws on her strengths as a counselor and prob­lem solver to bring two mur­der­ers to justice before they destroy the town’s carriage industry and the people who run it. ...more",https://books.toscrape.com/catalogue/delivering-the-truth-quaker-midwife-mystery-1_464/index.html
4fa75fc6829431ca,Every Heart a Doorway (Every Heart A Doorway #1),Fantasy,1,test,12.16,5,7,"Eleanor West’s Home for Wayward ChildrenNo SolicitationsNo VisitorsNo QuestsChildren have always disappeared under the right conditions; slipping through the shadows under a bed or at the back of a wardrobe, tumbling down rabbit holes and into old wells, and emerging somewhere... else.But magical lands have little need for used-up miracle children.Nancy tumbled once, but n Eleanor West’s Home for Wayward ChildrenNo SolicitationsNo VisitorsNo QuestsChildren have always disappeared under the right conditions; slipping through the shadows under a bed or at the back of a wardrobe, tumbling down rabbit holes and into old wells, and emerging somewhere... else.But magical lands have little need for used-up miracle children.Nancy tumbled once, but now she’s back. The things she’s experienced... they change a person. The children under Miss West’s care understand all too well. And each of them is seeking a way back to their own fantasy world.But Nancy’s arrival marks a change at the Home. There’s a darkness just around each corner, and when tragedy strikes, it’s up to Nancy and her new-found schoolmates to get to the heart of the matter.No matter the cost. ...more",https://books.toscrape.com/catalogue/every-heart-a-doorway-every-heart-a-doorway-1_465/index.html
d1378a0ad06ff979,A Gathering of Shadows (Shades of Magic #2),Fantasy,1,train,44.81,4,7,"It has been four months since a mysterious obsidian stone fell into Kell's possession. Four months since his path crossed with Delilah Bard. Four months since Prince Rhy was wounded, and since the nefarious Dane twins of White London fell, and four months since the stone was cast with Holland's dying body through the rift – back into Black London.Now, restless after having It has been four months since a mysterious obsidian stone fell into Kell's possession. Four months since his path crossed with Delilah Bard. Four months since Prince Rhy was wounded, and since the nefarious Dane twins of White London fell, and four months since the stone was cast with Holland's dying body through the rift – back into Black London.Now, restless after having given up his smuggling habit, Kell is visited by dreams of ominous magical events, waking only to think of Lila, who disappeared from the docks as she always meant to do. As Red London finalizes preparations for the Element Games – an extravagant international competition of magic meant to entertain and keep healthy the ties between neighboring countries – a certain pirate ship draws closer, carrying old friends back into port.And while Red London is caught up in the pageantry and thrills of the Games, another London is coming back to life. After all, a shadow that was gone in the night will reappear in the morning. But the balance of magic is ever perilous, and for one city to flourish, another London must fall. ...more",https://books.toscrape.com/catalogue/a-gathering-of-shadows-shades-of-magic-2_456/index.html
2da5edf8b5776c9a,The Mysterious Affair at Styles (Hercule Poirot #1),Mystery,5,train,24.8,4,6,"Poirot, a Belgian refugee of the Great War, is settling in England near the home of Emily Inglethorp, who helped him to his new life. His friend Hastings arrives as a guest at her home. When the woman is killed, Poirot uses his detective skills to solve the mystery.",https://books.toscrape.com/catalogue/the-mysterious-affair-at-styles-hercule-poirot-1_452/index.html
60376aa71be66083,The Man Who Mistook His Wife for a Hat and Other Clinical Tales,Nonfiction,6,train,59.45,4,6,"In his most extraordinary book, ""one of the great clinical writers of the twentieth century"" (The New York Times) recounts the case histories of patients lost in the bizarre, apparently inescapable world of neurological disorders. Oliver Sacks's The Man Who Mistook His Wife for a Hat tells the stories of individuals afflicted with fantastic perceptual and intellectual aber In his most extraordinary book, ""one of the great clinical writers of the twentieth century"" (The New York Times) recounts the case histories of patients lost in the bizarre, apparently inescapable world of neurological disorders. Oliver Sacks's The Man Who Mistook His Wife for a Hat tells the stories of individuals afflicted with fantastic perceptual and intellectual aberrations: patients who have lost their memories and with them the greater part of their pasts; who are no longer able to recognize people and common objects; who are stricken with violent tics and grimaces or who shout involuntary obscenities; whose limbs have become alien; who have been dismissed as retarded yet are gifted with uncanny artistic or mathematical talents.If inconceivably strange, these brilliant tales remain, in Dr. Sacks's splendid and sympathetic telling, deeply human. They are studies of life struggling against incredible adversity, and they enable us to enter the world of the neurologically impaired, to imagine with our hearts what it must be to live and feel as they do. A great healer, Sacks never loses sight of medicine's ultimate responsibility: ""the suffering, afflicted, fighting human subject."" ...more",https://books.toscrape.com/catalogue/the-man-who-mistook-his-wife-for-a-hat-and-other-clinical-tales_451/index.html
e6635f5b0a2c78db,The Invention of Wings,Historical Fiction,4,test,37.34,1,6,"Writing at the height of her narrative and imaginative gifts, Sue Monk Kidd presents a masterpiece of hope, daring, the quest for freedom, and the desire to have a voice in the world—and it is now the newest Oprah’s Book Club 2.0 selection.Hetty “Handful” Grimke, an urban slave in early nineteenth century Charleston, yearns for life beyond the suffocating walls that enclos Writing at the height of her narrative and imaginative gifts, Sue Monk Kidd presents a masterpiece of hope, daring, the quest for freedom, and the desire to have a voice in the world—and it is now the newest Oprah’s Book Club 2.0 selection.Hetty “Handful” Grimke, an urban slave in early nineteenth century Charleston, yearns for life beyond the suffocating walls that enclose her within the wealthy Grimke household. The Grimke’s daughter, Sarah, has known from an early age she is meant to do something large in the world, but she is hemmed in by the limits imposed on women.Kidd’s sweeping novel is set in motion on Sarah’s eleventh birthday, when she is given ownership of ten year old Handful, who is to be her handmaid. We follow their remarkable journeys over the next thirty five years, as both strive for a life of their own, dramatically shaping each other’s destinies and forming a complex relationship marked by guilt, defiance, estrangement and the uneasy ways of love.As the stories build to a riveting climax, Handful will endure loss and sorrow, finding courage and a sense of self in the process. Sarah will experience crushed hopes, betrayal, unrequited love, and ostracism before leaving Charleston to find her place alongside her fearless younger sister, Angelina, as one of the early pioneers in the abolition and women’s rights movements.Inspired by the historical figure of Sarah Grimke, Kidd goes beyond the record to flesh out the rich interior lives of all of her characters, both real and invented, including Handful’s cunning mother, Charlotte, who courts danger in her search for something better.This exquisitely written novel is a triumph of storytelling that looks with unswerving eyes at a devastating wound in American history, through women whose struggles for liberation, empowerment, and expression will leave no reader unmoved. ...more",https://books.toscrape.com/catalogue/the-invention-of-wings_448/index.html
2a1b3d967cda1da2,Tell the Wolves I'm Home,Young Adult,9,test,50.96,2,6,"In this striking literary debut, Carol Rifka Brunt unfolds a moving story of love, grief, and renewal as two lonely people become the unlikeliest of friends and find that sometimes you don’t know you’ve lost someone until you’ve found them.1987. There’s only one person who has ever truly understood fourteen-year-old June Elbus, and that’s her uncle, the renowned painter Fi In this striking literary debut, Carol Rifka Brunt unfolds a moving story of love, grief, and renewal as two lonely people become the unlikeliest of friends and find that sometimes you don’t know you’ve lost someone until you’ve found them.1987. There’s only one person who has ever truly understood fourteen-year-old June Elbus, and that’s her uncle, the renowned painter Finn Weiss. Shy at school and distant from her older sister, June can only be herself in Finn’s company; he is her godfather, confidant, and best friend. So when he dies, far too young, of a mysterious illness her mother can barely speak about, June’s world is turned upside down. But Finn’s death brings a surprise acquaintance into June’s life - someone who will help her to heal and to question what she thinks she knows about Finn, her family, and even her own heart.At Finn’s funeral, June notices a strange man lingering just beyond the crowd. A few days later, she receives a package in the mail. Inside is a beautiful teapot she recognizes from Finn’s apartment and a note from Toby, the stranger, asking for an opportunity to meet. As the two begin to spend time together, June realizes she’s not the only one who misses Finn, and if she can bring herself to trust this unexpected friend, he just might be the one she needs the most.An emotionally charged coming-of-age novel, Tell the Wolves I’m Home is a tender story of love lost and found, an unforgettable portrait of the way compassion can make us whole again. ...more",https://books.toscrape.com/catalogue/tell-the-wolves-im-home_439/index.html
6478ccb4416e6a5d,The Barefoot Contessa Cookbook,Food and Drink,3,train,59.92,5,6,"For more than twenty years, Barefoot Contessa, the acclaimed specialty food store, has been cooking and baking extraordinary dishes for enthusiastic customers in the Hamptons. For many of those years, people have tried to get the exuberant owner, Ina Garten, to share the secrets of her store. Finally, the energy and style that make Barefoot Contessa such a special place ar For more than twenty years, Barefoot Contessa, the acclaimed specialty food store, has been cooking and baking extraordinary dishes for enthusiastic customers in the Hamptons. For many of those years, people have tried to get the exuberant owner, Ina Garten, to share the secrets of her store. Finally, the energy and style that make Barefoot Contessa such a special place are shown here, with dozens of recipes and more than 160 breathtaking photographs, in The Barefoot Contessa Cookbook.Ina's most popular recipes use familiar ingredients, but they taste even better than you would expect. Her Pan-Fried Onion Dip is the real thing, with slowly car-amelized onions and fresh sour cream. Tomato soup is created from oven-roasted tomatoes and fresh basil to intensify the flavors. Meat loaf is as good as your grandmother's, but it's healthier because it's made with ground turkey and fresh herbs. The light and flaky Maple-Oatmeal Scones are baked with rolled oats, whole wheat, and real maple syrup. Now these and other famous Barefoot Contessa recipes can be prepared at home.Ina says that before she owned a specialty food store she often spent a week making dinner for six friends. Her experience at Barefoot Contessa has given her hundreds of ideas for creating wonderful parties in a few hours. And they're all in this book. Crab Cakes with Rémoulade Sauce can be stored overnight in the refrigerator and sautéed just before the guests arrive. Cheddar Corn Chowder can be made days ahead, reheated, and served with a salad and bread for a delicious autumn lunch. The ingredients for Grilled Salmon Salad can all be prepared ahead and tossed together before serving. The batter for the Raspberry Corn Muffins can be mixed a day before and popped into the oven just before breakfast.Ina Garten teaches us how to entertain with style, simplicity, and a relaxed sense of fun. There are notes throughout the book for giving cocktail parties, lunches, and dinner parties where everything is done before the guests arrive. And there are easy instructions for creating gorgeous party platters that don't even require you to cook!With Ina Garten and The Barefoot Contessa Cookbook, you have the perfect recipe for hosting parties that are easy and fun for everyone--including the cook. ...more",https://books.toscrape.com/catalogue/the-barefoot-contessa-cookbook_440/index.html
6958de044cb28a84,In the Woods (Dublin Murder Squad #1),Mystery,5,train,38.38,2,6,"A gorgeously written novel that marks the debut of an astonishing new voice in psychological suspense.As dusk approaches a small Dublin suburb in the summer of 1984, mothers begin to call their children home. But on this warm evening, three children do not return from the dark and silent woods. When the police arrive, they find only one of the children. He is gripping a tr A gorgeously written novel that marks the debut of an astonishing new voice in psychological suspense.As dusk approaches a small Dublin suburb in the summer of 1984, mothers begin to call their children home. But on this warm evening, three children do not return from the dark and silent woods. When the police arrive, they find only one of the children. He is gripping a tree trunk in terror, wearing blood-filled sneakers and unable to recall a single detail of the previous hours.Twenty years later, the found boy, Rob Ryan, is a detective on the Dublin Murder Squad and keeps his past a secret. But when a 12-year-old girl is found murdered in the same woods, he and Detective Cassie Maddox (his partner and closest friend) find themselves investigating a case chillingly similar to the previous unsolved mystery. Now, with only snippets of long-buried memories to guide him, Ryan has the chance to uncover both the mystery of the case before him and that of his own shadowy past. ...more",https://books.toscrape.com/catalogue/in-the-woods-dublin-murder-squad-1_433/index.html
fe0f34ebed689381,In Cold Blood,Nonfiction,6,test,49.98,4,6,"On November 15, 1959, in the small town of Holcomb, Kansas, four members of the Clutter family were savagely murdered by blasts from a shotgun held a few inches from their faces. There was no apparent motive for the crime, and there were almost no clues.As Truman Capote reconstructs the murder and the investigation that led to the capture, trial, and execution of the kille On November 15, 1959, in the small town of Holcomb, Kansas, four members of the Clutter family were savagely murdered by blasts from a shotgun held a few inches from their faces. There was no apparent motive for the crime, and there were almost no clues.As Truman Capote reconstructs the murder and the investigation that led to the capture, trial, and execution of the killers, he generates both mesmerizing suspense and astonishing empathy. In Cold Blood is a work that transcends its moment, yielding poignant insights into the nature of American violence. ...more",https://books.toscrape.com/catalogue/in-cold-blood_432/index.html
7a2b51f69e81c722,Me Before You (Me Before You #1),Fiction,2,test,19.02,1,6,Lou Clark knows lots of things. She knows how many footsteps there are between the bus stop and home. She knows she likes working in The Buttered Bun tea shop and she knows she might not love her boyfriend Patrick.What Lou doesn't know is she's about to lose her job or that knowing what's coming is what keeps her sane.Will Traynor knows his motorcycle accident took away hi Lou Clark knows lots of things. She knows how many footsteps there are between the bus stop and home. She knows she likes working in The Buttered Bun tea shop and she knows she might not love her boyfriend Patrick.What Lou doesn't know is she's about to lose her job or that knowing what's coming is what keeps her sane.Will Traynor knows his motorcycle accident took away his desire to live. He knows everything feels very small and rather joyless now and he knows exactly how he's going to put a stop to that.What Will doesn't know is that Lou is about to burst into his world in a riot of colour. And neither of them knows they're going to change the other for all time. ...more,https://books.toscrape.com/catalogue/me-before-you-me-before-you-1_434/index.html
384c7d41d5ffe9d1,"Girl, Interrupted",Nonfiction,6,train,42.14,3,6,"See alternate cover edition here.In 1967, after a session with a psychiatrist she'd never seen before, eighteen-year-old Susanna Kaysen was put in a taxi and sent to McLean Hospital. She spent most of the next two years on the ward for teenage girls in a psychiatric hospital as renowned for its famous clientele -- Sylvia Plath, Robert Lowell, James Taylor, and Ray Charles See alternate cover edition here.In 1967, after a session with a psychiatrist she'd never seen before, eighteen-year-old Susanna Kaysen was put in a taxi and sent to McLean Hospital. She spent most of the next two years on the ward for teenage girls in a psychiatric hospital as renowned for its famous clientele -- Sylvia Plath, Robert Lowell, James Taylor, and Ray Charles -- as for its progressive methods of treating those who could afford its sanctuary. Kaysen's memoir encompasses horror and razor-edged perception while providing vivid portraits of her fellow patients and their keepers. It is a brilliant evocation of a ""parallel universe"" set within the kaleidoscopically shifting landscape of the late sixties. Girl, Interrupted is a clear-sighted, unflinching document that gives lasting and specific dimension to our definitions of sane and insane, mental illness and recovery. ...more",https://books.toscrape.com/catalogue/girl-interrupted_429/index.html
97258f576d4bb672,"Fruits Basket, Vol. 6 (Fruits Basket #6)",Sequential Art,8,test,20.96,4,6,"Delving into the recesses of Kyo's past, we find the Sohma trio returning home on a rainy day. There, a mysterious man who has known Kyo for a long time meets them. Trust, loyalty and the bonds of family and friendship are tested, as Tohru must help Kyo deal with the ""monsters"" that he's been trying to avoid.",https://books.toscrape.com/catalogue/fruits-basket-vol-6-fruits-basket-6_427/index.html
4e3b183180e2a992,Deception Point,Fiction,2,train,40.32,4,6,"When a new NASA satellite spots evidence of an astonishingly rare object buried deep in the Arctic ice, the floundering space agency proclaims a much-needed victory...a victory that has profound implications for U.S. space policy and the impending presidential election. With the Oval Office in the balance, the President dispatches White House Intelligence analyst Rachel Se When a new NASA satellite spots evidence of an astonishingly rare object buried deep in the Arctic ice, the floundering space agency proclaims a much-needed victory...a victory that has profound implications for U.S. space policy and the impending presidential election. With the Oval Office in the balance, the President dispatches White House Intelligence analyst Rachel Sexton to the Milne Ice Shelf to verify the authenticity of the find. Accompanied by a team of experts, including the charismatic academic Michael Tolland, Rachel uncovers the unthinkable: evidence of scientific trickery -- a bold deception that threatens to plunge the world into controversy.But before Rachel can contact the President, she and Michael are attacked by a deadly team of assassins controlled by a mysterious power broker who will stop at nothing to hide the truth. Fleeing for their lives in an environment as desolate as it is lethal, their only hope for survival is to find out who is behind this masterful ploy. The truth, they will learn, is the most shocking deception of all. ...more",https://books.toscrape.com/catalogue/deception-point_426/index.html
faf841f81c52638b,Better Homes and Gardens New Cook Book,Food and Drink,3,train,39.61,3,6,"Features: Over 900 new recipes -- 1,200 in all-reflect current eating habits and lifestyles; 500 new photographs -- over 700 in all-including 60 percent more of finished food than the last edition; Dozens of new recipes offer ethnic flavours, fresh ingredients, or vegetarian appeal; Many recipes feature make-ahead directions or quick-to-the-table meals; New chapter provide Features: Over 900 new recipes -- 1,200 in all-reflect current eating habits and lifestyles; 500 new photographs -- over 700 in all-including 60 percent more of finished food than the last edition; Dozens of new recipes offer ethnic flavours, fresh ingredients, or vegetarian appeal; Many recipes feature make-ahead directions or quick-to-the-table meals; New chapter provides recipes for crockery cookers; Efficient, easy-to-read format, with recipes categorised into 21 chapters, each thoroughly indexed for easy reference; Expanded chapter on cooking basics includes advice on food safety, menu planning, table setting, and make-ahead cooking, plus a thorough glossary on ingredients and techniques; Appliance-friendly recipes help cooks save time and creatively use new kitchen tools; Nutrition information with each recipe, plus diabetic exchanges; Contemporary food photography attracts browsers and helps cooks discover new recipes to make; Icons identify low-fat, no-fat, fast, and best-loved recipes; Every recipe tested and perfected by the Better Homes and Gardens Test Kitchen; Revised and updated cooking charts, ingredient photos, emergency substitutions, and equivalents; Respected, reliable kitchen reference with hundreds of cooking terms, tips, and techniques. ...more",https://books.toscrape.com/catalogue/better-homes-and-gardens-new-cook-book_423/index.html
6e06d0f00f6da20f,"Death Note, Vol. 6: Give-and-Take (Death Note #6)",Sequential Art,8,test,36.39,3,6,"Light Yagami is an ace student with great prospects - and he's bored out of his mind. But all that changes when he finds the Death Note, a notebook dropped by a rogue Shinigami death god. Any human whose name is written in the notebook dies, and now Light has vowed to use the power of the Death Note to rid the world of evil. But when criminals begin dropping dead, the auth Light Yagami is an ace student with great prospects - and he's bored out of his mind. But all that changes when he finds the Death Note, a notebook dropped by a rogue Shinigami death god. Any human whose name is written in the notebook dies, and now Light has vowed to use the power of the Death Note to rid the world of evil. But when criminals begin dropping dead, the authorities send the legendary detective L to track down the killer. With L hot on his heels, will Light lose sight of his noble goal...or his life?Give-and-TakeAlthough they've collected plenty of evidence tying the seven Yotsuba members to the newest Kira, Light, L and the rest of the taskforce are no closer to discovering which one actually possesses the Death Note. Desperate for some headway, L recruits Misa to infiltrate the group and feed them information calculated to bring Kira into the open. But the Shinigami Rem reveals to Misa who the Kiras really are, and, armed with this knowledge, Misa will do anything to help Light. But what will that mean for L...? ...more",https://books.toscrape.com/catalogue/death-note-vol-6-give-and-take-death-note-6_425/index.html
2e5b4ff08a75fd02,World Without End (The Pillars of the Earth #2),Historical Fiction,4,train,32.97,4,5,"Eighteen years after the publication of The Pillars of the Earth, Ken Follett has written the the long awaited sequel, World Without End. World Without End takes place in the same town of Kingsbridge, two centuries after the townspeople finished building the exquisite Gothic cathedral that was at the heart of The Pillars of the Earth. The cathedral and the priory are agai Eighteen years after the publication of The Pillars of the Earth, Ken Follett has written the the long awaited sequel, World Without End. World Without End takes place in the same town of Kingsbridge, two centuries after the townspeople finished building the exquisite Gothic cathedral that was at the heart of The Pillars of the Earth. The cathedral and the priory are again at the center of a web of love and hate, greed and pride, ambition and revenge, but this sequel stands on its own. This time, the men and women among an extraordinary cast of characters find themselves at a crossroad of new ideas -- about medicine, commerce, architecture, and justice. In a world where proponents of the old ways fiercely battle those with progressive minds, the intrigue and tension quickly reach a boiling point against the devastating backdrop of the greatest natural disaster ever to strike the human race: the Black Death. ...more",https://books.toscrape.com/catalogue/world-without-end-the-pillars-of-the-earth-2_420/index.html
60369d96b7b80869,Where She Went (If I Stay #2),Young Adult,9,train,41.73,4,5,"It's been three years since the devastating accident . . . three years since Mia walked out of Adam's life forever.Now living on opposite coasts, Mia is Juilliard's rising star and Adam is LA tabloid fodder, thanks to his new rock star status and celebrity girlfriend. When Adam gets stuck in New York by himself, chance brings the couple together again, for one last night. It's been three years since the devastating accident . . . three years since Mia walked out of Adam's life forever.Now living on opposite coasts, Mia is Juilliard's rising star and Adam is LA tabloid fodder, thanks to his new rock star status and celebrity girlfriend. When Adam gets stuck in New York by himself, chance brings the couple together again, for one last night. As they explore the city that has become Mia's home, Adam and Mia revisit the past and open their hearts to the future - and each other.Told from Adam's point of view in the spare, lyrical prose that defined If I Stay, Where She Went explores the devastation of grief, the promise of new hope, and the flame of rekindled romance. ...more",https://books.toscrape.com/catalogue/where-she-went-if-i-stay-2_417/index.html
e75f3ae1da1cc652,"Will Grayson, Will Grayson (Will Grayson, Will Grayson)",Young Adult,9,train,47.31,4,5,"Will Grayson meets Will Grayson. One cold night, in a most unlikely corner of Chicago, two strangers are about to cross paths. From that moment on, their world will collide and lives intertwine.It's not that far from Evanston to Naperville, but Chicago suburbanites Will Grayson and Will Grayson might as well live on different planets. When fate delivers them both to the sa Will Grayson meets Will Grayson. One cold night, in a most unlikely corner of Chicago, two strangers are about to cross paths. From that moment on, their world will collide and lives intertwine.It's not that far from Evanston to Naperville, but Chicago suburbanites Will Grayson and Will Grayson might as well live on different planets. When fate delivers them both to the same surprising crossroads, the Will Graysons find their lives overlapping and hurtling in new and unexpected directions. With a push from friends new and old - including the massive, and massively fabulous, Tiny Cooper, offensive lineman and musical theater auteur extraordinaire - Will and Will begin building toward respective romantic turns-of-heart and the epic production of history's most awesome high school musical. ...more",https://books.toscrape.com/catalogue/will-grayson-will-grayson-will-grayson-will-grayson_419/index.html
759ee7d059b1beb8,Why Save the Bankers?: And Other Essays on Our Economic and Political Crisis,Nonfiction,6,test,48.67,2,5,"Incisive commentary on the financial meltdown and its aftermath, from the author of the bestselling global phenomenonCapital in the Twenty-First Century Thomas Piketty's work has proved that unfettered markets lead to increasing inequality. Without meaningful regulation, capitalist economies will concentrate wealth in an ever smaller number of hands. Armed with this knowle Incisive commentary on the financial meltdown and its aftermath, from the author of the bestselling global phenomenon Capital in the Twenty-First Century Thomas Piketty's work has proved that unfettered markets lead to increasing inequality. Without meaningful regulation, capitalist economies will concentrate wealth in an ever smaller number of hands. Armed with this knowledge, democratic societies face a defining challenge: fending off a new aristocracy. For years, Piketty has wrestled with this problem in his monthly newspaper column, which pierces the surface of current events to reveal the economic forces underneath. Why Save the Bankers? brings together selected columns, now translated and annotated, from the period book-ended by the September 2008 collapse of Lehman Brothers and the Paris attacks of November 2015. In between, writing from the vantage point of his native France, Piketty brilliantly decodes the European sovereign debt crisis, an urgent struggle against the tyranny of markets that bears lessons for the world at large. And along the way, he weighs in on oligarchy in the United States, wonders whether debts actually need to be paid back, and discovers surprising lessons about inequality by examining the career of Steve Jobs. Coursing with insight and flashes of wit, these brief essays offer a view of recent history through the eyes of one of the most influential economic thinkers of our time. ...more",https://books.toscrape.com/catalogue/why-save-the-bankers-and-other-essays-on-our-economic-and-political-crisis_418/index.html
3a7d54a264d9f33e,Two Summers,Young Adult,9,train,14.64,1,5,"ONE SUMMER in the French countryside, among sun-kissed fields of lavender . . . ANOTHER SUMMER in upstate New York, along familiar roads that lead to surprises . . . When Summer Everett makes a split-second decision, her summer divides into two parallel worlds. In one, she travels to France, where she’s dreamed of going: a land of chocolate croissants, handsome boys, and a ONE SUMMER in the French countryside, among sun-kissed fields of lavender . . . ANOTHER SUMMER in upstate New York, along familiar roads that lead to surprises . . . When Summer Everett makes a split-second decision, her summer divides into two parallel worlds. In one, she travels to France, where she’s dreamed of going: a land of chocolate croissants, handsome boys, and art museums. In the other, she remains home, in her ordinary suburb, where she expects her ordinary life to continue — but nothing is as it seems.In both summers, she will fall in love and discover new sides of herself. What may break her, though, is a terrible family secret, one she can't hide from anywhere. In the end, it may just be the truth she needs the most.From New York Times bestselling author Aimee Friedman comes an irresistible, inventive novel that takes readers around the world and back again, and asks us what matters more: the journey or the destination. ...more",https://books.toscrape.com/catalogue/two-summers_415/index.html
e0b3a679b83caccc,The Raven Boys (The Raven Cycle #1),Fantasy,1,train,57.74,4,5,"Every year, Blue Sargent stands next to her clairvoyant mother as the soon-to-be dead walk past. Blue never sees them--until this year, when a boy emerges from the dark and speaks to her.His name is Gansey, a rich student at Aglionby, the local private school. Blue has a policy of staying away from Aglionby boys. Known as Raven Boys, they can only mean trouble.But Blue is Every year, Blue Sargent stands next to her clairvoyant mother as the soon-to-be dead walk past. Blue never sees them--until this year, when a boy emerges from the dark and speaks to her.His name is Gansey, a rich student at Aglionby, the local private school. Blue has a policy of staying away from Aglionby boys. Known as Raven Boys, they can only mean trouble.But Blue is drawn to Gansey, in a way she can't entirely explain. He is on a quest that has encompassed three other Raven Boys: Adam, the scholarship student who resents the privilege around him; Ronan, the fierce soul whose emotions range from anger to despair; and Noah, the taciturn watcher who notices many things but says very little.For as long as she can remember, Blue has been warned that she will cause her true love to die. She doesn't believe in true love, and never thought this would be a problem. But as her life becomes caught up in the strange and sinister world of the Raven Boys, she's not so sure anymore. ...more",https://books.toscrape.com/catalogue/the-raven-boys-the-raven-cycle-1_411/index.html
f701fae56b645ef7,The Power Greens Cookbook: 140 Delicious Superfood Recipes,Food and Drink,3,train,11.05,5,5,"The Power Greens Cookbook presents 140 delicious, healthy recipes for dark, leafy greens that will please your palate and inspire you to clean your plate.Kale and collards don’t have to be the only greens on your shopping list anymore. Rising stars include romaine and parsley, Brussels sprouts and beet greens, and more. But say the words “Eat your greens,” and even though The Power Greens Cookbook presents 140 delicious, healthy recipes for dark, leafy greens that will please your palate and inspire you to clean your plate. Kale and collards don’t have to be the only greens on your shopping list anymore. Rising stars include romaine and parsley, Brussels sprouts and beet greens, and more. But say the words “Eat your greens,” and even though we know they’re good for us, many people are afraid that they won’t taste good. Fear no more! The Power Greens Cookbook provides go-to recipes that are both nutritious and delicious.   Acclaimed cookbook author and blogger Dana Jacobi expands your culinary repertoire and introduces the fifteen Power Greens—from arugula to watercress—that are loaded with health-supporting nutrients and phytochemicals that enhance vitality, all the while protecting against diabetes, heart disease, and high blood pressure, fortifying eyes and muscles, even making your skin glow. Jacobi also shares simple cooking techniques that help you prepare these super veggies quickly. Including main dishes and hearty salads, dips, spreads, snacks, and even drinks, The Power Greens Cookbook offers myriad mouthwatering vegetable-centric recipes.  • Soups: Cabbage and Brussels Sprouts Soup, Spinach Gazpacho with Walnuts, Hoppin’ John Stew with Mustard Greens• Salads: Caesar Salad with Parmesan Chickpeas, Tuscan Kale Salad with Pomegranate Seeds and Walnuts, Beets and Beet Greens with Citrus Dressing• Main Dishes: Red Beans and Smoky Greens, Kale-Smothered Pork Chops with Carrot and Apple, Tortelloni with Broccoli Rabe Florets• Small Meals and Snacks: Avocado and Watercress Tartine, Grilled Cheese and Tomato Sandwich with Kimchi, Poached Eggs in a Nest of Bacon-Wilted Kale• Side Dishes and Condiments: Carrots with Wild Arugula Pesto, French Lettuce Stir-Fry, Tahini Creamed Spinach, Kale Za’atar  Shown in dozens of tantalizing photographs, these dishes are sure to become mainstays in your kitchen for weeknight family meals, casual entertaining, and elegant dinner parties. From the cruciferous and crunchy to the leafy and light, The Power Greens Cookbook is just what the doctor—and your taste buds—ordered. ...more",https://books.toscrape.com/catalogue/the-power-greens-cookbook-140-delicious-superfood-recipes_410/index.html
dfd9ff1f343cdaff,The Little Paris Bookshop,Fiction,2,train,24.73,3,5,"“There are books that are suitable for a million people, others for only a hundred. There are even remedies—I mean books—that were written for one person only…A book is both medic and medicine at once. It makes a diagnosis as well as offering therapy. Putting the right novels to the appropriate ailments: that’s how I sell books.”Monsieur Perdu calls himself a literary apot “There are books that are suitable for a million people, others for only a hundred. There are even remedies—I mean books—that were written for one person only…A book is both medic and medicine at once. It makes a diagnosis as well as offering therapy. Putting the right novels to the appropriate ailments: that’s how I sell books.”Monsieur Perdu calls himself a literary apothecary. From his floating bookstore in a barge on the Seine, he prescribes novels for the hardships of life. Using his intuitive feel for the exact book a reader needs, Perdu mends broken hearts and souls. The only person he can't seem to heal through literature is himself; he's still haunted by heartbreak after his great love disappeared. She left him with only a letter, which he has never opened.After Perdu is finally tempted to read the letter, he hauls anchor and departs on a mission to the south of France, hoping to make peace with his loss and discover the end of the story. Joined by a bestselling but blocked author and a lovelorn Italian chef, Perdu travels along the country’s rivers, dispensing his wisdom and his books, showing that the literary world can take the human soul on a journey to heal itself.Internationally bestselling and filled with warmth and adventure, The Little Paris Bookshop is a love letter to books, meant for anyone who believes in the power of stories to shape people's lives. ...more",https://books.toscrape.com/catalogue/the-little-paris-bookshop_407/index.html
ad84f18659e6bfe2,The Firm,Fiction,2,train,45.56,3,5,"When Mitch McDeere signed on with Bendini, Lambert & Locke of Memphis, he thought that he and his beautiful wife, Abby, were on their way. The firm leased him a BMW, paid off his school loans, arranged a mortgage, and hired the McDeeres a decorator. Mitch should have remembered what his brother Ray–doing fifteen years in a Tennessee jail–already knew: You never get not When Mitch McDeere signed on with Bendini, Lambert & Locke of Memphis, he thought that he and his beautiful wife, Abby, were on their way. The firm leased him a BMW, paid off his school loans, arranged a mortgage, and hired the McDeeres a decorator. Mitch should have remembered what his brother Ray–doing fifteen years in a Tennessee jail–already knew: You never get nothing for nothing. Now the FBI has the lowdown on Mitch’s firm and needs his help. Mitch is caught between a rock and a hard place, with no choice–if he wants to live. ...more",https://books.toscrape.com/catalogue/the-firm_404/index.html
a2a9f76339d21ab1,The False Prince (The Ascendance Trilogy #1),Fantasy,1,train,56.0,5,5,"The False Prince is the thrilling first book in a brand-new trilogy filled with danger and deceit and hidden identities that will have readers rushing breathlessly to the end.In a discontent kingdom, civil war is brewing. To unify the divided people, Conner, a nobleman of the court, devises a cunning plan to find an impersonator of the king’s long-lost son and install him The False Prince is the thrilling first book in a brand-new trilogy filled with danger and deceit and hidden identities that will have readers rushing breathlessly to the end.In a discontent kingdom, civil war is brewing. To unify the divided people, Conner, a nobleman of the court, devises a cunning plan to find an impersonator of the king’s long-lost son and install him as a puppet prince. Four orphans are recruited to compete for the role, including a defiant boy named Sage. Sage knows that Conner’s motives are more than questionable, yet his life balances on a sword’s point—he must be chosen to play the prince or he will certainly be killed. But Sage’s rivals have their own agendas as well.As Sage moves from a rundown orphanage to Conner’s sumptuous palace, layer upon layer of treachery and deceit unfold, until finally, a truth is revealed that, in the end, may very well prove more dangerous than all of the lies taken together.An extraordinary adventure filled with danger and action, lies and deadly truths that will have readers clinging to the edge of their seats. ...more",https://books.toscrape.com/catalogue/the-false-prince-the-ascendance-trilogy-1_402/index.html
fe7210553d56c097,The Expatriates,Fiction,2,train,44.58,2,5,"“A female, funny Henry James in Asia, Janice Y. K. Lee is vividly good on the subject of Americans abroad.” —The New York Times Book Review“Sex and the City meets Lost in Translation.” —The SkimmJanice Y. K. Lee’s New York Times bestselling debut, The Piano Teacher, was called “immensely satisfying” by People, “intensely readable” by O, The Oprah Magazine, and “a rare and “A female, funny Henry James in Asia, Janice Y. K. Lee is vividly good on the subject of Americans abroad.” —The New York Times Book Review“Sex and the City meets Lost in Translation.” —The SkimmJanice Y. K. Lee’s New York Times bestselling debut, The Piano Teacher, was called “immensely satisfying” by People, “intensely readable” by O, The Oprah Magazine, and “a rare and exquisite story” by Elizabeth Gilbert. Now, in her long-awaited new novel, Lee explores with devastating poignancy the emotions, identities, and relationships of three very different American women living in the same small expat community in Hong Kong.Mercy, a young Korean American and recent Columbia graduate, is adrift, undone by a terrible incident in her recent past. Hilary, a wealthy housewife, is haunted by her struggle to have a child, something she believes could save her foundering marriage. Meanwhile, Margaret, once a happily married mother of three, questions her maternal identity in the wake of a shattering loss. As each woman struggles with her own demons, their lives collide in ways that have irreversible consequences for them all. Atmospheric, moving, and utterly compelling, The Expatriates confirms Lee as an exceptional talent and one of our keenest observers of women’s inner lives. ...more",https://books.toscrape.com/catalogue/the-expatriates_401/index.html
c4182bdb53e2459a,The Darkest Corners,Young Adult,9,train,11.33,5,5,"The Darkest Corners is a psychological thriller about the lies little girls tell, and the deadly truths those lies become.There are ghosts around every corner in Fayette, Pennsylvania. Tessa left when she was nine and has been trying ever since not to think about it after what happened there that last summer. Memories of things so dark will burn themselves into your mind i The Darkest Corners is a psychological thriller about the lies little girls tell, and the deadly truths those lies become.There are ghosts around every corner in Fayette, Pennsylvania. Tessa left when she was nine and has been trying ever since not to think about it after what happened there that last summer. Memories of things so dark will burn themselves into your mind if you let them.Callie never left. She moved to another house, so she doesn’t have to walk those same halls, but then Callie always was the stronger one. She can handle staring into the faces of her demons—and if she parties hard enough, maybe one day they’ll disappear for good.Tessa and Callie have never talked about what they saw that night. After the trial, Callie drifted and Tessa moved, and childhood friends just have a way of losing touch.But ever since she left, Tessa has had questions. Things have never quite added up. And now she has to go back to Fayette—to Wyatt Stokes, sitting on death row; to Lori Cawley, Callie’s dead cousin; and to the one other person who may be hiding the truth.Only the closer Tessa gets to the truth, the closer she gets to a killer—and this time, it won’t be so easy to run away. ...more",https://books.toscrape.com/catalogue/the-darkest-corners_399/index.html
84126312e2431a09,Tell the Wind and Fire,Fantasy,1,train,45.51,3,5,"In a city divided between opulent luxury in the Light and fierce privations in the Dark, a determined young woman survives by guarding her secrets. Lucie Manette was born in the Dark half of the city, but careful manipulations won her a home in the Light, celebrity status, and a rich, loving boyfriend. Now she just wants to keep her head down, but her boyfriend has a dark In a city divided between opulent luxury in the Light and fierce privations in the Dark, a determined young woman survives by guarding her secrets. Lucie Manette was born in the Dark half of the city, but careful manipulations won her a home in the Light, celebrity status, and a rich, loving boyfriend. Now she just wants to keep her head down, but her boyfriend has a dark secret of his own—one involving an apparent stranger who is destitute and despised.Lucie alone knows of the deadly connection the young men share, and even as the knowledge leads her to make a grave mistake, she can trust no one with the truth.Blood and secrets alike spill out when revolution erupts. With both halves of the city burning, and mercy nowhere to be found, can Lucie save either boy—or herself?Celebrated author Sarah Rees Brennan tells a magical tale of romance and revolution, love and loss. ...more",https://books.toscrape.com/catalogue/tell-the-wind-and-fire_396/index.html
50d5a7b861ed1c54,Tell Me Three Things,Young Adult,9,train,41.81,1,5,"Everything about Jessie is wrong. At least, that’s what it feels like during her first weekof junior year at her new ultra-intimidating prep school in Los Angeles. Just when she’s thinking about hightailing it back to Chicago, she gets an email from a person calling themselves Somebody/Nobody (SN for short),offering to help her navigate the wilds of Wood Valley High School Everything about Jessie is wrong. At least, that’s what it feels like during her first week of junior year at her new ultra-intimidating prep school in Los Angeles. Just when she’s thinking about hightailing it back to Chicago, she gets an email from a person calling themselves Somebody/Nobody (SN for short), offering to help her navigate the wilds of Wood Valley High School. Is it an elaborate hoax? Or can she rely on SN for some much-needed help?It’s been barely two years since her mother’s death, and because her father eloped with a woman he met online, Jessie has been forced to move across the country to live with her stepmonster and her pretentious teenage son.In a leap of faith—or an act of complete desperation—Jessie begins to rely on SN, and SN quickly becomes her lifeline and closest ally. Jessie can’t help wanting to meet SN in person. But are some mysteries better left unsolved?Julie Buxbaum mixes comedy and tragedy, love and loss, pain and elation, in her debut YA novel filled with characters who will come to feel like friends. ...more",https://books.toscrape.com/catalogue/tell-me-three-things_395/index.html
1dba84766a5e87b8,Talking to Girls About Duran Duran: One Young Man's Quest for True Love and a Cooler Haircut,Nonfiction,6,test,25.15,4,5,"The author of the national bestseller Love is a Mix Tape returns, with a different-but equally personal and equally universal- spin on music as memory. ""No rock critic-living or dead, American or otherwise-has ever written about pop music with the evocative, hyperpoetic perfectitude of Rob Sheffield."" So said Chuck Klosterman about Love is a Mix Tape, Sheffield's paean to The author of the national bestseller Love is a Mix Tape returns, with a different-but equally personal and equally universal- spin on music as memory. ""No rock critic-living or dead, American or otherwise-has ever written about pop music with the evocative, hyperpoetic perfectitude of Rob Sheffield."" So said Chuck Klosterman about Love is a Mix Tape, Sheffield's paean to a lost love via its soundtrack. Now, in Talking to Girls About Duran Duran, Sheffield shares the soundtrack to his eighties adolescence. When he turned 13 in 1980, Rob Sheffield had a lot to learn about women, love, music and himself, and in Talking to Girls About Duran Duran we get a glimpse into his transformation from pasty, geeky ""hermit boy"" into a young man with his first girlfriend, his first apartment, and a sense of the world. These were the years of MTV and John Hughes movies; the era of big dreams and bigger shoulder pads; and, like any all-American boy, this one was searching for true love and maybe a cooler haircut. It's all here: Inept flirtations. Dumb crushes. Deplorable fashion choices. Members Only jackets. Girls, every last one of whom seems to be madly in love with the bassist of Duran Duran. Sheffield's coming-of-age story is one that we all know, with a playlist that any child of the eighties or anyone who just loves music will sing along with. These songs-and Sheffield's writing-will remind readers of that first kiss, that first car, and the moments that shaped their lives. ...more",https://books.toscrape.com/catalogue/talking-to-girls-about-duran-duran-one-young-mans-quest-for-true-love-and-a-cooler-haircut_394/index.html
84bb29c53592ac40,Siddhartha,Fiction,2,test,34.22,5,5,"In the novel, Siddhartha, a young man, leaves his family for a contemplative life, then, restless, discards it for one of the flesh. He conceives a son, but bored and sickened by lust and greed, moves on again. Near despair, Siddhartha comes to a river where he hears a unique sound. This sound signals the true beginning of his life—the beginning of suffering, rejection, pe In the novel, Siddhartha, a young man, leaves his family for a contemplative life, then, restless, discards it for one of the flesh. He conceives a son, but bored and sickened by lust and greed, moves on again. Near despair, Siddhartha comes to a river where he hears a unique sound. This sound signals the true beginning of his life—the beginning of suffering, rejection, peace, and, finally, wisdom. ...more",https://books.toscrape.com/catalogue/siddhartha_393/index.html
a4ce39a3720cd679,My Mother Was Nuts,Nonfiction,6,train,31.63,4,5,"Most people know Penny Marshall as the director of Big and A League of Their Own. What they don’t know is her trailblazing career was a happy accident. In this funny and intimate memoir, Penny takes us from the stage of The Jackie Gleason Show in 1955 to Hollywood’s star-studded sets, offering up some hilarious detours along the way.My Mother Was Nuts is an intimate backst Most people know Penny Marshall as the director of Big and A League of Their Own. What they don’t know is her trailblazing career was a happy accident. In this funny and intimate memoir, Penny takes us from the stage of The Jackie Gleason Show in 1955 to Hollywood’s star-studded sets, offering up some hilarious detours along the way.My Mother Was Nuts is an intimate backstage pass to Penny’s personal life, her breakout role on The Odd Couple, her exploits with Cindy Williams and John Belushi, and her travels across Europe with Art Garfunkel on the back of a motorcycle. We see Penny get married. And divorced. And married again (the second time to Rob Reiner). We meet a young Carrie Fisher, whose close friendship with Penny has spanned decades. And we see Penny at work with Tom Hanks, Mark Wahlberg, Whoopi Goldberg, Robert De Niro, and Whitney Houston.Throughout it all, from her childhood spent tap dancing in the Bronx, to her rise as the star of Laverne & Shirley, Penny lived by simple rules: “try hard, help your friends, don’t get too crazy, and have fun.” With humor and heart, My Mother Was Nuts reveals there’s no one else quite like Penny Marshall. ...more",https://books.toscrape.com/catalogue/my-mother-was-nuts_388/index.html
12a90b90283b2e6d,Mexican Today: New and Rediscovered Recipes for Contemporary Kitchens,Food and Drink,3,test,24.91,5,5,"Intriguing recipes for everyday meals from the host of the PBS series Pati’s Mexican Table On her PBS TV series, now in its fifth season, as well as in frequent appearances on shows like The Chew, Pati Jinich, a busy mother of three, has shown a flair for making Mexican cooking irresistibly accessible. In Mexican Today, she shares easy, generous dishes, both traditional on Intriguing recipes for everyday meals from the host of the PBS series Pati’s Mexican Table On her PBS TV series, now in its fifth season, as well as in frequent appearances on shows like The Chew, Pati Jinich, a busy mother of three, has shown a flair for making Mexican cooking irresistibly accessible. In Mexican Today, she shares easy, generous dishes, both traditional ones and her own new spins. Some are regional recipes she has recovered from the past and updated, like Miners’ Enchiladas with fresh vegetables and cheese or Drunken Rice with Chicken and Chorizo, a specialty of the Yucatán. “Sweaty” Tacos with ripe tomatoes and cheese are so convenient they’re sold on Mexican streets by bicyclists. Her grandmother’s Cornflake Cookies feel just as contemporary now as they did then.  Pati has “Mexed up” other recipes in such family favorites as Mexican Pizza with Grilled Skirt Steak and Onions. Still other dishes show the evolution of Mexican food north and south of the border, including Mexican Dreamboat Hotdogs and Cal-Mex Fish Tacos with Creamy Slaw. This food will draw everyone together—a family at the end of a working day, a book club, or a neighborhood potluck.  Throughout, Pati is an infectious cheerleader, sharing stores of the food, people, and places behind the recipes. ...more",https://books.toscrape.com/catalogue/mexican-today-new-and-rediscovered-recipes-for-contemporary-kitchens_387/index.html
81c68492ccd72941,Maybe Something Beautiful: How Art Transformed a Neighborhood,Childrens,0,train,22.54,1,5,"What good can a splash of color do in a community of gray? As Mira and her neighbors discover, more than you might ever imagine! Based on the true story of the Urban Art Trail in San Diego, California, Maybe Something Beautiful reveals how art can inspire transformation—and how even the smallest artists can accomplish something big. Pick up a paintbrush and join the celebr What good can a splash of color do in a community of gray? As Mira and her neighbors discover, more than you might ever imagine! Based on the true story of the Urban Art Trail in San Diego, California, Maybe Something Beautiful reveals how art can inspire transformation—and how even the smallest artists can accomplish something big. Pick up a paintbrush and join the celebration!   ...more",https://books.toscrape.com/catalogue/maybe-something-beautiful-how-art-transformed-a-neighborhood_386/index.html
5e1a88d248599768,Lola and the Boy Next Door (Anna and the French Kiss #2),Young Adult,9,train,23.63,4,5,"Lola Nolan is a budding costume designer, and for her, the more outrageous, sparkly, and fun the outfit, the better. And everything is pretty perfect in her life (right down to her hot rocker boyfriend) until the Bell twins, Calliope and Cricket, return to the neighborhood. When Cricket, a gifted inventor, steps out from his twin sister's shadow and back into Lola's life, Lola Nolan is a budding costume designer, and for her, the more outrageous, sparkly, and fun the outfit, the better. And everything is pretty perfect in her life (right down to her hot rocker boyfriend) until the Bell twins, Calliope and Cricket, return to the neighborhood. When Cricket, a gifted inventor, steps out from his twin sister's shadow and back into Lola's life, she must finally reconcile a lifetime of feelings for the boy next door. ...more",https://books.toscrape.com/catalogue/lola-and-the-boy-next-door-anna-and-the-french-kiss-2_385/index.html
07e6810fd3236bda,Last One Home (New Beginnings #1),Fiction,2,train,59.98,3,5,"Growing up, Cassie Carter and her sisters, Karen and Nichole, were incredibly close -- until one fateful event drove them apart. After high school, Cassie ran away from home to marry the wrong man, throwing away a college scholarship and breaking her parents’ hearts. To make matters worse, Cassie had always been their father’s favorite -- a sentiment that weighed heavily o Growing up, Cassie Carter and her sisters, Karen and Nichole, were incredibly close -- until one fateful event drove them apart. After high school, Cassie ran away from home to marry the wrong man, throwing away a college scholarship and breaking her parents’ hearts. To make matters worse, Cassie had always been their father’s favorite -- a sentiment that weighed heavily on her sisters and made Cassie’s actions even harder to bear.Now thirty-one, Cassie is back in Washington, living in Seattle with her daughter and hoping to leave her past behind. After ending a difficult marriage, Cassie is back on her own two feet, the pieces of her life slowly but surely coming together. Despite the strides Cassie’s made, she hasn’t been able to make peace with her sisters. Karen, the oldest, is a busy wife and mother, balancing her career with raising her two children. And Nichole, the youngest, is a stay-at-home mom whose husband indulges her every whim. Then one day, Cassie receives a letter from Karen, offering what Cassie thinks may be a chance to reconcile. And as Cassie opens herself up to new possibilities -- making amends with her sisters, finding love once more -- she realizes the power of compassion, and the promise of a fresh start. ...more",https://books.toscrape.com/catalogue/last-one-home-new-beginnings-1_383/index.html
44f545727e704187,Kill the Boy Band,Young Adult,9,train,15.52,5,5,"Just know from the start that it wasn’t supposed to go like this. All we wanted was to get near them. That’s why we got a room in the hotel where they were staying.We were not planning to kidnap one of them. Especially not the most useless one. But we had him—his room key, his cell phone, and his secrets.We were not planning on what happened next.We swear.From thrilling ne Just know from the start that it wasn’t supposed to go like this. All we wanted was to get near them. That’s why we got a room in the hotel where they were staying.We were not planning to kidnap one of them. Especially not the most useless one. But we had him—his room key, his cell phone, and his secrets.We were not planning on what happened next.We swear.From thrilling new talent Goldy Moldavsky comes a pitch-black, hiarlious take on fandom and the badass girls who have the power to make—or break—the people we call “celebrities.” ...more",https://books.toscrape.com/catalogue/kill-the-boy-band_381/index.html
45045146dbf7b009,Isla and the Happily Ever After (Anna and the French Kiss #3),Young Adult,9,test,48.13,5,5,"Love ignites in the City That Never Sleeps, but can it last? Hopeless romantic Isla has had a crush on introspective cartoonist Josh since their first year at the School of America in Paris. And after a chance encounter in Manhattan over the summer, romance might be closer than Isla imagined. But as they begin their senior year back in France, Isla and Josh are forced to c Love ignites in the City That Never Sleeps, but can it last? Hopeless romantic Isla has had a crush on introspective cartoonist Josh since their first year at the School of America in Paris. And after a chance encounter in Manhattan over the summer, romance might be closer than Isla imagined. But as they begin their senior year back in France, Isla and Josh are forced to confront the challenges every young couple must face, including family drama, uncertainty about their college futures, and the very real possibility of being apart. Featuring cameos from fan-favorites Anna, Étienne, Lola, and Cricket, this sweet and sexy story of true love—set against the stunning backdrops of New York City, Paris, and Barcelona—is a swoonworthy conclusion to Stephanie Perkins’s beloved series. ...more",https://books.toscrape.com/catalogue/isla-and-the-happily-ever-after-anna-and-the-french-kiss-3_380/index.html
3fd83dcf37bf1bc0,"Fruits Basket, Vol. 5 (Fruits Basket #5)",Sequential Art,8,train,16.33,1,5,"For a springtime treat, Shigure arranges for Tohru and the gang to spend Golden Week at the Sohmas' vacation home. On a rainy day, as the holiday draws to a close, who should make a surprise visit but Hatsuharu! But what's that he's hiding in the bundle under his arm?",https://books.toscrape.com/catalogue/fruits-basket-vol-5-fruits-basket-5_376/index.html
94bb629a3f6dd00b,Digital Fortress,Fiction,2,test,58.0,5,5,"Before the multi-million, runaway bestseller The Da Vinci Code, Dan Brown set his razor-sharp research and storytelling skills on the most powerful intelligence organization on earth--the National Security Agency (NSA), an ultra-secret, multibillion-dollar agency many times more powerful than the CIA.When the NSA's invincible code-breaking machine encounters a mysterious c Before the multi-million, runaway bestseller The Da Vinci Code, Dan Brown set his razor-sharp research and storytelling skills on the most powerful intelligence organization on earth--the National Security Agency (NSA), an ultra-secret, multibillion-dollar agency many times more powerful than the CIA.When the NSA's invincible code-breaking machine encounters a mysterious code it cannot break, the agency calls its head cryptographer, Susan Fletcher, a brilliant and beautiful mathematician. What she uncovers sends shock waves through the corridors of power. The NSA is being held hostage...not by guns or bombs, but by a code so ingeniously complex that if released it would cripple U.S. intelligence.Caught in an accelerating tempest of secrecy and lies, Susan Fletcher battles to save the agency she believes in. Betrayed on all sides, she finds herself fighting not only for her country but for her life, and in the end, for the life of the man she loves.From the underground hallways of power to the skyscrapers of Tokyo to the towering cathedrals of Spain, a desperate race unfolds. It is a battle for survival--a crucial bid to destroy a creation of inconceivable genius...an impregnable code-writing formula that threatens to obliterate the post-cold war balance of power. Forever. ...more",https://books.toscrape.com/catalogue/digital-fortress_369/index.html
1c0a38899c82b60a,"Death Note, Vol. 5: Whiteout (Death Note #5)",Sequential Art,8,train,52.41,1,5,"Light Yagami is an ace student with great prospects - and he's bored out of his mind. But all that changes when he finds the Death Note, a notebook dropped by a rogue Shinigami death god. Any human whose name is written in the notebook dies, and now Light has vowed to use the power of the Death Note to rid the world of evil. But when criminals begin dropping dead, the auth Light Yagami is an ace student with great prospects - and he's bored out of his mind. But all that changes when he finds the Death Note, a notebook dropped by a rogue Shinigami death god. Any human whose name is written in the notebook dies, and now Light has vowed to use the power of the Death Note to rid the world of evil. But when criminals begin dropping dead, the authorities send the legendary detective L to track down the killer. With L hot on his heels, will Light lose sight of his noble goal...or his life?WhiteoutAfter a week locked up with no one but Ryuk for company, Light is ready to give up his Death Note and all memories of it. Freed from his past actions, Light is convinced he's innocent. But L is ready to keep Light under lock and key forever, especially since the killings stopped once Light was incarcerated. Then a new wave of Kira crimes hits Japan. Someone else has gotten their hands on a Death Note, and these new deaths aren't focused on making the world a better place, they're focused on making money. Big business can be murder, and Kira has gone corporate. ...more",https://books.toscrape.com/catalogue/death-note-vol-5-whiteout-death-note-5_368/index.html
bcf567421c581f0a,"Data, A Love Story: How I Gamed Online Dating to Meet My Match",Nonfiction,6,train,32.35,3,5,"Forty million people date online each year. Most don’t find true love. Thanks to Data, a Love Story, their odds just got a whole lot better. Data, A Love Story: How I Gamed Online Dating to Meet My Match is a lively, thought-provoking memoir about how one woman “gamed” the world of online dating—and met her eventual husband.",https://books.toscrape.com/catalogue/data-a-love-story-how-i-gamed-online-dating-to-meet-my-match_367/index.html
f36d24c309e87e5b,An Abundance of Katherines,Young Adult,9,train,10.0,5,5,"Katherine V thought boys were gross Katherine X just wanted to be friends Katherine XVIII dumped him in an e-mail K-19 broke his heart When it comes to relationships, Colin Singleton's type happens to be girls named Katherine. And when it comes to girls named Katherine, Colin is always getting dumped. Nineteen times, to be exact. On a road trip miles from home, this anagr Katherine V thought boys were gross Katherine X just wanted to be friends Katherine XVIII dumped him in an e-mail K-19 broke his heart When it comes to relationships, Colin Singleton's type happens to be girls named Katherine. And when it comes to girls named Katherine, Colin is always getting dumped. Nineteen times, to be exact. On a road trip miles from home, this anagram-happy, washed-up child prodigy has ten thousand dollars in his pocket, a bloodthirsty feral hog on his trail, and an overweight, Judge Judy-loving best friend riding shotgun--but no Katherines. Colin is on a mission to prove The Theorem of Underlying Katherine Predictability, which he hopes will predict the future of any relationship, avenge Dumpees everywhere, and finally win him the girl. Love, friendship, and a dead Austro-Hungarian archduke add up to surprising and heart-changing conclusions in this ingeniously layered comic novel about reinventing oneself. ...more",https://books.toscrape.com/catalogue/an-abundance-of-katherines_362/index.html
cf3b86489890b9f2,A Girl's Guide to Moving On (New Beginnings #2),Romance,7,test,31.3,1,5,"NEW YORK TIMES BESTSELLER • In this powerful and uplifting novel, a mother and her daughter-in-law bravely leave their troubled marriages and face the challenge of starting over. Leaning on each other, Nichole and Leanne discover that their inner strength and capacity for love are greater than they ever imagined. When Nichole discovers that her husband, Jake, has been unfa NEW YORK TIMES BESTSELLER • In this powerful and uplifting novel, a mother and her daughter-in-law bravely leave their troubled marriages and face the challenge of starting over. Leaning on each other, Nichole and Leanne discover that their inner strength and capacity for love are greater than they ever imagined. When Nichole discovers that her husband, Jake, has been unfaithful, the illusion of her perfect life is indelibly shattered. While juggling her young son, a new job, and volunteer work, Nichole meets Rocco, who is the opposite of Jake in nearly every way. Though blunt-spoken and rough around the edges, Rocco proves to be a dedicated father and thoughtful friend. But just as their relationship begins to blossom, Jake wagers everything on winning Nichole back—including their son Owen’s happiness. Somehow, Nichole must find the courage to defy her fears and follow her heart, with far-reaching consequences for them all. Leanne has quietly ignored her husband’s cheating for decades, but is jolted into action by the echo of Nichole’s all-too-familiar crisis. While volunteering as a teacher of English as a second language, Leanne meets Nikolai, a charming, talented baker from Ukraine. Resolved to avoid the heartache and complications of romantic entanglements, Leanne nonetheless finds it difficult to resist Nikolai’s effusive overtures—until an unexpected tragedy tests the very fabric of her commitments. An inspiring novel of friendship, reinvention, and hope, A Girl’s Guide to Moving On affirms the ability of every woman to forge a new path, believe in love, and fearlessly find happiness.Praise for A Girl’s Guide to Moving On “Debbie Macomber’s finest novel. Betrayal and sorrow can happen in any stage of life and, in this wonderful story, her very nimble hands weave a spectacular kaleidoscope of courage, struggles, and finally joyous redemption and reinvention. Macomber totally understands the human heart. I absolutely loved it!”—Dorothea Benton Frank, New York Times bestselling author of All the Single Ladies “Whispers a message of love, hope, and, yes, reinvention to every woman who has ever wondered ‘Is that all there is?’ I predict every diehard Macomber fan—as well as legions of readers new to the Macomber magic—will be cheering for Leanne and Nichole, and clamoring for more, more, more.”—Mary Kay Andrews, New York Times bestselling author of Beach Town, Ladies’ Night, and Summer Rental “Macomber is a master at pulling heartstrings, and readers will delight in this heartwarming story of friendship, love, and second chances. Leanne, Nichole, Rocco, and Nikolai will renew your faith in love and hope. The perfect read curled up in front of the fire or on a beach, it’s as satisfying as a slice of freshly baked bread—wholesome, pleasantly filling, and delicious.”—Karen White, New York Times bestselling author of Flight Patterns “Beloved author Debbie Macomber reaches new heights in this wise and beautiful novel. It’s the kind of reading experience that comes along only rarely, bearing the hallmarks of a classic. The timeless wisdom in these pages will stay with you long after the book is closed.”—Susan Wiggs, #1 New York Times bestselling author of Starlight on Willow Lake “Debbie dazzles! A wonderful story of friendship, forgiveness and the power of love. I devoured every page!”—Susan Mallery, #1 New York Times bestselling author of The Friends We Keep ...more",https://books.toscrape.com/catalogue/a-girls-guide-to-moving-on-new-beginnings-2_359/index.html
f2c8f4b4c94d5c5c,A Feast for Crows (A Song of Ice and Fire #4),Fantasy,1,train,17.21,4,5,"With A Feast for Crows, Martin delivers the long-awaited fourth volume of the landmark series that has redefined imaginative fiction and stands as a modern masterpiece in the making.After centuries of bitter strife, the seven powers dividing the land have beaten one another into an uneasy truce. But it's not long before the survivors, outlaws, renegades, and carrion eaters With A Feast for Crows, Martin delivers the long-awaited fourth volume of the landmark series that has redefined imaginative fiction and stands as a modern masterpiece in the making.After centuries of bitter strife, the seven powers dividing the land have beaten one another into an uneasy truce. But it's not long before the survivors, outlaws, renegades, and carrion eaters of the Seven Kingdoms gather. Now, as the human crows assemble over a banquet of ashes, daring new plots and dangerous new alliances are formed while surprising faces—some familiar, others only just appearing—emerge from an ominous twilight of past struggles and chaos to take up the challenges of the terrible times ahead. Nobles and commoners, soldiers and sorcerers, assassins and sages, are coming together to stake their fortunes...and their lives. For at a feast for crows, many are the guests—but only a few are the survivors. ...more",https://books.toscrape.com/catalogue/a-feast-for-crows-a-song-of-ice-and-fire-4_357/index.html
9cc207168a03470d,The Perfect Play (Play by Play #1),Romance,7,train,59.99,3,4,"Football pro Mick Riley is an all-star, both on the field and in the bedroom. But a sexy, determinedly single mom just might be the one to throw him off his game...For years Mick has been taking full advantage of the life available to a pro athlete: fame, fortune, and a different girl in every city. But when he meets and beds confident, beautiful event planner Tara Lincoln Football pro Mick Riley is an all-star, both on the field and in the bedroom. But a sexy, determinedly single mom just might be the one to throw him off his game...For years Mick has been taking full advantage of the life available to a pro athlete: fame, fortune, and a different girl in every city. But when he meets and beds confident, beautiful event planner Tara Lincoln, he wants much more than the typical one-night stand. Too bad Tara's not interested in getting to know football's most notorious playboy any better.As the single mother of a teenage son, the last thing Tara needs is the jet-set lifestyle of Mick Riley; even though their steamy and passionate one-night stand was unforgettable. Tara's life is complicated enough without being thrust into the spotlight as Mick's latest girl du jour. Tara played the game of love once and lost big, and she doesn't intend to put herself out there again, especially with a heartbreaker like Mick.But when Mick sets his mind to win, nothing will stop him. And he has the perfect play in mind. ...more",https://books.toscrape.com/catalogue/the-perfect-play-play-by-play-1_352/index.html
011674f4a3834b8d,The Passion of Dolssa,Historical Fiction,4,train,28.32,5,4,"Dolssa is a young gentlewoman with uncanny gifts, on the run from an obsessed friar determined to burn her as a heretic for the passion she refuses to tame.Botille is a wily and charismatic peasant, a matchmaker running a tavern with her two sisters in a tiny seaside town.The year is 1241; the place, Provensa, what we now call Provence, France—a land still reeling from the Dolssa is a young gentlewoman with uncanny gifts, on the run from an obsessed friar determined to burn her as a heretic for the passion she refuses to tame.Botille is a wily and charismatic peasant, a matchmaker running a tavern with her two sisters in a tiny seaside town.The year is 1241; the place, Provensa, what we now call Provence, France—a land still reeling from the bloody crusades waged there by the Catholic Church and its northern French armies.When the matchmaker finds the mystic near death by a riverside, Botille takes Dolssa in and discovers the girl’s extraordinary healing power. But as the vengeful Friar Lucien hunts down his heretic, the two girls find themselves putting an entire village at the mercy of murderers. ...more",https://books.toscrape.com/catalogue/the-passion-of-dolssa_351/index.html
6a57286a8890d8c5,The Jazz of Physics: The Secret Link Between Music and the Structure of the Universe,Nonfiction,6,test,38.71,3,4,"More than fifty years ago, John Coltrane drew the twelve musical notes in a circle and connected them by straight lines, forming a five-pointed star. Inspired by Einstein, Coltrane had put physics and geometry at the core of his music. Physicist and jazz musician Stephon Alexander returns the favor, using jazz to answer physics’ most vexing questions about the past and fut More than fifty years ago, John Coltrane drew the twelve musical notes in a circle and connected them by straight lines, forming a five-pointed star. Inspired by Einstein, Coltrane had put physics and geometry at the core of his music. Physicist and jazz musician Stephon Alexander returns the favor, using jazz to answer physics’ most vexing questions about the past and future of the universe.Following the great minds that first drew the links between music and physics—a list including Pythagoras, Kepler, Newton, Einstein, and Rakim—The Jazz of Physics revisits the ancient realm where music, physics, and the cosmos were one. This cosmological journey accompanies Alexander’s own tale of struggling to reconcile his passion for music and physics, from taking music lessons as a boy in the Bronx to studying theoretical physics at Imperial College, London’s inner sanctum of string theory. Playing the saxophone and improvising with equations, Alexander uncovered the connection between the fundamental waves that make up sound and the fundamental waves that make up everything else. As he reveals, the ancient poetic idea of the “music of the spheres,” taken seriously, clarifies confounding issues in physics.Whether you are more familiar with Brian Greene or Brian Eno, John Coltrane or John Wheeler, the Five Percent Nation or why the universe is less than five percent visible, there is a new discovery on every page. Covering the entire history of the universe from its birth to its fate, its structure on the smallest and largest scales, The Jazz of Physics will fascinate and inspire anyone interested in the mysteries of our universe, music, and life itself. ...more",https://books.toscrape.com/catalogue/the-jazz-of-physics-the-secret-link-between-music-and-the-structure-of-the-universe_350/index.html
45033bdf3d9ed158,The Gunning of America: Business and the Making of American Gun Culture,Nonfiction,6,train,16.81,4,4,"Americans have always loved guns. This special bond was forged during the American Revolution and sanctified by the Second Amendment. It is because of this exceptional relationship that American civilians are more heavily armed than the citizens of any other nation.Or so we’re told.In The Gunning of America, historian Pamela Haag overturns this conventional wisdom. America Americans have always loved guns. This special bond was forged during the American Revolution and sanctified by the Second Amendment. It is because of this exceptional relationship that American civilians are more heavily armed than the citizens of any other nation.Or so we’re told.In The Gunning of America, historian Pamela Haag overturns this conventional wisdom. American gun culture, she argues, developed not because the gun was exceptional, but precisely because it was not: guns proliferated in America because throughout most of the nation’s history, they were perceived as an unexceptional commodity, no different than buttons or typewriters.Focusing on the history of the Winchester Repeating Arms Company, one of the most iconic arms manufacturers in America, Haag challenges many basic assumptions of how and when America became a gun culture. Under the leadership of Oliver Winchester and his heirs, the company used aggressive, sometimes ingenious sales and marketing techniques to create new markets for their product. Guns have never “sold themselves”; rather, through advertising and innovative distribution campaigns, the gun industry did. Through the meticulous examination of gun industry archives, Haag challenges the myth of a primal bond between Americans and their firearms. Over the course of its 150 year history, the Winchester Repeating Arms Company sold over 8 million guns. But Oliver Winchester—a shirtmaker in his previous career—had no apparent qualms about a life spent arming America. His daughter-in-law Sarah Winchester was a different story. Legend holds that Sarah was haunted by what she considered a vast blood fortune, and became convinced that the ghosts of rifle victims were haunting her. She channeled much of her inheritance, and her conflicted conscience, into a monstrous estate now known as the Winchester Mystery House, where she sought refuge from this ever-expanding army of phantoms.In this provocative and deeply-researched work of narrative history, Haag fundamentally revises the history of arms in America, and in so doing explodes the clichés that have created and sustained our lethal gun culture. ...more",https://books.toscrape.com/catalogue/the-gunning-of-america-business-and-the-making-of-american-gun-culture_347/index.html
c65ee14957c0fa5c,The Geography of Bliss: One Grump's Search for the Happiest Places in the World,Nonfiction,6,train,28.23,2,4,"Weiner spent a decade as a foreign correspondent reporting from such discontented locales as Iraq, Afghanistan, and Indonesia. Unhappy people living in profoundly unstable states, he notes, inspire pathos and make for good copy, but not for good karma. So Weiner, admitted grump and self-help book aficionado, undertook a year's research to travel the globe, looking for the Weiner spent a decade as a foreign correspondent reporting from such discontented locales as Iraq, Afghanistan, and Indonesia. Unhappy people living in profoundly unstable states, he notes, inspire pathos and make for good copy, but not for good karma. So Weiner, admitted grump and self-help book aficionado, undertook a year's research to travel the globe, looking for the ""unheralded happy places."" The result is this book, equal parts laugh-out-loud funny and philosophical, a journey into both the definition of and the destination for true contentment.Apparently, the happiest places on earth include, somewhat unexpectedly, Iceland, Bhutan, and India. Weiner also visits the country deemed most malcontent, Moldova, and finds real merit in the claim.But the question remains: What makes people happy? Is it the freedom of the West or the myriad restrictions of Singapore? The simple ashrams of India or the glittering shopping malls of Qatar?From the youthful drunkenness of Iceland to the despond of Slough, a sad but resilient town in Heathrow's flight path, Weiner offers wry yet profound observations about the way people relate to circumstance and fate.Both revealing and inspirational, perhaps the best thing about this hilarious trip across four continents is that for the reader, the ""geography of bliss"" is wherever they happen to find themselves while reading it. ...more",https://books.toscrape.com/catalogue/the-geography-of-bliss-one-grumps-search-for-the-happiest-places-in-the-world_346/index.html
ff2dffba388d9922,The Demonists (Demonist #1),Fantasy,1,test,52.11,2,4,"There is more to our world than meets the eye—darker things, crueler things. Exorcist John Fogg and his wife, psychic medium Theodora Knight, know what lurks in the shadows. But even they’re not prepared for the worst Hell has to offer... It was supposed to be a simple exorcism, a publicity stunt to firmly establish John and Theodora’s thriving paranormal investigation em There is more to our world than meets the eye—darker things, crueler things. Exorcist John Fogg and his wife, psychic medium Theodora Knight, know what lurks in the shadows. But even they’re not prepared for the worst Hell has to offer...   It was supposed to be a simple exorcism, a publicity stunt to firmly establish John and Theodora’s thriving paranormal investigation empire in the public eye. But something went wrong, leading to an on-air massacre that unleashed a malicious host of demons and left Theodora catatonic, possessed by countless spirits.   John sets out on a desperate quest to find a cure for his wife, but his obsession brings him face-to-face with an even more terrifying problem: Theodora’s possession is only one piece of a deadly plot that is threatening the entire world. Because an ancient evil is about to make Earth its battlefield—and without John and Theodora’s intervention, there is no chance for salvation... ...more",https://books.toscrape.com/catalogue/the-demonists-demonist-1_345/index.html
df53c2948b32bde3,"The Demon Prince of Momochi House, Vol. 4 (The Demon Prince of Momochi House #4)",Sequential Art,8,train,27.88,2,4,"On her sixteenth birthday, orphan Himari Momochi inherits her ancestral estate that she’s never seen. Momochi House exists on the barrier between the human and spiritual realms, and Himari is meant to act as guardian between the two worlds. But on the day she moves in, she finds three handsome squatters already living in the house, and one seems to have already taken over On her sixteenth birthday, orphan Himari Momochi inherits her ancestral estate that she’s never seen. Momochi House exists on the barrier between the human and spiritual realms, and Himari is meant to act as guardian between the two worlds. But on the day she moves in, she finds three handsome squatters already living in the house, and one seems to have already taken over her role! ...more",https://books.toscrape.com/catalogue/the-demon-prince-of-momochi-house-vol-4-the-demon-prince-of-momochi-house-4_344/index.html
8930013d06942df1,The Beast (Black Dagger Brotherhood #14),Fantasy,1,test,46.08,5,4,"Rhage and Mary return in a new novel of the Black Dagger Brotherhood, a series “so popular, I don’t think there’s a reader today who hasn’t at least heard of [it]” (USA Today).Nothing is as it used to be for the Black Dagger Brotherhood. After avoiding war with the Shadows, alliances have shifted and lines have been drawn. The slayers of the Lessening Society are stronger Rhage and Mary return in a new novel of the Black Dagger Brotherhood, a series “so popular, I don’t think there’s a reader today who hasn’t at least heard of [it]” (USA Today).Nothing is as it used to be for the Black Dagger Brotherhood. After avoiding war with the Shadows, alliances have shifted and lines have been drawn. The slayers of the Lessening Society are stronger than ever, preying on human weakness to acquire more money, more weapons, more power. But as the Brotherhood readies for an all-out attack on them, one of their own fights a battle within himself…For Rhage, the Brother with the biggest appetites, but also the biggest heart, life was supposed to be perfect—or at the very least, perfectly enjoyable. Mary, his beloved shellan, is by his side and his King and his brothers are thriving. But Rhage can’t understand—or control—the panic and insecurity that plague him…And that terrifies him—as well as distances him from his mate. After suffering mortal injury in battle, Rhage must reassess his priorities—and the answer, when it comes to him, rocks his world...and Mary’s. But Mary is on a journey of her own, one that will either bring them closer together or cause a split that neither will recover from... ...more",https://books.toscrape.com/catalogue/the-beast-black-dagger-brotherhood-14_342/index.html
ae884ac655d6ee3e,Paper and Fire (The Great Library #2),Fantasy,1,train,49.45,5,4,"In Ink and Bone, New York Times bestselling author Rachel Caine introduced a world where knowledge is power, and power corrupts absolutely. Now, she continues the story of those who dare to defy the Great Library—and rewrite history…With an iron fist, The Great Library controls the knowledge of the world, ruthlessly stamping out all rebellion, forbidding the personal owner In Ink and Bone, New York Times bestselling author Rachel Caine introduced a world where knowledge is power, and power corrupts absolutely. Now, she continues the story of those who dare to defy the Great Library—and rewrite history…With an iron fist, The Great Library controls the knowledge of the world, ruthlessly stamping out all rebellion, forbidding the personal ownership of books in the name of the greater good.Jess Brightwell has survived his introduction to the sinister, seductive world of the Library, but serving in its army is nothing like he envisioned. His life and the lives of those he cares for have been altered forever. His best friend is lost, and Morgan, the girl he loves, is locked away in the Iron Tower and doomed to a life apart.Embarking on a mission to save one of their own, Jess and his band of allies make one wrong move and suddenly find themselves hunted by the Library’s deadly automata and forced to flee Alexandria, all the way to London.But Jess’s home isn’t safe anymore. The Welsh army is coming, London is burning, and soon, Jess must choose between his friends, his family, or the Library willing to sacrifice anything and anyone in the search for ultimate control… ...more",https://books.toscrape.com/catalogue/paper-and-fire-the-great-library-2_339/index.html
5a6b7155f2797537,Harry Potter and the Order of the Phoenix (Harry Potter #5),Fantasy,1,train,31.63,4,4,"Harry Potter is due to start his fifth year at Hogwarts School of Witchcraft and Wizardry. His best friends Ron and Hermione have been very secretive all summer and he is desperate to get back to school and find out what has been going on. However, what Harry discovers is far more devastating than he could ever have expected...Suspense, secrets and thrilling action from th Harry Potter is due to start his fifth year at Hogwarts School of Witchcraft and Wizardry. His best friends Ron and Hermione have been very secretive all summer and he is desperate to get back to school and find out what has been going on. However, what Harry discovers is far more devastating than he could ever have expected...Suspense, secrets and thrilling action from the pen of J.K. Rowling ensure an electrifying adventure that is impossible to put down. ...more",https://books.toscrape.com/catalogue/harry-potter-and-the-order-of-the-phoenix-harry-potter-5_327/index.html
eff24325e0ede639,Harry Potter and the Prisoner of Azkaban (Harry Potter #3),Young Adult,9,train,24.17,4,4,"Harry Potter is lucky to reach the age of thirteen, since he has already survived the murderous attacks of the feared Dark Lord on more than one occasion. But his hopes for a quiet term concentrating on Quidditch are dashed when a maniacal mass-murderer escapes from Azkaban, pursued by the soul-sucking Dementors who guard the prison. It's assumed that Hogwarts is the safes Harry Potter is lucky to reach the age of thirteen, since he has already survived the murderous attacks of the feared Dark Lord on more than one occasion. But his hopes for a quiet term concentrating on Quidditch are dashed when a maniacal mass-murderer escapes from Azkaban, pursued by the soul-sucking Dementors who guard the prison. It's assumed that Hogwarts is the safest place for Harry to be. But is it a coincidence that he can feel eyes watching him in the dark, and should he be taking Professor Trelawney's ghoulish predictions seriously? ...more",https://books.toscrape.com/catalogue/harry-potter-and-the-prisoner-of-azkaban-harry-potter-3_328/index.html
73f4f87dd936ee5c,Harry Potter and the Half-Blood Prince (Harry Potter #6),Fantasy,1,train,48.75,5,4,"It is the middle of the summer, but there is an unseasonal mist pressing against the windowpanes. Harry Potter is waiting nervously in his bedroom at the Dursleys' house in Privet Drive for a visit from Professor Dumbledore himself. One of the last times he saw the Headmaster was in a fierce one-to-one duel with Lord Voldemort, and Harry can't quite believe that Professor It is the middle of the summer, but there is an unseasonal mist pressing against the windowpanes. Harry Potter is waiting nervously in his bedroom at the Dursleys' house in Privet Drive for a visit from Professor Dumbledore himself. One of the last times he saw the Headmaster was in a fierce one-to-one duel with Lord Voldemort, and Harry can't quite believe that Professor Dumbledore will actually appear at the Dursleys' of all places. Why is the Professor coming to visit him now? What is it that cannot wait until Harry returns to Hogwarts in a few weeks' time? Harry's sixth year at Hogwarts has already got off to an unusual start, as the worlds of Muggle and magic start to intertwine...J.K. Rowling charts Harry Potter's latest adventures in his sixth year at Hogwarts with consummate skill and in breathtaking fashion. ...more",https://books.toscrape.com/catalogue/harry-potter-and-the-half-blood-prince-harry-potter-6_326/index.html
c7c4f55b7321cba7,Harry Potter and the Chamber of Secrets (Harry Potter #2),Fantasy,1,train,14.74,1,4,"All Harry Potter wants is to get away from the Dursleys and go back to Hogwarts School for Witchcraft and Wizardry. But just as he's packing his bags, Harry receives a warning from a strange, impish creature named Dobby - who says that if Harry Potter returns to Hogwarts, disaster will strike.And strike it does. For in Harry's second year at Hogwarts, fresh torments and ho All Harry Potter wants is to get away from the Dursleys and go back to Hogwarts School for Witchcraft and Wizardry. But just as he's packing his bags, Harry receives a warning from a strange, impish creature named Dobby - who says that if Harry Potter returns to Hogwarts, disaster will strike.And strike it does. For in Harry's second year at Hogwarts, fresh torments and horrors arise, including an outrageously stuck-up new professor, Gilderoy Lockheart, a spirit named Moaning Myrtle who haunts the girls' bathroom, and the unwanted attentions of Ron Weasley's younger sister, Ginny.But each of these seem minor annoyances when the real trouble begins, and someone--or something--starts turning Hogwarts students to stone. Could it be Draco Malfoy, a more poisonous rival than ever? Could it possibly be Hagrid, whose mysterious past is finally told? Or could it be the one everyone at Hogwarts most suspects... Harry Potter himself. ...more",https://books.toscrape.com/catalogue/harry-potter-and-the-chamber-of-secrets-harry-potter-2_325/index.html
ddbc5530d2939d49,God Is Not Great: How Religion Poisons Everything,Nonfiction,6,train,27.8,1,4,"In the tradition of Bertrand Russell's Why I Am Not a Christian and Sam Harris's The End of Faith, Christopher Hitchens makes the ultimate case against religion. With a close and erudite reading of the major religious texts, he documents the ways in which religion is a man-made wish, a cause of dangerous sexual repression, and a distortion of our origins in the cosmos. Hit In the tradition of Bertrand Russell's Why I Am Not a Christian and Sam Harris's The End of Faith, Christopher Hitchens makes the ultimate case against religion. With a close and erudite reading of the major religious texts, he documents the ways in which religion is a man-made wish, a cause of dangerous sexual repression, and a distortion of our origins in the cosmos. Hitchens frames the argument for a more secular life based on science and reason, in which hell is replaced by the Hubble Telescope's awesome view of the universe and Moses and the burning bush give way to the beauty and symmetry of the double helix. ...more",https://books.toscrape.com/catalogue/god-is-not-great-how-religion-poisons-everything_323/index.html
5eff05e59f905a49,Girl With a Pearl Earring,Historical Fiction,4,train,26.77,1,4,"With precisely 35 canvases to his credit, the Dutch painter Johannes Vermeer represents one of the great enigmas of 17th-century art. The meager facts of his biography have been gleaned from a handful of legal documents. Yet Vermeer's extraordinary paintings of domestic life, with their subtle play of light and texture, have come to define the Dutch golden age. His portrai With precisely 35 canvases to his credit, the Dutch painter Johannes Vermeer represents one of the great enigmas of 17th-century art. The meager facts of his biography have been gleaned from a handful of legal documents. Yet Vermeer's extraordinary paintings of domestic life, with their subtle play of light and texture, have come to define the Dutch golden age. His portrait of the anonymous Girl with a Pearl Earring has exerted a particular fascination for centuries--and it is this magnetic painting that lies at the heart of Tracy Chevalier's second novel of the same title.Girl with a Pearl Earring centers on Vermeer's prosperous Delft household during the 1660s. When Griet, the novel's quietly perceptive heroine, is hired as a servant, turmoil follows. First, the 16-year-old narrator becomes increasingly intimate with her master. Then Vermeer employs her as his assistant--and ultimately has Griet sit for him as a model. ...more",https://books.toscrape.com/catalogue/girl-with-a-pearl-earring_322/index.html
8fff1084aa085a13,"Fruits Basket, Vol. 4 (Fruits Basket #4)",Sequential Art,8,train,50.44,4,4,"When the infamous Akito makes an in-class appearance at the start of the school year, the Sohma family worries that his arrival will be an uncensored exercise of show-and-tell about Yuki's past. Meanwhile, when Ayame vows to rekindle his brother's lost friendship, he begins to realize that you can choose your friends but you can't choose your family - especially when they' When the infamous Akito makes an in-class appearance at the start of the school year, the Sohma family worries that his arrival will be an uncensored exercise of show-and-tell about Yuki's past. Meanwhile, when Ayame vows to rekindle his brother's lost friendship, he begins to realize that you can choose your friends but you can't choose your family - especially when they're acting like animals! ...more",https://books.toscrape.com/catalogue/fruits-basket-vol-4-fruits-basket-4_321/index.html
2b69d289279aabfd,Dark Lover (Black Dagger Brotherhood #1),Romance,7,test,12.87,1,4,"Also see: Alternate Cover Editions for this ISBN [ACE] ACE #1 In the shadows of the night in Caldwell, New York, there's a deadly turf war going on between vampires and their slayers. There exists a secret band of brothers like no other-six vampire warriors, defenders of their race. Yet none of them relishes killing more than Wrath, the leader of The Black Dagger Brotherh Also see: Alternate Cover Editions for this ISBN [ACE] ACE #1 In the shadows of the night in Caldwell, New York, there's a deadly turf war going on between vampires and their slayers. There exists a secret band of brothers like no other-six vampire warriors, defenders of their race. Yet none of them relishes killing more than Wrath, the leader of The Black Dagger Brotherhood.The only purebred vampire left on earth, Wrath has a score to settle with the slayers who murdered his parents centuries ago. But, when one of his most trusted fighters is killed-leaving his half-breed daughter unaware of his existence or her fate-Wrath must usher her into the world of the undead-a world of sensuality beyond her wildest dreams.Also see: Alternate Cover Editions for this ISBN [ACE] ACE #1 ...more",https://books.toscrape.com/catalogue/dark-lover-black-dagger-brotherhood-1_319/index.html
aaebac5fda798b1b,Changing the Game (Play by Play #2),Romance,7,train,13.38,3,4,"Most people play by the rules. Gavin and Liz aren't most people....Win at any cost. That's always been the mantra of sports agent Liz Darnell. When she carries things too far and risks losing her number-one client, baseball pro Gavin Riley, Liz realizes that she'll have to work extra innings to win him back. It might not be too much of a stretch. She's had a thing for this Most people play by the rules. Gavin and Liz aren't most people....Win at any cost. That's always been the mantra of sports agent Liz Darnell. When she carries things too far and risks losing her number-one client, baseball pro Gavin Riley, Liz realizes that she'll have to work extra innings to win him back. It might not be too much of a stretch. She's had a thing for this player's moves since she first laid eyes on him, and by the looks of it, he wants her just as bad.Gavin's more than ready—especially when Liz is offering herself as part of the bargain. And as much of her as Gavin wants. For added thrills, he decides to throw a little curve ball Liz's way to see just how far she's truly willing to go to keep him as a client. But when love unexpectedly enters the playing field, neither Liz nor Gavin are ready for the biggest game-changer of them all. ...more",https://books.toscrape.com/catalogue/changing-the-game-play-by-play-2_317/index.html
78a4ac98191ac675,Atlas Shrugged,Fiction,2,test,26.58,5,4,"This is the story of a man who said that he would stop the motor of the world and did. Was he a destroyer or the greatest of liberators?Why did he have to fight his battle, not against his enemies, but against those who needed him most, and his hardest battle against the woman he loved? What is the world’s motor — and the motive power of every man? You will know the answer This is the story of a man who said that he would stop the motor of the world and did. Was he a destroyer or the greatest of liberators?Why did he have to fight his battle, not against his enemies, but against those who needed him most, and his hardest battle against the woman he loved? What is the world’s motor — and the motive power of every man? You will know the answer to these questions when you discover the reason behind the baffling events that play havoc with the lives of the characters in this story. Tremendous in its scope, this novel presents an astounding panorama of human life — from the productive genius who becomes a worthless playboy — to the great steel industrialist who does not know that he is working for his own destruction — to the philosopher who becomes a pirate — to the composer who gives up his career on the night of his triumph — to the woman who runs a transcontinental railroad — to the lowest track worker in her Terminal tunnels. You must be prepared, when you read this novel, to check every premise at the root of your convictions.This is a mystery story, not about the murder — and rebirth — of man’s spirit. It is a philosophical revolution, told in the form of an action thriller of violent events, a ruthlessly brilliant plot structure and an irresistible suspense. Do you say this is impossible? Well, that is the first of your premises to check. ...more",https://books.toscrape.com/catalogue/atlas-shrugged_314/index.html
aead11697d14ea36,A Walk to Remember,Romance,7,train,56.43,1,4,"Every April, when the wind blows from the sea and mingles with the scent of lilacs, Landon Carter remembers his last year at Beaufort High. It was 1958, and Landon had already dated a girl or two. He even swore that he had once been in love. Certainly the last person in town he thought he'd fall for was Jamie Sullivan, the daughter of the town's Baptist minister. A quiet g Every April, when the wind blows from the sea and mingles with the scent of lilacs, Landon Carter remembers his last year at Beaufort High. It was 1958, and Landon had already dated a girl or two. He even swore that he had once been in love. Certainly the last person in town he thought he'd fall for was Jamie Sullivan, the daughter of the town's Baptist minister. A quiet girl who always carried a Bible with her schoolbooks, Jamie seemed content living in a world apart from the other teens. She took care of her widowed father, rescued hurt animals, and helped out at the local orphanage. No boy had ever asked her out. Landon would never have dreamed of it. Then a twist of fate made Jamie his partner for the homecoming dance, and Landon Carter's life would never be the same. Being with Jamie would show him the depths of the human heart and lead him to a decision so stunning it would send him irrevocably on the road to manhood...Did You Know?-That Jamie was named after Nicholas's editor, Jamie Raab?That Landon is the name of his third son?That Nicholas Sparks recorded his own reading for the audio version of the novel? ...more",https://books.toscrape.com/catalogue/a-walk-to-remember_312/index.html
06bab964fd536971,We the People: The Modern-Day Figures Who Have Reshaped and Affirmed the Founding Fathers' Vision of America,Nonfiction,6,train,31.95,3,3,"What would the Founding Fathers think about America today? Over 200 years ago the Founders broke away from the tyranny of the British Empire to build a nation based on the principles of freedom, equal rights, and opportunity for all men. But life in the United States today is vastly different from anything the original Founders could have imagined in the late 1700s. The no What would the Founding Fathers think about America today? Over 200 years ago the Founders broke away from the tyranny of the British Empire to build a nation based on the principles of freedom, equal rights, and opportunity for all men. But life in the United States today is vastly different from anything the original Founders could have imagined in the late 1700s. The notion of an African-American president of the United States, or a woman such as Condoleezza Rice or Hillary Clinton as Secretary of State, would have been unimaginable to the men who wrote the Declaration of Independence and the Constitution, or who ratified the Constitution or the Bill of Rights.   In a fascinating work of history told through a series of in depth profiles, prize-winning journalist, bestselling author, and Fox political analyst Juan Williams takes readers into the life and work of a new generation of American Founders, who honor the original Founders’ vision, even as they have quietly led revolutions in American politics, immigration, economics, sexual behavior, and reshaped the landscape of the nation. Among the modern-day pioneers Williams writes about in this compelling new book are the passionate conservative President Reagan; the determined fighters for equal rights, Thurgood Marshall and Martin Luther King, Jr.; the profound imprint of Rev. Billy Graham’s evangelism on national politics; the focus on global human rights advocated by First Lady Eleanor Roosevelt; the leaders of the gay community who refused to back down during the Stonewall Riots and brought gay life into America’s public square; the re-imagined role of women in contemporary life as shaped by Betty Friedan.   Williams reveals how each of these modern-day founders has extended the Founding Fathers original vision and changed fundamental aspects of our country, from immigration, to the role of American labor in the economy, from modern police strategies, to the importance of religion in our political discourse. America in the 21st Century remains rooted in the Great American experiment in democracy that began in 1776. For all the changes our economy and our cultural and demographic make-up, there remains a straight line from the first Founders’ original vision, to the principles and ideals of today’s courageous modern day pioneers. ...more",https://books.toscrape.com/catalogue/we-the-people-the-modern-day-figures-who-have-reshaped-and-affirmed-the-founding-fathers-vision-of-america_302/index.html
52aa3d79b1cee455,Very Good Lives: The Fringe Benefits of Failure and the Importance of Imagination,Nonfiction,6,train,50.66,3,3,"In 2008, J.K. Rowling delivered a deeply affecting commencement speech at Harvard University. Now published for the first time in book form, Very Good Lives offers J.K. Rowling’s words of wisdom for anyone at a turning point in life, asking the profound and provocative questions: How can we embrace failure? And how can we use our imagination to better both ourselves and ot In 2008, J.K. Rowling delivered a deeply affecting commencement speech at Harvard University. Now published for the first time in book form, Very Good Lives offers J.K. Rowling’s words of wisdom for anyone at a turning point in life, asking the profound and provocative questions: How can we embrace failure? And how can we use our imagination to better both ourselves and others?Drawing from stories of her own post-graduate years, the world-famous author addresses some of life’s most important issues with acuity and emotional force. ...more",https://books.toscrape.com/catalogue/very-good-lives-the-fringe-benefits-of-failure-and-the-importance-of-imagination_298/index.html
7feac4000cbc5859,Voyager (Outlander #3),Historical Fiction,4,train,21.07,5,3,"From the author of the breathtaking bestsellers Outlander and Dragonfly in Amber, the extraordinary saga continues.Their passionate encounter happened long ago by whatever measurement Claire Randall took. Two decades before, she had traveled back in time and into the arms of a gallant eighteenth-century Scot named Jamie Fraser. Then she returned to her own century to bear From the author of the breathtaking bestsellers Outlander and Dragonfly in Amber, the extraordinary saga continues.Their passionate encounter happened long ago by whatever measurement Claire Randall took. Two decades before, she had traveled back in time and into the arms of a gallant eighteenth-century Scot named Jamie Fraser. Then she returned to her own century to bear his child, believing him dead in the tragic battle of Culloden. Yet his memory has never lessened its hold on her... and her body still cries out for him in her dreams.Then Claire discovers that Jamie survived. Torn between returning to him and staying with their daughter in her own era, Claire must choose her destiny. And as time and space come full circle, she must find the courage to face the passion and pain awaiting her...the deadly intrigues raging in a divided Scotland... and the daring voyage into the dark unknown that can reunite or forever doom her timeless love. ...more",https://books.toscrape.com/catalogue/voyager-outlander-3_299/index.html
b830685072fa871f,"Unstuffed: Decluttering Your Home, Mind, and Soul",Nonfiction,6,train,58.09,1,3,"STUFF. It's everywhere. Lurking in corners and closets, spilling onto counters and coffee tables, creating havoc everywhere we look. And it's not just the physical clutter that weighs us down. Oh no, it is the stress of overbooked schedules, and the weight of life that sometimes feels oppressive and totally out of whack.New York Times bestselling author Ruth Soukup feels y  STUFF. It's everywhere. Lurking in corners and closets, spilling onto counters and coffee tables, creating havoc everywhere we look. And it's not just the physical clutter that weighs us down. Oh no, it is the stress of overbooked schedules, and the weight of life that sometimes feels oppressive and totally out of whack.New York Times bestselling author Ruth Soukup feels your pain--she has been there too. Through personal stories, Biblical truth, and practical action plans, she will inspire and empower each of us to finally declutter not just our home, but our mind and soul as well. Unstuffed is real, honest, and gets right down to the question we are all facing--how can we take back our lives from the stuff that is weighing us down? In this book, together we will:•             Create a comprehensive vision for our homes, and make instant changes to improve its overall function.•             Discover that more closet space is not the solution, and instead learn how to set strict limits for the stuff we bring in•             Overcome the frustration of dealing with our kids' influx of stuff and implement practical solutions for keeping the chaos at bay.•             Recognize the pitfalls of an overstuffed schedule BEFORE it gets out of hand, and instead learn to combat the culture of busy that keeps us running from one thing to the next.•             Finally conquer that mountain of paperwork that threatens to tumble down around us at any moment.•             Let go of the guilt that gets attached to gifts and instead learn to separate our loved ones from their stuff.•             Begin to cultivate our real friendships while eliminating the toxic relationships that weigh us down. ...more",https://books.toscrape.com/catalogue/unstuffed-decluttering-your-home-mind-and-soul_296/index.html
4672d10b9b1e7a05,Vegan Vegetarian Omnivore: Dinner for Everyone at the Table,Food and Drink,3,train,13.66,2,3,"For years, Anna Thomas’s fans have cooked from her trailblazing vegetarian cookbooks. Now, Anna turns her thoughts to that larger question. We are eating differently: your daughter is a vegan, or you are but your in-laws don’t think it’s dinner without meat, or you’re hosting Thanksgiving for a mixed group… In this timely and useful new book, Anna offers her solutions for For years, Anna Thomas’s fans have cooked from her trailblazing vegetarian cookbooks. Now, Anna turns her thoughts to that larger question. We are eating differently: your daughter is a vegan, or you are but your in-laws don’t think it’s dinner without meat, or you’re hosting Thanksgiving for a mixed group… In this timely and useful new book, Anna offers her solutions for reuniting our divided tables.“My idea is simple,” says Anna. “Start with the food everyone eats, design a meal or a dish around that, then expand and elaborate with just the right amounts of the right cheeses, meats, or fish for your omnivores. Everyone feels welcome, and we eat the same meal—but in variations.”Anna shows us how to cook for today’s table, with over 150 recipes for all tastes, and menus for every occasion. For a casual evening with friends, Farro with Lentils and Lavender served with Ratatouille from the Charcoal Grill makes a beautiful vegan supper—and also pairs wonderfully with garlic-and-herb rubbed lamb chops for the omnivores. Anna’s crowd-pleasing Easy Fish Soup begins as a robust vegetable soup, with seafood added five minutes before serving—an ideal two-way dish. A vegetarian Lemon Risotto with Sautéed Fresh Fava Beans is perfect on its own, and can easily take on tender shrimp. For dessert, have vegan Pumpkin Gingerbread and add vanilla ice cream, or serve a delectable Dark Chocolate Almond Bark studded with ginger and dried cherries.Anna’s festive “Thanksgiving for Everyone” menu centers on a sumptuous Polenta Torta with Roasted Squash and onion marmalade, surrounded by an array of seasonal vegetables—all pairing equally well with roast turkey for the traditionalists. “Taco Night at Home” allows everyone to design their perfect meal, mixing and matching from a spread of Spicy Black Beans, Poblano Peppers with Portobello Mushrooms, Carnitas, and Guajillo Chile Salsa. Anna’s exuberant Mediterranean mezze menu is a relaxed summer party, featuring vegan Roasted Eggplant and Poblano Chile Spread with flatbread, Tabbouleh with Chickpeas and Preserved Lemon, Charred Zucchini with Lemon and Mint, and Baked Lamb Kibbeh Wedges for the omnivores.With dishes inspired by the vibrant produce of farmers’ markets, Anna shares her love of cooking and of hospitality. Vegan Vegetarian Omnivore shows us how to navigate a world of change, and bring all our friends and family together at one big, generous table. ...more",https://books.toscrape.com/catalogue/vegan-vegetarian-omnivore-dinner-for-everyone-at-the-table_297/index.html
0e4e2d31c2fb3aad,Walk the Edge (Thunder Road #2),Young Adult,9,train,32.36,3,3,"One moment of recklessness will change their worlds.Smart. Responsible. That's seventeen-year-old Breanna's role in her large family, and heaven forbid she put a toe out of line. Until one night of shockingly un-Breanna-like behavior puts her into a vicious cyber-bully's line of fire—and brings fellow senior Thomas ""Razor"" Turner into her life. Razor lives for the Reign of One moment of recklessness will change their worlds.Smart. Responsible. That's seventeen-year-old Breanna's role in her large family, and heaven forbid she put a toe out of line. Until one night of shockingly un-Breanna-like behavior puts her into a vicious cyber-bully's line of fire—and brings fellow senior Thomas ""Razor"" Turner into her life. Razor lives for the Reign of Terror motorcycle club, and good girls like Breanna just don't belong. But when he learns she's being blackmailed over a compromising picture of the two of them—a picture that turns one unexpected and beautiful moment into ugliness—he knows it's time to step outside the rules. And so they make a pact: he'll help her track down her blackmailer, and in return she'll help him seek answers to the mystery that's haunted him—one that not even his club brothers have been willing to discuss. But the more time they spend together, the more their feelings grow. And suddenly they're both walking the edge of discovering who they really are, what they want, and where they're going from here. ...more",https://books.toscrape.com/catalogue/walk-the-edge-thunder-road-2_300/index.html
61bc8167c9680283,Two Boys Kissing,Young Adult,9,train,32.74,2,3,"New York Times bestselling author David Levithan tells the based-on-true-events story of Harry and Craig, two 17-year-olds who are about to take part in a 32-hour marathon of kissing to set a new Guinness World Record—all of which is narrated by a Greek Chorus of the generation of gay men lost to AIDS. While the two increasingly dehydrated and sleep-deprived boys are locki New York Times  bestselling author David Levithan tells the based-on-true-events story of Harry and Craig, two 17-year-olds who are about to take part in a 32-hour marathon of kissing to set a new Guinness World Record—all of which is narrated by a Greek Chorus of the generation of gay men lost to AIDS. While the two increasingly dehydrated and sleep-deprived boys are locking lips, they become a focal point in the lives of other teen boys dealing with languishing long-term relationships, coming out, navigating gender identity, and falling deeper into the digital rabbit hole of gay hookup sites—all while the kissing former couple tries to figure out their own feelings for each other. ...more",https://books.toscrape.com/catalogue/two-boys-kissing_294/index.html
599a4f98bb193368,Under the Banner of Heaven: A Story of Violent Faith,Nonfiction,6,test,30.0,1,3,"Jon Krakauer’s literary reputation rests on insightful chronicles of lives conducted at the outer limits. He now shifts his focus from extremes of physical adventure to extremes of religious belief within our own borders, taking readers inside isolated American communities where some 40,000 Mormon Fundamentalists still practice polygamy. Defying both civil authorities and Jon Krakauer’s literary reputation rests on insightful chronicles of lives conducted at the outer limits. He now shifts his focus from extremes of physical adventure to extremes of religious belief within our own borders, taking readers inside isolated American communities where some 40,000 Mormon Fundamentalists still practice polygamy. Defying both civil authorities and the Mormon establishment in Salt Lake City, the renegade leaders of these Taliban-like theocracies are zealots who answer only to God.At the core of Krakauer’s book are brothers Ron and Dan Lafferty, who insist they received a commandment from God to kill a blameless woman and her baby girl. Beginning with a meticulously researched account of this appalling double murder, Krakauer constructs a multi-layered, bone-chilling narrative of messianic delusion, polygamy, savage violence, and unyielding faith. Along the way he uncovers a shadowy offshoot of America’s fastest growing religion, and raises provocative questions about the nature of religious belief. ...more",https://books.toscrape.com/catalogue/under-the-banner-of-heaven-a-story-of-violent-faith_295/index.html
2173a2ce35f6ace1,"Trespassing Across America: One Man's Epic, Never-Done-Before (and Sort of Illegal) Hike Across the Heartland",Nonfiction,6,train,53.51,1,3,"Told with sincerity, humor, and wit,Trespassing Across Americais both a fascinating account of one man’s remarkable journey along the Keystone XL pipeline and a meditation on climate change, the beauty of the natural world, and the extremes to which we can push ourselves—both physically and mentally. It started as a far-fetched idea—to hike the entire length of the propose Told with sincerity, humor, and wit, Trespassing Across America is both a fascinating account of one man’s remarkable journey along the Keystone XL pipeline and a meditation on climate change, the beauty of the natural world, and the extremes to which we can push ourselves—both physically and mentally.  It started as a far-fetched idea—to hike the entire length of the proposed route of the Keystone XL pipeline. But in the months that followed, it grew into something more for Ken Ilgunas. It became an irresistible adventure—an opportunity not only to draw attention to global warming but also to explore his personal limits. So in September 2012, he strapped on his backpack, stuck out his thumb on the interstate just north of Denver, and hitchhiked 1,500 miles to the Alberta tar sands. Once there, he turned around and began his 1,700-mile trek to the XL’s endpoint on the Gulf Coast of Texas, a journey he would complete entirely on foot, walking almost exclusively across private property.Both a travel memoir and a reflection on climate change, Trespassing Across America is filled with colorful characters, harrowing physical trials, and strange encounters with the weather, terrain, and animals of America’s plains. A tribute to the Great Plains and the people who live there, Ilgunas’s memoir grapples with difficult questions about our place in the world: What is our personal responsibility as stewards of the land? As members of a rapidly warming planet? As mere individuals up against something as powerful as the fossil fuel industry? Ultimately, Trespassing Across America is a call to embrace the belief that a life lived not half wild is a life only half lived. ...more",https://books.toscrape.com/catalogue/trespassing-across-america-one-mans-epic-never-done-before-and-sort-of-illegal-hike-across-the-heartland_291/index.html
57f755143ee96fd4,Three-Martini Lunch,Fiction,2,train,23.21,3,3,"From the author of the “thrilling” (The Christian Science Monitor) novel The Other Typist comes an evocative, multilayered story of ambition, success, and secrecy in 1950s New York. In 1958, Greenwich Village buzzes with beatniks, jazz clubs, and new ideas—the ideal spot for three ambitious young people to meet. Cliff Nelson, the son of a successful book editor, is convin From the author of the “thrilling” (The Christian Science Monitor) novel The Other Typist comes an evocative, multilayered story of ambition, success, and secrecy in 1950s New York.   In 1958, Greenwich Village buzzes with beatniks, jazz clubs, and new ideas—the ideal spot for three ambitious young people to meet. Cliff Nelson, the son of a successful book editor, is convinced he’s the next Kerouac, if only his father would notice. Eden Katz dreams of being an editor but is shocked when she encounters roadblocks to that ambition. And Miles Tillman, a talented black writer from Harlem, seeks to learn the truth about his father’s past, finding love in the process. Though different from one another, all three share a common goal: to succeed in the competitive and uncompromising world of book publishing. As they reach for what they want, they come to understand what they must sacrifice, conceal, and betray to achieve their goals, learning they must live with the consequences of their choices. In Three-Martini Lunch, Suzanne Rindell has written both a page-turning morality tale and a captivating look at a stylish, demanding era—and a world steeped in tradition that’s poised for great upheaval. ...more",https://books.toscrape.com/catalogue/three-martini-lunch_290/index.html
75fed6a47f69859d,The Wild Robot,Childrens,0,train,56.07,3,3,"When robot Roz opens her eyes for the first time, she discovers that she is alone on a remote, wild island. Why is she there? Where did she come from? And, most important, how will she survive in her harsh surroundings? Roz's only hope is to learn from the island's hostile animal inhabitants. When she tries to care for an orphaned gosling, the other animals finally decide When robot Roz opens her eyes for the first time, she discovers that she is alone on a remote, wild island. Why is she there? Where did she come from? And, most important, how will she survive in her harsh surroundings? Roz's only hope is to learn from the island's hostile animal inhabitants. When she tries to care for an orphaned gosling, the other animals finally decide to help, and the island starts to feel like home. Until one day, the robot's mysterious past comes back to haunt her.... ...more",https://books.toscrape.com/catalogue/the-wild-robot_288/index.html
a33ed2e6068df53e,"The Wicked + The Divine, Vol. 3: Commercial Suicide (The Wicked + The Divine)",Sequential Art,8,test,14.41,3,3,"After the detonation of FANDEMONIUM the gods-as-pop-stars of THE WICKED + THE DIVINE try living in the long dark shadow. Team WicDiv are joined by a stellar cast of guest artists to put the spotlight on each of the gods. The multiple Eisner Award nominated series continues in the only way it knows how: darker, weirder, faster. Don't worry. It's going to be okay.Collects TH After the detonation of FANDEMONIUM the gods-as-pop-stars of THE WICKED + THE DIVINE try living in the long dark shadow. Team WicDiv are joined by a stellar cast of guest artists to put the spotlight on each of the gods. The multiple Eisner Award nominated series continues in the only way it knows how: darker, weirder, faster. Don't worry. It's going to be okay.Collects THE WICKED + THE DIVINE #12-17 ...more",https://books.toscrape.com/catalogue/the-wicked-the-divine-vol-3-commercial-suicide-the-wicked-the-divine_287/index.html
3d15714d4d3d15dd,The Thing About Jellyfish,Childrens,0,train,48.77,1,3,"This stunning debut novel about grief and wonder was an instant New York Times bestseller and captured widespread critical acclaim, including selection as a 2015 National Book Award finalist! After her best friend dies in a drowning accident, Suzy is convinced that the true cause of the tragedy must have been a rare jellyfish sting-things don't just happen for no reason. R This stunning debut novel about grief and wonder was an instant New York Times bestseller and captured widespread critical acclaim, including selection as a 2015 National Book Award finalist! After her best friend dies in a drowning accident, Suzy is convinced that the true cause of the tragedy must have been a rare jellyfish sting-things don't just happen for no reason. Retreating into a silent world of imagination, she crafts a plan to prove her theory--even if it means traveling the globe, alone. Suzy's achingly heartfelt journey explores life, death, the astonishing wonder of the universe...and the potential for love and hope right next door. ...more",https://books.toscrape.com/catalogue/the-thing-about-jellyfish_283/index.html
742702d662a71410,The Smitten Kitchen Cookbook,Food and Drink,3,test,23.59,1,3,"The long-awaited cookbook by Deb Perelman of Smitten Kitchen—home cook, mom, photographer, and celebrated food blogger.Deb Perelman loves to cook. It’s as simple as that. She isn’t a chef or a restaurant owner—she’s never even waitressed. Cooking in her tiny Manhattan kitchen was, at least at first, for special occasions—and, too often, an unnecessarily daunting venture. D The long-awaited cookbook by Deb Perelman of Smitten Kitchen—home cook, mom, photographer, and celebrated food blogger.Deb Perelman loves to cook. It’s as simple as that. She isn’t a chef or a restaurant owner—she’s never even waitressed. Cooking in her tiny Manhattan kitchen was, at least at first, for special occasions—and, too often, an unnecessarily daunting venture. Deb found herself overwhelmed by the number of recipes available to her. Have you ever searched for the perfect birthday cake on Google? You’ll get more than three million results. How do you choose? Where do you start? What if you pick a recipe that’s downright bad?So Deb founded her award-winning blog, smittenkitchen.com, on the premise that cooking should be a pleasure, and that the results of your labor can—and should be—delicious...every time. Deb is a firm believer that there are no bad cooks, just bad recipes. She has dedicated herself to finding the best of the best and adapting them for the everyday cook—the ones with little time to spare, little money to burn on unpronounceable ingredients, and little help in the kitchen. And now, with the same warmth, candor, and can-do spirit her blog is known for, Deb presents her first cookbook—more than 100 new recipes, plus a few favorites from her site, all gorgeously illustrated with hundreds of Deb’s beautiful color photographs.The Smitten Kitchen Cookbook is all about approachable, uncompromised home cooking: stepped-up comfort foods, stewy dishes for windy winter afternoons, an apple cake that will answer all questions: “What should my new signature dessert be?” “What is always welcome at a potluck?” “What did Deb consume almost single-handedly a week after having a baby?” These are the recipes you bookmark and use so often they become your own; recipes you slip to a friend who wants to impress her new in-laws; and recipes with simple ingredients that yield amazing results in a minimum amount of time. Deb tells you how to host a brunch and still sleep in—plus what to make for it!—and the essential items you need for your own kitchen. From salads and slaws that make perfect side dishes (or a full meal) to savory tarts and pizzas; from Mushroom Bourguignon to Pancetta, White Bean and Swiss Chard Pot Pies; from Buttered Popcorn Cookies to Chocolate Hazelnut Layer Cake, Deb knows just the thing for a Tuesday night, or your most special occasion. ...more",https://books.toscrape.com/catalogue/the-smitten-kitchen-cookbook_281/index.html
f06039c29b5891fa,The Silkworm (Cormoran Strike #2),Mystery,5,train,23.05,5,3,"Private investigator Cormoran Strike returns in a new mystery from Robert Galbraith, author of the #1 international bestseller The Cuckoo's Calling.When novelist Owen Quine goes missing, his wife calls in private detective Cormoran Strike. At first, Mrs. Quine just thinks her husband has gone off by himself for a few days—as he has done before—and she wants Strike to find Private investigator Cormoran Strike returns in a new mystery from Robert Galbraith, author of the #1 international bestseller The Cuckoo's Calling.When novelist Owen Quine goes missing, his wife calls in private detective Cormoran Strike. At first, Mrs. Quine just thinks her husband has gone off by himself for a few days—as he has done before—and she wants Strike to find him and bring him home.But as Strike investigates, it becomes clear that there is more to Quine's disappearance than his wife realizes. The novelist has just completed a manuscript featuring poisonous pen-portraits of almost everyone he knows. If the novel were to be published, it would ruin lives—meaning that there are a lot of people who might want him silenced.When Quine is found brutally murdered under bizarre circumstances, it becomes a race against time to understand the motivation of a ruthless killer, a killer unlike any Strike has encountered before... ...more",https://books.toscrape.com/catalogue/the-silkworm-cormoran-strike-2_280/index.html
91eb9605998a7c03,"The Sandman, Vol. 3: Dream Country (The Sandman (volumes) #3)",Sequential Art,8,train,55.55,5,3,"The third volume of the Sandman collection is a series of four short comic book stories. In each of these otherwise unrelated stories, Morpheus serves only as a minor character. Here we meet the mother of Morpheus's son, find out what cats dream about, and discover the true origin behind Shakespeare's A Midsummer's Night Dream. The latter won a World Fantasy Award for best The third volume of the Sandman collection is a series of four short comic book stories. In each of these otherwise unrelated stories, Morpheus serves only as a minor character. Here we meet the mother of Morpheus's son, find out what cats dream about, and discover the true origin behind Shakespeare's A Midsummer's Night Dream. The latter won a World Fantasy Award for best short story, the first time a comic book was given that honor. collecting The Sandman #17–20 ...more",https://books.toscrape.com/catalogue/the-sandman-vol-3-dream-country-the-sandman-volumes-3_279/index.html
322a9e34d87f54b1,The Rose & the Dagger (The Wrath and the Dawn #2),Fantasy,1,train,58.64,4,3,"The much anticipated sequel to the breathtaking The Wrath and the Dawn, lauded by Publishers Weekly as ""a potent page-turner of intrigue and romance.""I am surrounded on all sides by a desert. A guest, in a prison of sand and sun. My family is here. And I do not know whom I can trust.In a land on the brink of war, Shahrzad has been torn from the love of her husband Khalid, The much anticipated sequel to the breathtaking The Wrath and the Dawn, lauded by Publishers Weekly as ""a potent page-turner of intrigue and romance.""I am surrounded on all sides by a desert. A guest, in a prison of sand and sun. My family is here. And I do not know whom I can trust.In a land on the brink of war, Shahrzad has been torn from the love of her husband Khalid, the Caliph of Khorasan. She once believed him a monster, but his secrets revealed a man tormented by guilt and a powerful curse—one that might keep them apart forever. Reunited with her family, who have taken refuge with enemies of Khalid, and Tariq, her childhood sweetheart, she should be happy. But Tariq now commands forces set on destroying Khalid's empire. Shahrzad is almost a prisoner caught between loyalties to people she loves. But she refuses to be a pawn and devises a plan.While her father, Jahandar, continues to play with magical forces he doesn't yet understand, Shahrzad tries to uncover powers that may lie dormant within her. With the help of a tattered old carpet and a tempestuous but sage young man, Shahrzad will attempt to break the curse and reunite with her one true love.From the Hardcover edition. ...more",https://books.toscrape.com/catalogue/the-rose-the-dagger-the-wrath-and-the-dawn-2_278/index.html
969f6c7e86554814,The Purest Hook (Second Circle Tattoos #3),Romance,7,train,12.25,1,3,"Can a love built on secrets survive?Rugged, hot, and rock hard, Dred Zander is exactly the type of man that normally sends Pixie running. Not dreaming about running her hands down his washboard abs...and lower. The lead singer and guitarist for the band Preload embodies trouble behind his quick smile and guarded eyes, and Pixie left trouble behind her years ago along with Can a love built on secrets survive?Rugged, hot, and rock hard, Dred Zander is exactly the type of man that normally sends Pixie running. Not dreaming about running her hands down his washboard abs...and lower. The lead singer and guitarist for the band Preload embodies trouble behind his quick smile and guarded eyes, and Pixie left trouble behind her years ago along with the name Sarah Jane Travers and the pathetic trailer her mom called home. With her abusive past in her past, she has a new life, a new family at Second Circle, and a dream of opening her own business. She needs capital and time. What she doesn't need is a tempting long-haired rocker or the paparazzi that follow him around.But Dred has other ideas. Pixie's sweet hazel eyes, purple hair and kaleidoscopic tattoo of exotic flowers that swirl up her arm haunt his dreams, and he knows she wants him too. He just has to convince her. But as a juicy exposé threatens to expose their pasts, and a blackmailer terrorizes their present, Pixie and Dred have to decide what really matters and fight like hell to keep it. ...more",https://books.toscrape.com/catalogue/the-purest-hook-second-circle-tattoos-3_271/index.html
3c456328b04a8ee8,The Red Tent,Historical Fiction,4,train,35.66,5,3,"Her name is Dinah. In the Bible, her life is only hinted at in a brief and violent detour within the more familiar chapters of the Book of Genesis that are about her father, Jacob, and his dozen sons. Told in Dinah's voice, this novel reveals the traditions and turmoils of ancient womanhood--the world of the red tent. It begins with the story of her mothers--Leah, Rachel, Her name is Dinah. In the Bible, her life is only hinted at in a brief and violent detour within the more familiar chapters of the Book of Genesis that are about her father, Jacob, and his dozen sons. Told in Dinah's voice, this novel reveals the traditions and turmoils of ancient womanhood--the world of the red tent. It begins with the story of her mothers--Leah, Rachel, Zilpah, and Bilhah--the four wives of Jacob. They love Dinah and give her gifts that sustain her through a hard-working youth, a calling to midwifery, and a new home in a foreign land. Dinah's story reaches out from a remarkable period of early history and creates an intimate connection with the past. Deeply affecting, The Red Tent combines rich storytelling with a valuable achievement in modern fiction: a new view of biblical women's society. ...more",https://books.toscrape.com/catalogue/the-red-tent_273/index.html
ee441c8e027caa66,The Obsession,Romance,7,train,45.43,1,3,"The riveting new novel from the #1 New York Times bestselling author of The Liar.Naomi Bowes lost her innocence the night she followed her father into the woods. In freeing the girl trapped in the root cellar, Naomi revealed the horrible extent of her father’s crimes and made him infamous.Now a successful photographer living under the name Naomi Carson, she has found a pla The riveting new novel from the #1 New York Times bestselling author of The Liar.Naomi Bowes lost her innocence the night she followed her father into the woods. In freeing the girl trapped in the root cellar, Naomi revealed the horrible extent of her father’s crimes and made him infamous.Now a successful photographer living under the name Naomi Carson, she has found a place that calls to her, thousands of miles away from everything she’s ever known. Naomi wants to embrace the solitude, but the residents of Sunrise Cove keep forcing her to open up—especially the determined Xander Keaton.Naomi can feel her defenses failing, and knows that the connection her new life offers is something she’s always secretly craved. But as she’s learned time and again, her past is never more than a nightmare away. ...more",https://books.toscrape.com/catalogue/the-obsession_268/index.html
29d6d87f3418638b,The Nightingale,Fiction,2,train,26.26,4,3,"In love we find out who we want to be.In war we find out who we are.FRANCE, 1939In the quiet village of Carriveau, Vianne Mauriac says goodbye to her husband, Antoine, as he heads for the Front. She doesn’t believe that the Nazis will invade France...but invade they do, in droves of marching soldiers, in caravans of trucks and tanks, in planes that fill the skies and drop In love we find out who we want to be.In war we find out who we are.FRANCE, 1939In the quiet village of Carriveau, Vianne Mauriac says goodbye to her husband, Antoine, as he heads for the Front. She doesn’t believe that the Nazis will invade France...but invade they do, in droves of marching soldiers, in caravans of trucks and tanks, in planes that fill the skies and drop bombs upon the innocent. When France is overrun, Vianne is forced to take an enemy into her house, and suddenly her every move is watched; her life and her child’s life is at constant risk. Without food or money or hope, as danger escalates around her, she must make one terrible choice after another. Vianne’s sister, Isabelle, is a rebellious eighteen-year-old girl, searching for purpose with all the reckless passion of youth. While thousands of Parisians march into the unknown terrors of war, she meets the compelling and mysterious Gäetan, a partisan who believes the French can fight the Nazis from within France, and she falls in love as only the young can...completely. When he betrays her, Isabelle races headlong into danger and joins the Resistance, never looking back or giving a thought to the real--and deadly--consequences.With courage, grace and powerful insight, bestselling author Kristin Hannah takes her talented pen to the epic panorama of WWII and illuminates an intimate part of history seldom seen: the women’s war. The Nightingale tells the stories of two sisters, separated by years and experience, by ideals, passion and circumstance, each embarking on her own dangerous path toward survival, love, and freedom in German-occupied, war-torn France--a heartbreakingly beautiful novel that celebrates the resilience of the human spirit and the durability of women. It is a novel for everyone, a novel for a lifetime. ...more",https://books.toscrape.com/catalogue/the-nightingale_267/index.html
3e42ac0f4d43320f,The New Guy (and Other Senior Year Distractions),Young Adult,9,train,44.92,3,3,"A ridiculously cute, formerly-famous new guy dropping into your life? It's practically every girl's dream. But not Jules McCallister-Morgan's. I realize that on paper I look like your standard type-A, neurotic, overachiever. And maybe I am. But I didn't get to be the editor of my school's long-revered newspaper by just showing up*. I have one main goal for my senior year-e A ridiculously cute, formerly-famous new guy dropping into your life? It's practically every girl's dream. But not Jules McCallister-Morgan's. I realize that on paper I look like your standard type-A, neurotic, overachiever. And maybe I am. But I didn't get to be the editor of my school's long-revered newspaper by just showing up*. I have one main goal for my senior year-early acceptance into my first choice Ivy League college-and I will not be deterred by best friends, moms who think I could stand to ""live a little,"" or boys. At least, that was the plan before I knew about Alex Powell**.And before Alex Powell betrayed me***.I know what you're thinking: Calm down, Jules. But you don't understand. This stuff matters. This is my life. And I'm not going down without a fight. ----* Okay, I sort of did. But it's a sore subject.** I mean, I guess everyone knows about Alex Powell? Two years ago, you couldn't go anywhere without hearing about viral video boy band sensation Chaos 4 All. Two years ago, Alex Powell was famous.***Some people think I'm overreacting. But this. Means. War.Filled with romance, rivalry, and passive-aggressive dog walking, Amy Spalding delivers a hilariously relatable high school story that's sure to have you falling for The New Guy. ...more",https://books.toscrape.com/catalogue/the-new-guy-and-other-senior-year-distractions_266/index.html
0baf71623648413a,The Name of God is Mercy,Nonfiction,6,train,37.25,2,3,"NEW YORK TIMES BESTSELLER •In his first book published as Pope, and in conjunction with the Extraordinary Jubilee of Mercy, Pope Francis here invites all humanity to an intimate and personal dialogue on the subject closest to his heart—mercy—which has long been the cornerstone of his faith and is now the central teaching of his papacy. In this conversation with Vatican r NEW YORK TIMES BESTSELLER • In his first book published as Pope, and in conjunction with the Extraordinary Jubilee of Mercy, Pope Francis here invites all humanity to an intimate and personal dialogue on the subject closest to his heart—mercy—which has long been the cornerstone of his faith and is now the central teaching of his papacy. In this conversation with Vatican reporter Andrea Tornielli, Francis explains—through memories from his youth and moving anecdotes from his experiences as a pastor—why “mercy is the first attribute of God.” God “does not want anyone to be lost. His mercy is infinitely greater than our sins,” he writes. As well, the Church cannot close the door on anyone, Francis asserts—on the contrary, its duty is to go out into the world to find its way into the consciousness of people so that they can assume responsibility for, and move away from, the bad things they have done. The first Jesuit and the first South American to be elected Bishop of Rome, Pope Francis has traveled around the world spreading God’s message of mercy to the largest crowds in papal history. Clear and profound, The Name of God Is Mercy resonates with this desire to reach all those who are looking for meaning in life, a road to peace and reconciliation, and the healing of physical and spiritual wounds. It is being published in more than eighty countries around the world.“The name of God is mercy. There are no situations we cannot get out of, we are not condemned to sink into quicksand.”—Pope FrancisPraise for The Name of God Is Mercy “Francis speaks succinctly—and with refreshing forthrightness. . . . He emphasizes moral sincerity over dogma, an understanding of the complexities of the world and individual experience over rigid doctrine. . . . The pope has an easy conversational style that moves effortlessly between folksy sayings and erudite allusions, between common-sense logic and impassioned philosophical insights.”—Michiko Kakutani, The New York Times“What makes his book most moving is the way in which this man, without disrespecting his own privacy or offering false bromides of modesty, opens the sacred space of his conscience to explain how he came to center his ministry, and now his papacy, around mercy.”—James Carroll, The New Yorker“As he has done throughout his papacy, Pope Francis shows in this book a compelling way to present God’s love anew to a skeptical world without denying the ancient teachings of faith. But now he is challenging the entire Church to trek a new way forward.”—Time “Francis enjoys sharing personal stories of God’s grace and mercy in the lives of parishioners from his native Argentina, people he has known and who have recognized themselves as sinners.”—The Washington Post“Powerful . . . Francis’s book signals a plea for a change of attitude on the part of the faithful and their pastors. . . . Bishops and priests will talk and quarrel over the text for months, even years to come. And that, perhaps, is what Francis intends.”—Financial Times “Deepens his calls for a more merciful Catholic Church . . . The question-and-answer book is told in simple, breezy language, with the pope referring to experiences and people in his own life.”—Newsday “Francis has offered his most detailed outline yet for the role of the Catholic church in the modern era.”—National Catholic ReporterTranslated by Oonagh Stransky From the Hardcover edition. ...more",https://books.toscrape.com/catalogue/the-name-of-god-is-mercy_264/index.html
cf2f27fdf94ba20e,The Lonely Ones,Childrens,0,train,43.59,5,3,"When your only friend is your own endless imagination, how do you escape your mind and connect to the world around you?With parents too busy to pay her attention, an older brother and sister who would rather spend their time with friends, and peers who oscillate between picking on her and simply ignoring her, it's no wonder that Fain spends most of her time in a world of h When your only friend is your own endless imagination, how do you escape your mind and connect to the world around you? With parents too busy to pay her attention, an older brother and sister who would rather spend their time with friends, and peers who oscillate between picking on her and simply ignoring her, it's no wonder that Fain spends most of her time in a world of her own making. During the day, Fain takes solace in crafting her own fantastical adventures in writing, but in the darkness of night, these adventures come to life as Fain lives and breathes alongside a legion of imaginary creatures. Whether floating through space or under the sea, climbing mountains or traipsing through forests, Fain becomes queen beyond - and in spite of - the walls of her bedroom.In time, Fain begins to see possibilities and friendships emerge in her day-to-day reality. . . yet when she is let down by the one relationship she thought she could trust, Fain must decide: remain queen of the imaginary creatures, or risk the pain that comes with opening herself up to the fragile connections that exist only in the real world? Told in breathless and visual verse, THE LONELY ONES takes readers through the intricate inner workings of a girl who struggles to navigate isolation and finds friendship where she least expects it. ...more",https://books.toscrape.com/catalogue/the-lonely-ones_261/index.html
35e69a79d2b1e804,"The Land of 10,000 Madonnas",Young Adult,9,train,29.64,4,3,"Five teens backpack through Europe to fulfill the mysterious dying wish of their friend.Jesse lives with his history professor dad in a house covered with postcards of images of the Madonna from all over the world. They’re gotten used to this life: two motherless dudes living among thousands of Madonnas. But Jesse has a heart condition that will ultimately cut his life tra Five teens backpack through Europe to fulfill the mysterious dying wish of their friend.Jesse lives with his history professor dad in a house covered with postcards of images of the Madonna from all over the world. They’re gotten used to this life: two motherless dudes living among thousands of Madonnas. But Jesse has a heart condition that will ultimately cut his life tragically short. Before he dies, he arranges a mysterious trip to Europe for his three cousins, his best friend, and his girlfriend to take after he passes away. It’s a trip that will forever change the lives of these young teens and one that will help them come to terms with Jesse’s death. ...more",https://books.toscrape.com/catalogue/the-land-of-10000-madonnas_258/index.html
476c7972e9b41891,The Last Painting of Sara de Vos,Historical Fiction,4,train,55.55,2,3,"This is what we long for: the profound pleasure of being swept into vivid new worlds, worlds peopled by characters so intriguing and real that we can't shake them, even long after the reading's done. In his earlier, award-winning novels, Dominic Smith demonstrated a gift for coaxing the past to life. Now, in The Last Painting of Sara de Vos, he deftly bridges the historica This is what we long for: the profound pleasure of being swept into vivid new worlds, worlds peopled by characters so intriguing and real that we can't shake them, even long after the reading's done. In his earlier, award-winning novels, Dominic Smith demonstrated a gift for coaxing the past to life. Now, in The Last Painting of Sara de Vos, he deftly bridges the historical and the contemporary, tracking a collision course between a rare landscape by a female Dutch painter of the golden age, an inheritor of the work in 1950s Manhattan, and a celebrated art historian who painted a forgery of it in her youth.In 1631, Sara de Vos is admitted as a master painter to the Guild of St. Luke's in Holland, the first woman to be so recognized. Three hundred years later, only one work attributed to de Vos is known to remain--a haunting winter scene, At the Edge of a Wood, which hangs over the bed of a wealthy descendant of the original owner. An Australian grad student, Ellie Shipley, struggling to stay afloat in New York, agrees to paint a forgery of the landscape, a decision that will haunt her. Because now, half a century later, she's curating an exhibit of female Dutch painters, and both versions threaten to arrive. As the three threads intersect, The Last Painting of Sara de Vos mesmerizes while it grapples with the demands of the artistic life, showing how the deceits of the past can forge the present. ...more",https://books.toscrape.com/catalogue/the-last-painting-of-sara-de-vos_259/index.html
554e9e2d532b3a87,The Infinities,Fiction,2,train,27.41,1,3,"On a languid midsummer’s day in the countryside, old Adam Godley, a renowned theoretical mathematician, is dying. His family gathers at his bedside: his son, young Adam, struggling to maintain his marriage to a radiantly beautiful actress; his nineteen-year-old daughter, Petra, filled with voices and visions as she waits for the inevitable; their mother, Ursula, whose rela On a languid midsummer’s day in the countryside, old Adam Godley, a renowned theoretical mathematician, is dying. His family gathers at his bedside: his son, young Adam, struggling to maintain his marriage to a radiantly beautiful actress; his nineteen-year-old daughter, Petra, filled with voices and visions as she waits for the inevitable; their mother, Ursula, whose relations with the Godley children are strained at best; and Petra’s “young man”—very likely more interested in the father than the daughter—who has arrived for a superbly ill-timed visit.But the Godley family is not alone in their vigil. Around them hovers a family of mischievous immortals—among them, Zeus, who has his eye on young Adam’s wife; Pan, who has taken the doughy, perspiring form of an old unwelcome acquaintance; and Hermes, who is the genial and omniscient narrator: “We too are petty and vindictive,” he tells us, “just like you, when we are put to it.” As old Adam’s days on earth run down, these unearthly beings start to stir up trouble, to sometimes wildly unintended effect. . . . Blissfully inventive and playful, rich in psychological insight and sensual detail, The Infinities is at once a gloriously earthy romp and a wise look at the terrible, wonderful plight of being human—a dazzling novel from one of the most widely admired and acclaimed writers at work today. ...more",https://books.toscrape.com/catalogue/the-infinities_257/index.html
ff6bb30dd0c482a6,The Husband's Secret,Fiction,2,train,52.51,5,3,"At the heart of The Husband’s Secret is a letter that’s not meant to be readMy darling Cecilia, if you’re reading this, then I’ve died...Imagine that your husband wrote you a letter, to be opened after his death. Imagine, too, that the letter contains his deepest, darkest secret—something with the potential to destroy not just the life you built together, but the lives of At the heart of The Husband’s Secret is a letter that’s not meant to be readMy darling Cecilia, if you’re reading this, then I’ve died...Imagine that your husband wrote you a letter, to be opened after his death. Imagine, too, that the letter contains his deepest, darkest secret—something with the potential to destroy not just the life you built together, but the lives of others as well. Imagine, then, that you stumble across that letter while your husband is still very much alive. . . .Cecilia Fitzpatrick has achieved it all—she’s an incredibly successful businesswoman, a pillar of her small community, and a devoted wife and mother. Her life is as orderly and spotless as her home. But that letter is about to change everything, and not just for her: Rachel and Tess barely know Cecilia—or each other—but they too are about to feel the earth-shattering repercussions of her husband’s secret.Acclaimed author Liane Moriarty has written a gripping, thought-provoking novel about how well it is really possible to know our spouses—and, ultimately, ourselves. ...more",https://books.toscrape.com/catalogue/the-husbands-secret_256/index.html
4a0a276409968a73,The Guernsey Literary and Potato Peel Pie Society,Historical Fiction,4,train,49.53,1,3,"“ I wonder how the book got to Guernsey? Perhaps there is some sort of secret homing instinct in books that brings them to their perfect readers.” January 1946: London is emerging from the shadow of the Second World War, and writer Juliet Ashton is looking for her next book subject. Who could imagine that she would find it in a letter from a man she’s never met, a native o “ I wonder how the book got to Guernsey? Perhaps there is some sort of secret homing instinct in books that brings them to their perfect readers.” January 1946: London is emerging from the shadow of the Second World War, and writer Juliet Ashton is looking for her next book subject. Who could imagine that she would find it in a letter from a man she’s never met, a native of the island of Guernsey, who has come across her name written inside a book by Charles Lamb….As Juliet and her new correspondent exchange letters, Juliet is drawn into the world of this man and his friends—and what a wonderfully eccentric world it is. The Guernsey Literary and Potato Peel Pie Society—born as a spur-of-the-moment alibi when its members were discovered breaking curfew by the Germans occupying their island—boasts a charming, funny, deeply human cast of characters, from pig farmers to phrenologists, literature lovers all.Juliet begins a remarkable correspondence with the society’s members, learning about their island, their taste in books, and the impact the recent German occupation has had on their lives. Captivated by their stories, she sets sail for Guernsey, and what she finds will change her forever.Written with warmth and humor as a series of letters, this novel is a celebration of the written word in all its guises, and of finding connection in the most surprising ways. ...more",https://books.toscrape.com/catalogue/the-guernsey-literary-and-potato-peel-pie-society_253/index.html
dd003e904727281a,The Exiled,Mystery,5,train,43.45,3,3,"Can anyone ever truly outrun his past?Back in the 1980s, Wes Raney was an ambitious New York City Narcotics Detective with a growing drug habit of his own. While working undercover on a high-risk case, he made decisions that ultimately cost him not only his career, but also his family. Disgraced, Raney fled-but history is finally catching up with him.Now in his early forti Can anyone ever truly outrun his past?Back in the 1980s, Wes Raney was an ambitious New York City Narcotics Detective with a growing drug habit of his own. While working undercover on a high-risk case, he made decisions that ultimately cost him not only his career, but also his family. Disgraced, Raney fled-but history is finally catching up with him.Now in his early forties, Raney has been living in exile, the sole homicide investigator covering a two-hundred-mile stretch of desert in New Mexico. His solitude is his salvation-but it ends when a brutal drug deal gone wrong results in a triple murder. Staged in a locked underground bunker, the crime reawakens Raney's haunted and violent past.From the vast, unforgiving landscape of the American west to the mean streets of New York, The Exiled is at once a riveting murder mystery and a brilliant portrait of a man on the run from himself, an unforgettable thriller that is ""impossible to put down"" (Frank Bill). ...more",https://books.toscrape.com/catalogue/the-exiled_247/index.html
b22362b434e8ee62,The Day the Crayons Came Home (Crayons),Childrens,0,test,26.33,5,3,"The companion to the #1 blockbuster bestseller, The Day the Crayons Quit! I'm not sure what it is about this kid Duncan, but his crayons sure are a colorful bunch of characters! Having soothed the hurt feelings of one group who threatened to quit, Duncan now faces a whole new group of crayons asking to be rescued. From Maroon Crayon, who was lost beneath the sofa cushions The companion to the #1 blockbuster bestseller, The Day the Crayons Quit! I'm not sure what it is about this kid Duncan, but his crayons sure are a colorful bunch of characters! Having soothed the hurt feelings of one group who threatened to quit, Duncan now faces a whole new group of crayons asking to be rescued. From Maroon Crayon, who was lost beneath the sofa cushions and then broken in two after Dad sat on him; to poor Turquoise, whose head is now stuck to one of Duncan's stinky socks after they both ended up in the dryer together; to Pea Green, who knows darn well that no kid likes peas and who ran away—each and every crayon has a woeful tale to tell and a plea to be brought home to the crayon box. Drew Daywalt and Oliver Jeffers have combined to create a companion book every bit as funny and kid-friendly as the #1 bestselling The Day the Crayons Quit.Praise for The Day the Crayons Quit The #1 New York Times bestselling phenomenon — over 80 weeks on the bestseller list!Winner of the E.B. White Read-Aloud Award Amazon’s 2013 Best Picture Book of the Year A Barnes & Noble Best Book of 2013 Goodreads’ 2013 Best Picture Book of the Year  * “Hilarious . . . Move over, Click, Clack, Moo; we’ve got a new contender for the most successful picture-book strike.” –BCCB, starred review  “Jeffers . . . elevates crayon drawing to remarkable heights.” –Booklist “Fresh and funny.” –The Wall Street Journal ""This book will have children asking to have it read again and again.” –Library Media Connection * “This colorful title should make for an uproarious storytime.” –School Library Journal, starred review  * “These memorable personalities will leave readers glancing apprehensively at their own crayon boxes.” –Publishers Weekly, starred review  “Utterly original.” –San Francisco Chronicle ...more",https://books.toscrape.com/catalogue/the-day-the-crayons-came-home-crayons_241/index.html
1be6d3b121865edb,The Cuckoo's Calling (Cormoran Strike #1),Mystery,5,train,19.21,1,3,"A BRILLIANT DEBUT MYSTERY IN A CLASSIC VEIN: DETECTIVE CORMORAN STRIKE INVESTIGATES A SUPERMODEL'S SUICIDE. After losing his leg to a land mine in Afghanistan, Cormoran Strike is barely scraping by as a private investigator. Strike is down to one client, and creditors are calling. He has also just broken up with his longtime girlfriend and is living in his office.Then John A BRILLIANT DEBUT MYSTERY IN A CLASSIC VEIN: DETECTIVE CORMORAN STRIKE INVESTIGATES A SUPERMODEL'S SUICIDE. After losing his leg to a land mine in Afghanistan, Cormoran Strike is barely scraping by as a private investigator. Strike is down to one client, and creditors are calling. He has also just broken up with his longtime girlfriend and is living in his office.Then John Bristow walks through his door with an amazing story: His sister, the legendary supermodel Lula Landry, known to her friends as the Cuckoo, famously fell to her death a few months earlier. The police ruled it a suicide, but John refuses to believe that. The case plunges Strike into the world of multimillionaire beauties, rock-star boyfriends, and desperate designers, and it introduces him to every variety of pleasure, enticement, seduction, and delusion known to man.You may think you know detectives, but you've never met one quite like Strike. You may think you know about the wealthy and famous, but you've never seen them under an investigation like this. Introducing Cormoran Strike, this is the acclaimed first crime novel by J.K. Rowling, writing under the pseudonym Robert Galbraith. ...more",https://books.toscrape.com/catalogue/the-cuckoos-calling-cormoran-strike-1_239/index.html
dabf11918b48b40c,The Da Vinci Code (Robert Langdon #2),Fiction,2,train,22.96,2,3,"An ingenious code hidden in the works of Leonardo da Vinci. A desperate race through the cathedrals and castles of Europe. An astonishing truth concealed for centuries . . . unveiled at last.While in Paris, Harvard symbologist Robert Langdon is awakened by a phone call in the dead of the night. The elderly curator of the Louvre has been murdered inside the museum, his body An ingenious code hidden in the works of Leonardo da Vinci. A desperate race through the cathedrals and castles of Europe. An astonishing truth concealed for centuries . . . unveiled at last.While in Paris, Harvard symbologist Robert Langdon is awakened by a phone call in the dead of the night. The elderly curator of the Louvre has been murdered inside the museum, his body covered in baffling symbols. As Langdon and gifted French cryptologist Sophie Neveu sort through the bizarre riddles, they are stunned to discover a trail of clues hidden in the works of Leonardo da Vinci—clues visible for all to see and yet ingeniously disguised by the painter.Even more startling, the late curator was involved in the Priory of Sion—a secret society whose members included Sir Isaac Newton, Victor Hugo, and Da Vinci—and he guarded a breathtaking historical secret. Unless Langdon and Neveu can decipher the labyrinthine puzzle—while avoiding the faceless adversary who shadows their every move—the explosive, ancient truth will be lost forever. ...more",https://books.toscrape.com/catalogue/the-da-vinci-code-robert-langdon-2_240/index.html
b7f475238ed50429,The Cat in the Hat (Beginner Books B-1),Childrens,0,test,16.26,2,3,"Join the Cat in the Hat as he makes learning to read a joy! It’s a rainy day and Dick and Sally can’t find anything to do . . . until the Cat in the Hat unexpectedly appears and turns their dreary afternoon into a fun-filled extravaganza! This beloved Beginner Book by Dr. Seuss, which also features timeless Dr. Seuss characters such as Fish and Thing 1 and Thing 2, is fun Join the Cat in the Hat as he makes learning to read a joy! It’s a rainy day and Dick and Sally can’t find anything to do . . . until the Cat in the Hat unexpectedly appears and turns their dreary afternoon into a fun-filled extravaganza! This beloved Beginner Book by Dr. Seuss, which also features timeless Dr. Seuss characters such as Fish and Thing 1 and Thing 2, is fun to read aloud and easy to read alone. Written using 236 different words that any first or second grader can read, it’s a fixture in home and school libraries and a favorite among parents, beginning readers, teachers, and librarians.Originally created by Dr. Seuss, Beginner Books encourage children to read all by themselves, with simple words and illustrations that give clues to their meaning. ...more",https://books.toscrape.com/catalogue/the-cat-in-the-hat-beginner-books-b-1_235/index.html
2858ac90c4758e1f,The Art of Fielding,Fiction,2,train,22.1,1,3,"At Westish College, a small school on the shore of Lake Michigan, baseball star Henry Skrimshander seems destined for big league stardom. But when a routine throw goes disastrously off course, the fates of five people are upended.Henry’s fight against self-doubt threatens to ruin his future. College president Guert Affenlight, a longtime bachelor, has fallen unexpectedly a At Westish College, a small school on the shore of Lake Michigan, baseball star Henry Skrimshander seems destined for big league stardom. But when a routine throw goes disastrously off course, the fates of five people are upended.Henry’s fight against self-doubt threatens to ruin his future. College president Guert Affenlight, a longtime bachelor, has fallen unexpectedly and helplessly in love. Owen Dunne, Henry’s gay roommate and teammate, becomes caught up in a dangerous affair. Mike Schwartz, the Harpooners’ team captain and Henry's best friend, realizes he has guided Henry’s career at the expense of his own. And Pella Affenlight, Guert’s daughter, returns to Westish after escaping an ill-fated marriage, determined to start a new life.As the season counts down to its climactic final game, these five are forced to confront their deepest hopes, anxieties, and secrets. In the process they forge new bonds, and help one another find their true paths. Written with boundless intelligence and filled with the tenderness of youth, The Art of Fielding is an expansive, warmhearted novel about ambition and its limits, about family and friendship and love, and about commitment—to oneself and to others. ...more",https://books.toscrape.com/catalogue/the-art-of-fielding_228/index.html
311634df10651e05,"The Art of Simple Food: Notes, Lessons, and Recipes from a Delicious Revolution",Food and Drink,3,train,34.32,3,3,"Perhaps more responsible than anyone for the revolution in the way we eat, cook, and think about food, Alice Waters has “single-handedly chang[ed] the American palate” according to the New York Times. Her simple but inventive dishes focus on a passion for flavor and a reverence for locally produced, seasonal foods.With an essential repertoire of timeless, approachable reci Perhaps more responsible than anyone for the revolution in the way we eat, cook, and think about food, Alice Waters has “single-handedly chang[ed] the American palate” according to the New York Times. Her simple but inventive dishes focus on a passion for flavor and a reverence for locally produced, seasonal foods.With an essential repertoire of timeless, approachable recipes chosen to enhance and showcase great ingredients, The Art of Simple Food is an indispensable resource for home cooks. Here you will find Alice’s philosophy on everything from stocking your kitchen, to mastering fundamentals and preparing delicious, seasonal inspired meals all year long. Always true to her philosophy that a perfect meal is one that’s balanced in texture, color, and flavor, Waters helps us embrace the seasons’ bounty and make the best choices when selecting ingredients. Fill your market basket with pristine produce, healthful grains, and responsibly raised meat, poultry, and seafood, then embark on a voyage of culinary rediscovery that reminds us that the most gratifying dish is often the least complex. ...more",https://books.toscrape.com/catalogue/the-art-of-simple-food-notes-lessons-and-recipes-from-a-delicious-revolution_229/index.html
a11ae5f07572ef49,Stiff: The Curious Lives of Human Cadavers,Nonfiction,6,train,36.74,3,3,"Stiff is an oddly compelling, often hilarious exploration of the strange lives of our bodies postmortem. For two thousand years, cadavers—some willingly, some unwittingly—have been involved in science's boldest strides and weirdest undertakings. In this fascinating account, Mary Roach visits the good deeds of cadavers over the centuries and tells the engrossing story of ou Stiff is an oddly compelling, often hilarious exploration of the strange lives of our bodies postmortem. For two thousand years, cadavers—some willingly, some unwittingly—have been involved in science's boldest strides and weirdest undertakings. In this fascinating account, Mary Roach visits the good deeds of cadavers over the centuries and tells the engrossing story of our bodies when we are no longer with them. ...more",https://books.toscrape.com/catalogue/stiff-the-curious-lives-of-human-cadavers_226/index.html
f08667e4c0458f37,Spilled Milk: Based on a True Story,Nonfiction,6,train,49.51,1,3,"Brooke Nolan is a battered child who makes an anonymous phone call about the escalating brutality in her home. When social services jeopardize her safety condemning her to keep her father’s secret, it’s a glass of spilled milk at the dinner table that forces her to speak about the cruelty she’s been hiding. In her pursuit for safety and justice Brooke battles a broken syst Brooke Nolan is a battered child who makes an anonymous phone call about the escalating brutality in her home. When social services jeopardize her safety condemning her to keep her father’s secret, it’s a glass of spilled milk at the dinner table that forces her to speak about the cruelty she’s been hiding. In her pursuit for safety and justice Brooke battles a broken system that pushes to keep her father in the home. When jury members and a love interest congregate to inspire her to fight, she risks losing the support of family and comes to the realization that some people simply do not want to be saved. Spilled Milk is a novel of shocking narrative, triumph and resiliency. ...more",https://books.toscrape.com/catalogue/spilled-milk-based-on-a-true-story_225/index.html
feaaae90514eb2ac,Soldier (Talon #3),Fantasy,1,train,24.72,2,3,"The price of freedom is everything.When forced to choose between safety with the dragon organization Talon and being hunted forever as an outcast, Ember Hill chose to stand with Riley and his band of rogue dragons rather than become an assassin for Talon. She’s lost any contact with her twin brother, Dante, a Talon devotee, as well as Garret, the former-enemy soldier who c The price of freedom is everything.When forced to choose between safety with the dragon organization Talon and being hunted forever as an outcast, Ember Hill chose to stand with Riley and his band of rogue dragons rather than become an assassin for Talon. She’s lost any contact with her twin brother, Dante, a Talon devotee, as well as Garret, the former-enemy soldier who challenged her beliefs about her human side.As Ember and Riley hide and regroup to fight another day, Garret journeys alone to the United Kingdom, birthplace of the ancient and secret Order of St. George, to spy on his former brothers and uncover deadly and shocking secrets that will shake the foundations of dragons and dragonslayers alike and place them all in imminent danger as Talon’s new order rises. ...more",https://books.toscrape.com/catalogue/soldier-talon-3_222/index.html
510832818edb6fbc,Scarlet (The Lunar Chronicles #2),Young Adult,9,train,14.57,4,3,"Cinder, the cyborg mechanic, returns in the second thrilling installment of the bestselling Lunar Chronicles. She’s trying to break out of prison—even though if she succeeds, she’ll be the Commonwealth’s most wanted fugitive. Halfway around the world, Scarlet Benoit’s grandmother is missing. It turns out there are many things Scarlet doesn’t know about her grandmother or t Cinder, the cyborg mechanic, returns in the second thrilling installment of the bestselling Lunar Chronicles. She’s trying to break out of prison—even though if she succeeds, she’ll be the Commonwealth’s most wanted fugitive. Halfway around the world, Scarlet Benoit’s grandmother is missing. It turns out there are many things Scarlet doesn’t know about her grandmother or the grave danger she has lived in her whole life. When Scarlet encounters Wolf, a street fighter who may have information as to her grandmother’s whereabouts, she is loath to trust this stranger, but is inexplicably drawn to him, and he to her. As Scarlet and Wolf unravel one mystery, they encounter another when they meet Cinder. Now, all of them must stay one step ahead of the vicious Lunar Queen Levana, who will do anything for the handsome Prince Kai to become her husband, her king, her prisoner. ...more",https://books.toscrape.com/catalogue/scarlet-the-lunar-chronicles-2_218/index.html
7b870bf85d01c2dc,"Saga, Volume 3 (Saga (Collected Editions) #3)",Sequential Art,8,test,21.57,5,3,"From the Hugo Award-winning duo of Brian K. Vaughan (The Private Eye, Y: The Last Man) and Fiona Staples (North 40, Red Sonja), Saga is the sweeping tale of one young family fighting to find their place in the universe. Searching for their literary hero, new parents Marko and Alana travel to a cosmic lighthouse on the planet Quietus, while the couple's multiple pursuers fi From the Hugo Award-winning duo of Brian K. Vaughan (The Private Eye, Y: The Last Man) and Fiona Staples (North 40, Red Sonja), Saga is the sweeping tale of one young family fighting to find their place in the universe. Searching for their literary hero, new parents Marko and Alana travel to a cosmic lighthouse on the planet Quietus, while the couple's multiple pursuers finally close in on their targets.Collects issues 13-18. ...more",https://books.toscrape.com/catalogue/saga-volume-3-saga-collected-editions-3_216/index.html
89cad3f37c9ce226,"Rise of the Rocket Girls: The Women Who Propelled Us, from Missiles to the Moon to Mars",Nonfiction,6,train,41.67,4,3,"The riveting true story of the women who launched America into space.In the 1940s and 50s, when the newly minted Jet Propulsion Laboratory needed quick-thinking mathematicians to calculate velocities and plot trajectories, they didn't turn to male graduates. Rather, they recruited an elite group of young women who, with only pencil, paper, and mathematical prowess, transfo The riveting true story of the women who launched America into space.In the 1940s and 50s, when the newly minted Jet Propulsion Laboratory needed quick-thinking mathematicians to calculate velocities and plot trajectories, they didn't turn to male graduates. Rather, they recruited an elite group of young women who, with only pencil, paper, and mathematical prowess, transformed rocket design, helped bring about the first American satellites, and made the exploration of the solar system possible. For the first time, Rise of the Rocket Girls tells the stories of these women--known as ""human computers""--who broke the boundaries of both gender and science. Based on extensive research and interviews with all the living members of the team, Rise of the Rocket Girls offers a unique perspective on the role of women in science: both where we've been, and the far reaches of space to which we're heading. ...more",https://books.toscrape.com/catalogue/rise-of-the-rocket-girls-the-women-who-propelled-us-from-missiles-to-the-moon-to-mars_213/index.html
ecdf73ee66c33b17,Reservations for Two,Romance,7,train,11.1,3,3,"Widowers Maggie O’Brien and Carson Jennings are both on a journey to rediscover who they are. Maggie, an adventurous former pastor’s wife of thirty-nine years, hopes to find closure in the place she and her husband spent their honeymoon. Carson, a retired judge, is living his lifelong dream of traveling across the U.S. in his RV. When their paths cross in the tranquil sett Widowers Maggie O’Brien and Carson Jennings are both on a journey to rediscover who they are. Maggie, an adventurous former pastor’s wife of thirty-nine years, hopes to find closure in the place she and her husband spent their honeymoon. Carson, a retired judge, is living his lifelong dream of traveling across the U.S. in his RV. When their paths cross in the tranquil setting of Mason Springs, New Mexico, love is the last thing that either of them expects to find.When this mix matched pair comes together they find themselves in some hilarious and even precarious situations. As the romance begins to blossom they face many obstacles that threaten to tear them apart, and what Maggie discovers about herself in New Mexico will redefine her future and alienate one of her children. Will Carson and Maggie’s love for one another be strong enough to weather the storms or will their love for their children keep them apart? ...more",https://books.toscrape.com/catalogue/reservations-for-two_211/index.html
9707989a439757b4,Prodigy: The Graphic Novel (Legend: The Graphic Novel #2),Sequential Art,8,train,43.63,3,3,"The second book in the best-selling Legend trilogy comes to life in this vibrant graphic novel adaptation.After escaping from the Republic's stronghold, Day and June are on the run in Vegas when the country learns that their Elector Primo has died and his son has stepped in to take his place. They meet up with the rebel stronghold of the Patriots—a large organization strad The second book in the best-selling Legend trilogy comes to life in this vibrant graphic novel adaptation.After escaping from the Republic's stronghold, Day and June are on the run in Vegas when the country learns that their Elector Primo has died and his son has stepped in to take his place. They meet up with the rebel stronghold of the Patriots—a large organization straddling the line between the Republic and its warring neighbor, the Colonies—and learn about an assassination plot against the Elector. Using threats and blackmail to get what he wants, the Patriots' leader, Razor, convinces June to let herself be captured by Republic soldiers so she can win over the Elector and feed him a decoy assassination plan. But when June realizes that the new Elector is nothing like his father, she must work with Day to try to stop the Patriots' plot before Razor can fulfill his own devastating plans. ...more",https://books.toscrape.com/catalogue/prodigy-the-graphic-novel-legend-the-graphic-novel-2_207/index.html
4c8ece50736f9e88,Red: The True Story of Red Riding Hood,Childrens,0,train,28.54,3,3,"""Red is the most wonder-filled fairy tale of them all!”—Chris Grabenstein, New York Times Bestselling author of Escape from Mr. Lemoncello's Library. Red is not afraid of the big bad wolf.She’s not afraid of anything . . . except magic. But when Red’s granny falls ill, it seems that only magic can save her, and fearless Red is forced to confront her one weakness. With the ""Red is the most wonder-filled fairy tale of them all!”—Chris Grabenstein, New York Times Bestselling author of Escape from Mr. Lemoncello's Library. Red is not afraid of the big bad wolf. She’s not afraid of anything . . . except magic. But when Red’s granny falls ill, it seems that only magic can save her, and fearless Red is forced to confront her one weakness. With the help of a blond, porridge-sampling nuisance called Goldie, Red goes on a quest to cure Granny. Her journey takes her through dwarves’ caverns to a haunted well and a beast’s castle. All the while, Red and Goldie are followed by a wolf and a huntsman—two mortal enemies who seek the girls’ help to defeat each other. And one of them just might have the magical solution Red is looking for. . . . Liesl Shurtliff weaves a spellbinding tale, shining the spotlight on a beloved character from her award-winning debut, Rump.    And don't miss Jack: The True Story of Jack and the Beanstalk, ""a delightful story of family, perseverance and courage"" (Booklist).From the Hardcover edition. ...more",https://books.toscrape.com/catalogue/red-the-true-story-of-red-riding-hood_210/index.html
cb62418129b864a3,Persepolis: The Story of a Childhood (Persepolis #1-2),Sequential Art,8,train,39.13,1,3,"A New York Times Notable BookA Time Magazine “Best Comix of the Year”A San Francisco Chronicle and Los Angeles Times Best-sellerWise, funny, and heartbreaking, Persepolis is Marjane Satrapi’s memoir of growing up in Iran during the Islamic Revolution. In powerful black-and-white comic strip images, Satrapi tells the story of her life in Tehran from ages six to fourteen, ye A New York Times Notable BookA Time Magazine “Best Comix of the Year”A San Francisco Chronicle and Los Angeles Times Best-sellerWise, funny, and heartbreaking, Persepolis is Marjane Satrapi’s memoir of growing up in Iran during the Islamic Revolution. In powerful black-and-white comic strip images, Satrapi tells the story of her life in Tehran from ages six to fourteen, years that saw the overthrow of the Shah’s regime, the triumph of the Islamic Revolution, and the devastating effects of war with Iraq. The intelligent and outspoken only child of committed Marxists and the great-granddaughter of one of Iran’s last emperors, Marjane bears witness to a childhood uniquely entwined with the history of her country.Persepolis paints an unforgettable portrait of daily life in Iran and of the bewildering contradictions between home life and public life. Marjane’s child’s-eye view of dethroned emperors, state-sanctioned whippings, and heroes of the revolution allows us to learn as she does the history of this fascinating country and of her own extraordinary family. Intensely personal, profoundly political, and wholly original, Persepolis is at once a story of growing up and a reminder of the human cost of war and political repression. It shows how we carry on, with laughter and tears, in the face of absurdity. And, finally, it introduces us to an irresistible little girl with whom we cannot help but fall in love. ...more",https://books.toscrape.com/catalogue/persepolis-the-story-of-a-childhood-persepolis-1-2_206/index.html
c59283b05905c853,Original Fake,Sequential Art,8,train,31.45,3,3,"In this Banksy-inspired illustrated novel, an escalating sibling rivalry train wrecks and vengeance is a street-art act of warIntrovert Frankie Neumann hates his life, and understandably so. He’s got a weird, tutu-wearing sister, Lou, and even weirder parents, Bridget and Brett—Frank Sinatra and Dr. Frank-N-Furter impersonators, respectively. And, he’s just the guy who mak In this Banksy-inspired illustrated novel, an escalating sibling rivalry train wrecks and vengeance is a street-art act of warIntrovert Frankie Neumann hates his life, and understandably so. He’s got a weird, tutu-wearing sister, Lou, and even weirder parents, Bridget and Brett—Frank Sinatra and Dr. Frank-N-Furter impersonators, respectively. And, he’s just the guy who makes pizza at Pizza Vendetta. Though he has secret artistic aspirations of his own, his over-the-top family makes him want to stay in the background. But Frankie's life is about to change—becoming way more interesting, even a little dangerous, but definitely cool.After his shift at the pizzeria one night, Frankie meets David and Rory, cousins and errand runners for the mysterious Uncle Epic, a legendary anonymous street artist and Frankie’s absolute idol. Little could Frankie dream that his new adventures with Uncle Epic would lead to the perfect opportunity to strike back at his insufferable sister for a lifetime of torture. But things go haywire quicker than you can say “street art kicks righteous ass,” and the lines are suddenly blurred between art and Frankie’s real life. ...more",https://books.toscrape.com/catalogue/original-fake_203/index.html
09a7b0b566ad6225,Outliers: The Story of Success,Nonfiction,6,test,14.16,1,3,"In this stunning new book, Malcolm Gladwell takes us on an intellectual journey through the world of ""outliers""--the best and the brightest, the most famous and the most successful. He asks the question: what makes high-achievers different?His answer is that we pay too much attention to what successful people are like, and too little attention to where they are from: that In this stunning new book, Malcolm Gladwell takes us on an intellectual journey through the world of ""outliers""--the best and the brightest, the most famous and the most successful. He asks the question: what makes high-achievers different?His answer is that we pay too much attention to what successful people are like, and too little attention to where they are from: that is, their culture, their family, their generation, and the idiosyncratic experiences of their upbringing. Along the way he explains the secrets of software billionaires, what it takes to be a great soccer player, why Asians are good at math, and what made the Beatles the greatest rock band. ...more",https://books.toscrape.com/catalogue/outliers-the-story-of-success_204/index.html
c4d9fce9eff3b8ba,Night (The Night Trilogy #1),Nonfiction,6,train,13.51,1,3,"Night is a work by Elie Wiesel about his experience with his father in the Nazi German concentration camps at Auschwitz and Buchenwald in 1944–1945, at the height of the Holocaust and toward the end of the Second World War. In just over 100 pages of sparse and fragmented narrative, Wiesel writes about the death of God and his own increasing disgust with humanity, reflected Night is a work by Elie Wiesel about his experience with his father in the Nazi German concentration camps at Auschwitz and Buchenwald in 1944–1945, at the height of the Holocaust and toward the end of the Second World War. In just over 100 pages of sparse and fragmented narrative, Wiesel writes about the death of God and his own increasing disgust with humanity, reflected in the inversion of the father–child relationship as his father declines to a helpless state and Wiesel becomes his resentful teenage caregiver.Penetrating and powerful, as personal as The Diary Of Anne Frank, Night awakens the shocking memory of evil at its absolute and carries with it the unforgettable message that this horror must never be allowed to happen again. ...more",https://books.toscrape.com/catalogue/night-the-night-trilogy-1_199/index.html
cb65e49993db9a93,Notes from a Small Island (Notes From a Small Island #1),Nonfiction,6,train,40.17,1,3,"""Suddenly, in the space of a moment, I realized what it was that I loved about Britain-which is to say, all of it."" After nearly two decades spent on British soil, Bill Bryson - bestselling author of The Mother Tongue and Made in America-decided to return to the United States. (""I had recently read,"" Bryson writes, ""that 3.7 million Americans believed that they had been a ""Suddenly, in the space of a moment, I realized what it was that I loved about Britain-which is to say, all of it."" After nearly two decades spent on British soil, Bill Bryson - bestselling author of The Mother Tongue and Made in America-decided to return to the United States. (""I had recently read,"" Bryson writes, ""that 3.7 million Americans believed that they had been abducted by aliens at one time or another,so it was clear that my people needed me."") But before departing, he set out on a grand farewell tour of the green and kindly island that had so long been his home.Veering from the ludicrous to the endearing and back again, Notes from a Small Island is a delightfully irreverent jaunt around the unparalleled floating nation that has produced zebra crossings, Shakespeare, Twiggie Winkie's Farm, and places with names like Farleigh Wallop and Titsey. The result is an uproarious social commentary that conveys the true glory of Britain, from the satiric pen of an unapologetic Anglophile. ...more",https://books.toscrape.com/catalogue/notes-from-a-small-island-notes-from-a-small-island-1_200/index.html
7980fa06f2b704d8,"Miracles from Heaven: A Little Girl, Her Journey to Heaven, and Her Amazing Story of Healing",Nonfiction,6,train,57.83,1,3,"In a remarkable true story of faith and blessings, a mother tells of her sickly young daughter, how she survived a dangerous accident, her visit to Heaven and the inexplicable disappearance of the symptoms of her chronic disease.Annabel Beam spent most of her childhood in and out of hospitals with a rare and incurable digestive disorder that prevented her from ever living In a remarkable true story of faith and blessings, a mother tells of her sickly young daughter, how she survived a dangerous accident, her visit to Heaven and the inexplicable disappearance of the symptoms of her chronic disease.Annabel Beam spent most of her childhood in and out of hospitals with a rare and incurable digestive disorder that prevented her from ever living a normal, healthy life. One sunny day when she was able to go outside and play with her sisters, she fell three stories headfirst inside an old, hollowed-out tree, a fall that may well have caused death or paralysis. Implausibly, she survived without a scratch. While unconscious inside the tree, with rescue workers struggling to get to her, she visited heaven. After being released from the hospital, she defied science and was inexplicably cured of her chronic ailment. MIRACLES FROM HEAVEN will change how we look at the world around us and reinforce our belief in God and the afterlife. ...more",https://books.toscrape.com/catalogue/miracles-from-heaven-a-little-girl-her-journey-to-heaven-and-her-amazing-story-of-healing_195/index.html
e9056f9b5a40a301,Midnight Riot (Peter Grant/ Rivers of London - books #1),Fantasy,1,train,55.46,2,3,"Probationary Constable Peter Grant dreams of being a detective in London's Metropolitan Police. Too bad his superior plans to assign him to the Case Progression Unit, where the biggest threat he'll face is a paper cut. But Peter's prospects change in the aftermath of a puzzling murder, when he gains exclusive information from an eyewitness who happens to be a ghost. Peter' Probationary Constable Peter Grant dreams of being a detective in London's Metropolitan Police. Too bad his superior plans to assign him to the Case Progression Unit, where the biggest threat he'll face is a paper cut. But Peter's prospects change in the aftermath of a puzzling murder, when he gains exclusive information from an eyewitness who happens to be a ghost. Peter's ability to speak with the lingering dead brings him to the attention of Detective Chief Inspector Thomas Nightingale, who investigates crimes involving magic and other manifestations of the uncanny. Now, as a wave of brutal and bizarre murders engulfs the city, Peter is plunged into a world where gods and goddesses mingle with mortals and long-dead evil is making a comeback on a rising tide of magic. ...more",https://books.toscrape.com/catalogue/midnight-riot-peter-grant-rivers-of-london-books-1_194/index.html
4ef75307fb64e2ad,Lila (Gilead #3),Fiction,2,train,12.47,3,3,"Marilynne Robinson, one of the greatest novelists of our time, returns to the town of Gilead in an unforgettable story of a girlhood lived on the fringes of society in fear, awe, and wonder.Lila, homeless and alone after years of roaming the countryside, steps inside a small-town Iowa church—the only available shelter from the rain—and ignites a romance and a debate that w Marilynne Robinson, one of the greatest novelists of our time, returns to the town of Gilead in an unforgettable story of a girlhood lived on the fringes of society in fear, awe, and wonder.Lila, homeless and alone after years of roaming the countryside, steps inside a small-town Iowa church—the only available shelter from the rain—and ignites a romance and a debate that will reshape her life. She becomes the wife of a minister, John Ames, and begins a new existence while trying to make sense of the days of suffering that preceded her newfound security.Neglected as a toddler, Lila was rescued by Doll, a canny young drifter, and brought up by her in a hardscrabble childhood. Together they crafted a life on the run, living hand-to-mouth with nothing but their sisterly bond and a ragged blade to protect them. But despite bouts of petty violence and moments of desperation, their shared life is laced with moments of joy and love. When Lila arrives in Gilead, she struggles to harmonize the life of her makeshift family and their days of hardship with the gentle Christian worldview of her husband that paradoxically judges those she loves.Revisiting the beloved characters and setting of Marilynne Robinson’s Pulitzer Prize-winning Gilead and Home, a National Book Award Finalist, Lila is a moving expression of the mysteries of existence that is destined to become an American classic. ...more",https://books.toscrape.com/catalogue/lila-gilead-3_190/index.html
1de75f05d57bfc10,Letter to a Christian Nation,Nonfiction,6,test,22.2,1,3,"In response to The End of Faith, Sam Harris received thousands of letters from Christians excoriating him for not believing in God. Letter to A Christian Nation is his reply. Using rational argument, Harris offers a measured refutation of the beliefs that form the core of fundamentalist Christianity. In the course of his argument, he addresses current topics ranging from i In response to The End of Faith, Sam Harris received thousands of letters from Christians excoriating him for not believing in God. Letter to A Christian Nation is his reply. Using rational argument, Harris offers a measured refutation of the beliefs that form the core of fundamentalist Christianity. In the course of his argument, he addresses current topics ranging from intelligent design and stem-cell research to the connections between religion and violence. In Letter to a Christian Nation, Sam Harris boldly challenges the influence that faith has on public life in our nation. ...more",https://books.toscrape.com/catalogue/letter-to-a-christian-nation_186/index.html
0ce8075fab4a2b5b,Legend (Legend #1),Young Adult,9,train,43.69,4,3,"There is an alternate cover edition for this ISBN13 here.What was once the western United States is now home to the Republic, a nation perpetually at war with its neighbors. Born into an elite family in one of the Republic's wealthiest districts, fifteen-year-old June is a prodigy being groomed for success in the Republic's highest military circles. Born into the slums, fi There is an alternate cover edition for this ISBN13 here.What was once the western United States is now home to the Republic, a nation perpetually at war with its neighbors. Born into an elite family in one of the Republic's wealthiest districts, fifteen-year-old June is a prodigy being groomed for success in the Republic's highest military circles. Born into the slums, fifteen-year-old Day is the country's most wanted criminal. But his motives may not be as malicious as they seem.From very different worlds, June and Day have no reason to cross paths—until the day June's brother, Metias, is murdered and Day becomes the prime suspect. Caught in the ultimate game of cat and mouse, Day is in a race for his family's survival, while June seeks to avenge Metias's death. But in a shocking turn of events, the two uncover the truth of what has really brought them together, and the sinister lengths their country will go to keep its secrets. ...more",https://books.toscrape.com/catalogue/legend-legend-1_184/index.html
1246e4ffeb5ac4ea,Let's Pretend This Never Happened: A Mostly True Memoir,Nonfiction,6,train,45.11,1,3,"For fans of Tina Fey and David Sedaris—Internet star Jenny Lawson, aka The Bloggess, makes her literary debut. Jenny Lawson realized that the most mortifying moments of our lives—the ones we’d like to pretend never happened—are in fact the ones that define us. In the #1 New York Times bestseller, Let’s Pretend This Never Happened, Lawson takes readers on a hilarious journ For fans of Tina Fey and David Sedaris—Internet star Jenny Lawson, aka The Bloggess, makes her literary debut.   Jenny Lawson realized that the most mortifying moments of our lives—the ones we’d like to pretend never happened—are in fact the ones that define us. In the #1 New York Times bestseller, Let’s Pretend This Never Happened, Lawson takes readers on a hilarious journey recalling her bizarre upbringing in rural Texas, her devastatingly awkward high school years, and her relationship with her long-suffering husband, Victor. Chapters include: “Stanley the Magical, Talking Squirrel”; “A Series of Angry Post-It Notes to My Husband”; “My Vagina Is Fine. Thanks for Asking”; “And Then I Snuck a Dead Cuban Alligator on an Airplane.” Pictures with captions (no one would believe these things without proof) accompany the text. ...more",https://books.toscrape.com/catalogue/lets-pretend-this-never-happened-a-mostly-true-memoir_185/index.html
16e843e6b853cc2f,Lady Renegades (Rebel Belle #3),Young Adult,9,train,53.04,5,3,"Just as Harper Price starts coming to terms with her role as David Stark’s battle-ready Paladin, protector, and girlfriend—her world goes crazy all over again.Overwhelmed by his Oracle powers, David flees Pine Grove and starts turning teenage girls into Paladins—and these young ladies seem to think that Harper is the enemy David needs protecting from. Ordinarily, Harper wo Just as Harper Price starts coming to terms with her role as David Stark’s battle-ready Paladin, protector, and girlfriend—her world goes crazy all over again.Overwhelmed by his Oracle powers, David flees Pine Grove and starts turning teenage girls into Paladins—and these young ladies seem to think that Harper is the enemy David needs protecting from.  Ordinarily, Harper would be able to fight off any Paladin who comes her way, but her powers have been dwindling since David left town…which means her life is on the line yet again.New York Times bestselling author Rachel Hawkins brings the fun once again in the finale of this pitch-perfect romantic paranormal comedy series. ...more",https://books.toscrape.com/catalogue/lady-renegades-rebel-belle-3_181/index.html
a0dd11f6abc421ec,Jurassic Park (Jurassic Park #1),Fiction,2,train,44.97,1,3,"A billionaire has created a technique to clone dinosaurs. From the DNA that his crack team of scientists extract, he is able to grow the dinosaurs in his laboratories and lock them away on an island behind electric fences, creating a sort of theme park. He asks a group of scientists from several different fields to come and view the park, but something goes terribly wrong A billionaire has created a technique to clone dinosaurs. From the DNA that his crack team of scientists extract, he is able to grow the dinosaurs in his laboratories and lock them away on an island behind electric fences, creating a sort of theme park. He asks a group of scientists from several different fields to come and view the park, but something goes terribly wrong when a worker on the island turns traitor and shuts down the power.Cover illustration by Chip Kidd. ...more",https://books.toscrape.com/catalogue/jurassic-park-jurassic-park-1_180/index.html
d4a29356fc992879,It's Never Too Late to Begin Again: Discovering Creativity and Meaning at Midlife and Beyond,Nonfiction,6,train,42.38,1,3,"“The book you hold in your hands is the distillate of a quarter century’s teaching. It is my attempt to answer, ‘What next?’ for students who are embarking on their ‘second act.’”—Julia Cameron Julia Cameron has inspired millions with her bestseller on creativity,The Artist’s Way. InIt’s Never Too Late To Begin Again,she turns her eye to a segment of the population that, “The book you hold in your hands is the distillate of a quarter century’s teaching. It is my attempt to answer, ‘What next?’ for students who are embarking on their ‘second act.’”—Julia Cameron   Julia Cameron has inspired millions with her bestseller on creativity, The Artist’s Way. In It’s Never Too Late To Begin Again, she turns her eye to a segment of the population that, ironically, while they have more time to be creative, are often reluctant or intimidated by the creative process. Cameron shows readers that retirement can, in fact, be the most rich, fulfilling, and creative time of their lives. When someone retires, the newfound freedom can be quite exciting, but also daunting. The life that someone had has changed, and the life to come is yet to be defined. In this book, Cameron shows readers how cultivating their creative selves can help them navigate this new terrain. She tells the inspiring stories of retirees who discovered new artistic pursuits and passions that more than filled their days—they nurtured their souls.   A twelve-week course aimed at defining—and creating—the life you want to have as you redefine—and re-create—yourself, this book includes simple tools that will guide and inspire you to make the most of this time in your life: -  Memoir writing offers an opportunity to reflect on—and honor—past experience. This book guides you through the daunting task of writing an entire memoir, breaking it down into manageable pieces.  -  Morning Pages—private, stream-of-consciousness writing done daily—allow you to express wishes, fears, delights, resentments, and joys, which in turn, provide focus and clarity for the day at hand. -  Artist Dates encourage fun and spontaneity. -  Solo Walks quell anxiety and clear the mind.This fun, gentle, step-by-step process will help you explore your creative dreams, wishes, and desires—and help you quickly find that it’s never too late to begin again. ...more",https://books.toscrape.com/catalogue/its-never-too-late-to-begin-again-discovering-creativity-and-meaning-at-midlife-and-beyond_179/index.html
a7c3f1010d64799a,Into the Wild,Nonfiction,6,test,56.7,5,3,"In April 1992 a young man from a well-to-do family hitchhiked to Alaska and walked alone into the wilderness north of Mt. McKinley. His name was Christopher Johnson McCandless. He had given $25,000 in savings to charity, abandoned his car and most of his possessions, burned all the cash in his wallet, and invented a new life for himself. Four months later, his decomposed b In April 1992 a young man from a well-to-do family hitchhiked to Alaska and walked alone into the wilderness north of Mt. McKinley. His name was Christopher Johnson McCandless. He had given $25,000 in savings to charity, abandoned his car and most of his possessions, burned all the cash in his wallet, and invented a new life for himself. Four months later, his decomposed body was found by a party of moose hunters. How McCandless came to die is the unforgettable story of Into the Wild.Immediately after graduating from college in 1991, McCandless had roamed through the West and Southwest on a vision quest like those made by his heroes Jack London and John Muir. In the Mojave Desert he abandoned his car, stripped it of its license plates, and burned all of his cash. He would give himself a new name, Alexander Supertramp, and , unencumbered by money and belongings, he would be free to wallow in the raw, unfiltered experiences that nature presented. Craving a blank spot on the map, McCandless simply threw the maps away. Leaving behind his desperate parents and sister, he vanished into the wild. ...more",https://books.toscrape.com/catalogue/into-the-wild_177/index.html
6c4646d90b60a56c,Inferno (Robert Langdon #4),Fiction,2,test,41.0,5,3,"In his international blockbusters The Da Vinci Code, Angels & Demons, and The Lost Symbol, Dan Brown masterfully fused history, art, codes, and symbols. In this riveting new thriller, Brown returns to his element and has crafted his highest-stakes novel to date.In the heart of Italy, Harvard professor of symbology Robert Langdon is drawn into a harrowing world centered In his international blockbusters The Da Vinci Code, Angels & Demons, and The Lost Symbol, Dan Brown masterfully fused history, art, codes, and symbols. In this riveting new thriller, Brown returns to his element and has crafted his highest-stakes novel to date.In the heart of Italy, Harvard professor of symbology Robert Langdon is drawn into a harrowing world centered on one of history’s most enduring and mysterious literary masterpieces . . . Dante’s Inferno.Against this backdrop, Langdon battles a chilling adversary and grapples with an ingenious riddle that pulls him into a landscape of classic art, secret passageways, and futuristic science. Drawing from Dante’s dark epic poem, Langdon races to find answers and decide whom to trust . . . before the world is irrevocably altered. ...more",https://books.toscrape.com/catalogue/inferno-robert-langdon-4_176/index.html
d8292cd5f1aca291,"In the Garden of Beasts: Love, Terror, and an American Family in Hitler's Berlin",Nonfiction,6,train,28.85,3,3,"The time is 1933, the place, Berlin, when William E. Dodd becomes America’s first ambassador to Hitler’s Germany in a year that proved to be a turning point in history.A mild-mannered professor from Chicago, Dodd brings along his wife, son, and flamboyant daughter, Martha. At first Martha is entranced by the parties and pomp, and the handsome young men of the Third Reich w The time is 1933, the place, Berlin, when William E. Dodd becomes America’s first ambassador to Hitler’s Germany in a year that proved to be a turning point in history. A mild-mannered professor from Chicago, Dodd brings along his wife, son, and flamboyant daughter, Martha. At first Martha is entranced by the parties and pomp, and the handsome young men of the Third Reich with their infectious enthusiasm for restoring Germany to a position of world prominence. Enamored of the “New Germany,” she has one affair after another, including with the suprisingly honorable first chief of the Gestapo, Rudolf Diels. But as evidence of Jewish persecution mounts, confirmed by chilling first-person testimony, her father telegraphs his concerns to a largely indifferent State Department back home. Dodd watches with alarm as Jews are attacked, the press is censored, and drafts of frightening new laws begin to circulate. As that first year unfolds and the shadows deepen, the Dodds experience days full of excitement, intrigue, romance—and ultimately, horror, when a climactic spasm of violence and murder reveals Hitler’s true character and ruthless ambition. Suffused with the tense atmosphere of the period, and with unforgettable portraits of the bizarre Göring and the expectedly charming--yet wholly sinister--Goebbels, In the Garden of Beasts lends a stunning, eyewitness perspective on events as they unfold in real time, revealing an era of surprising nuance and complexity. The result is a dazzling, addictively readable work that speaks volumes about why the world did not recognize the grave threat posed by Hitler until Berlin, and Europe, were awash in blood and terror. ...more",https://books.toscrape.com/catalogue/in-the-garden-of-beasts-love-terror-and-an-american-family-in-hitlers-berlin_175/index.html
8010c7c148057fd3,I Am Malala: The Girl Who Stood Up for Education and Was Shot by the Taliban,Nonfiction,6,train,28.88,2,3,"I come from a country that was created at midnight. When I almost died it was just after midday.When the Taliban took control of the Swat Valley in Pakistan, one girl spoke out. Malala Yousafzai refused to be silenced and fought for her right to an education.On Tuesday, October 9, 2012, when she was fifteen, she almost paid the ultimate price. She was shot in the head at p I come from a country that was created at midnight. When I almost died it was just after midday.When the Taliban took control of the Swat Valley in Pakistan, one girl spoke out. Malala Yousafzai refused to be silenced and fought for her right to an education.On Tuesday, October 9, 2012, when she was fifteen, she almost paid the ultimate price. She was shot in the head at point-blank range while riding the bus home from school, and few expected her to survive. Instead, Malala's miraculous recovery has taken her on an extraordinary journey from a remote valley in northern Pakistan to the halls of the United Nations in New York. At sixteen, she has become a global symbol of peaceful protest and the youngest-ever Nobel Peace Prize laureate.I Am Malala is the remarkable tale of a family uprooted by global terrorism, of the fight for girls' education, of a father who, himself a school owner, championed and encouraged his daughter to write and attend school, and of brave parents who have a fierce love for their daughter in a society that prizes sons.I Am Malala will make you believe in the power of one person's voice to inspire change in the world. ...more",https://books.toscrape.com/catalogue/i-am-malala-the-girl-who-stood-up-for-education-and-was-shot-by-the-taliban_172/index.html
6c4d17a46cac8787,Hungry Girl Clean & Hungry: Easy All-Natural Recipes for Healthy Eating in the Real World,Food and Drink,3,train,33.14,3,3,"The instant New York Times and USA Today bestsellerHungry Girl Clean & Hungry: Healthy Recipes for Clean Eating in the Real WorldComplete with full-color photos of EVERY recipe, Hungry Girl Clean & Hungry combines the best of Hungry Girl with the best of clean eating. The food is still guilt-free, and the portions are still huge...but now Lisa Lillien is highlighti The instant New York Times and USA Today bestsellerHungry Girl Clean & Hungry: Healthy Recipes for Clean Eating in the Real WorldComplete with full-color photos of EVERY recipe, Hungry Girl Clean & Hungry combines the best of Hungry Girl with the best of clean eating. The food is still guilt-free, and the portions are still huge...but now Lisa Lillien is highlighting CLEAN ingredients and doing away with artificial and processed foods. This book gives mainstream America delicious, satisfying, and clean recipes, using healthy ingredients found in supermarkets everywhere. The best part? The recipes are so easy, anyone can make 'em!Featuring...90 vegetarian recipes108 gluten-free recipes56 recipes in 30 minutes or less43 recipes with 5 ingredients or lessRecipes like...PB&J Waffles (203 calories)BBQ Meatloaf (196 calories)Hawaiian Shrimp Fried Rice with Pineapple (229 calories)Fudgy Flourless Chocolate Cake (100 calories)Finally... a real-world (and DELICIOUS) approach to clean eating! ...more",https://books.toscrape.com/catalogue/hungry-girl-clean-hungry-easy-all-natural-recipes-for-healthy-eating-in-the-real-world_171/index.html
cc1ac978a6835ef6,Horrible Bear!,Childrens,0,train,37.52,2,3,"The New York Times-bestselling duo behind Wolfie the Bunny presents a hilarious new book about accidents, outbursts, manners...and the power of saying ""I'm sorry.""Bear didn't mean to break a little girl's kite, but she's upset anyway--upset enough to shout ""HORRIBLE BEAR!"" Bear is indignant. He doesn't think he's horrible! Then Bear gets a truly Horrible Bear idea. What The New York Times-bestselling duo behind Wolfie the Bunny presents a hilarious new book about accidents, outbursts, manners...and the power of saying ""I'm sorry.""Bear didn't mean to break a little girl's kite, but she's upset anyway--upset enough to shout ""HORRIBLE BEAR!"" Bear is indignant. He doesn't think he's horrible! Then Bear gets a truly Horrible Bear idea. What will he do next? As Bear prepares to live up to his formerly undeserved reputation, the girl makes a mistake of her own, and realizes that maybe--just maybe--Bear isn't as horrible as she had thought. ...more",https://books.toscrape.com/catalogue/horrible-bear_168/index.html
b003f8bb02f76dc5,Heir to the Sky,Fantasy,1,train,44.07,4,3,"As heir to a kingdom of floating continents, Kali has spent her life bound by limits—by her duties as a member of the royal family, by a forced betrothal to the son of a nobleman, and by the edge of the only world she’s ever known—a small island hovering above a monster-ridden earth, long since uninhabited by humans. She is the Eternal Flame of Hope for what’s left of mank As heir to a kingdom of floating continents, Kali has spent her life bound by limits—by her duties as a member of the royal family, by a forced betrothal to the son of a nobleman, and by the edge of the only world she’s ever known—a small island hovering above a monster-ridden earth, long since uninhabited by humans. She is the Eternal Flame of Hope for what’s left of mankind, the wick and the wax burning in service for her people, and for their revered Phoenix, whose magic keeps them aloft.When Kali falls off the edge of her kingdom and miraculously survives, she is shocked to discover there are still humans on the earth. Determined to get home, Kali entrusts a rugged monster-hunter named Griffin to guide her across a world overrun by chimera, storm dragons, basilisks, and other terrifying beasts. But the more time she spends on earth, the more dark truths she begins to uncover about her home in the sky, and the more resolute she is to start burning for herself. ...more",https://books.toscrape.com/catalogue/heir-to-the-sky_166/index.html
621e2c310cec8d32,Green Eggs and Ham (Beginner Books B-16),Childrens,0,train,10.79,4,3,"“Do you like green eggs and ham?” asks Sam-I-am in this Beginner Book by Dr. Seuss. In a house or with a mouse? In a boat or with a goat? On a train or in a tree? Sam keeps asking persistently. With unmistakable characters and signature rhymes, Dr. Seuss’s beloved favorite has cemented its place as a children’s classic. In this most famous of cumulative tales, the list of “Do you like green eggs and ham?” asks Sam-I-am in this Beginner Book by Dr. Seuss. In a house or with a mouse? In a boat or with a goat? On a train or in a tree? Sam keeps asking persistently. With unmistakable characters and signature rhymes, Dr. Seuss’s beloved favorite has cemented its place as a children’s classic. In this most famous of cumulative tales, the list of places to enjoy green eggs and ham, and friends to enjoy them with, gets longer and longer. Follow Sam-I-am as he insists that this unusual treat is indeed a delectable snack to be savored everywhere and in every way. Originally created by Dr. Seuss, Beginner Books encourage children to read all by themselves, with simple words and illustrations that give clues to their meaning. ...more",https://books.toscrape.com/catalogue/green-eggs-and-ham-beginner-books-b-16_165/index.html
4f6985aca357ae09,"Grayson, Vol 3: Nemesis (Grayson #3)",Sequential Art,8,train,42.72,1,3,"In this collection, Grayson faces some of his most difficult challenges! Not only must he take on Lex Luthor, and risks losing his position with Spyral, but Dick finds that in order to save Agent 1 he must face off with... himself! And who is the mysterious shadow leader behind Spyral, and what does he want with Dick? The super-spy finds himself in a clandestine hunt for t In this collection, Grayson faces some of his most difficult challenges! Not only must he take on Lex Luthor, and risks losing his position with Spyral, but Dick finds that in order to save Agent 1 he must face off with... himself! And who is the mysterious shadow leader behind Spyral, and what does he want with Dick? The super-spy finds himself in a clandestine hunt for the true identity of Agent Zero!Collecting Grayson 10-14 ...more",https://books.toscrape.com/catalogue/grayson-vol-3-nemesis-grayson-3_164/index.html
c300cc9326592b65,Gratitude,Nonfiction,6,test,26.66,5,3,"A deeply moving testimony and celebration of how to embrace life.In January 2015, Oliver Sacks was diagnosed with a recurrence of cancer, and he shared this news in a New York Times essay that inspired readers all over the world: ""I cannot pretend I am without fear. But my predominant feeling is one of gratitude.... Above all, I have been a sentient being, a thinking anima A deeply moving testimony and celebration of how to embrace life.In January 2015, Oliver Sacks was diagnosed with a recurrence of cancer, and he shared this news in a New York Times essay that inspired readers all over the world: ""I cannot pretend I am without fear. But my predominant feeling is one of gratitude.... Above all, I have been a sentient being, a thinking animal, on this beautiful planet, and that in itself has been an enormous privilege and adventure.""Gratitude consists of four essays that originally appeared in The New York Times, accompanied by a foreword that describes the occasion of each chapter. The foreword is written by Billy Hayes, Oliver Sacks's partner, and Kate Edgar, his long time collaborator. ...more",https://books.toscrape.com/catalogue/gratitude_163/index.html
984b3b6e7479b571,Golden (Heart of Dread #3),Young Adult,9,train,42.21,4,3,"The action-packed finale to the Heart of Dread seriesIn this epic conclusion to the trilogy, Nat and Wes go on a journey to find the Rift, save the source of magic and defeat the Drau, the pirates, and the RSA—but at a great sacrifice. Wes is dying, and as he's rotting the Drau will let the rot ""cleanse"" the source of magic, dooming Wes forever. Nat and Wes discover that t The action-packed finale to the Heart of Dread seriesIn this epic conclusion to the trilogy, Nat and Wes go on a journey to find the Rift, save the source of magic and defeat the Drau, the pirates, and the RSA—but at a great sacrifice. Wes is dying, and as he's rotting the Drau will let the rot ""cleanse"" the source of magic, dooming Wes forever. Nat and Wes discover that the source of the magic lies in the Drakon—the key to the Blue, the protector, the soul of the world. But in order to close the Rift, a great sacrifice is needed. In the words of the sylphs, death is life, and now the worlds can be reborn again.   ...more",https://books.toscrape.com/catalogue/golden-heart-of-dread-3_161/index.html
41fc5dce044f16f5,Girl in the Blue Coat,Historical Fiction,4,test,46.83,2,3,"Amsterdam, 1943. Hanneke spends her days finding and delivering sought-after black market goods to paying customers, nights hiding the true nature of her work from her concerned parents, and every waking moment mourning her boyfriend, who was killed on the Dutch front lines when the German army invaded. Her illegal work keeps her family afloat, and Hanneke also likes to th Amsterdam, 1943. Hanneke spends her days finding and delivering sought-after black market goods to paying customers, nights hiding the true nature of her work from her concerned parents, and every waking moment mourning her boyfriend, who was killed on the Dutch front lines when the German army invaded. Her illegal work keeps her family afloat, and Hanneke also likes to think of it as a small act of rebellion against the Nazis.On a routine delivery, a client asks Hanneke for help. Expecting to hear that Mrs. Janssen wants meat or kerosene, Hanneke is shocked by the older woman’s frantic plea to find a person: a Jewish teenager Mrs. Janssen had been hiding, who has vanished without a trace from a secret room. Hanneke initially wants nothing to do with such a dangerous task but is ultimately drawn into a web of mysteries and stunning revelations—where the only way out is through.Beautifully written, intricately plotted, and meticulously researched, Girl in the Blue Coat is an extraordinary, unforgettable story of bravery, grief, and love in impossible times. ...more",https://books.toscrape.com/catalogue/girl-in-the-blue-coat_160/index.html
d5f5a122a593b580,"Fruits Basket, Vol. 3 (Fruits Basket #3)",Sequential Art,8,train,45.17,2,3,"A family with an ancient curse...And the girl who will change their lives forever...It's Valentines Day and you know what that means - lots of chocolates for the cutest boys at school! In this case, it's a pretty close tie between hot-headed Kyo Sohma and ""Prince Charming"" Yuki Sohma. Of course the kind-hearted Tohru, guest of the Sohma family, has chocolates for everyone! A family with an ancient curse...And the girl who will change their lives forever...It's Valentines Day and you know what that means - lots of chocolates for the cutest boys at school! In this case, it's a pretty close tie between hot-headed Kyo Sohma and ""Prince Charming"" Yuki Sohma. Of course the kind-hearted Tohru, guest of the Sohma family, has chocolates for everyone! But when White Day comes around, what will the Sohma family give her in return? ...more",https://books.toscrape.com/catalogue/fruits-basket-vol-3-fruits-basket-3_159/index.html
588ba85ff11a3263,Extreme Prey (Lucas Davenport #26),Mystery,5,test,25.4,3,3,"The extraordinary new Lucas Davenport thriller from #1New York Times–bestselling author and Pulitzer Prize winner John Sandford. After the events in Gathering Prey, Lucas Davenport finds himself in a very unusual situation—no longer employed by the Minnesota BCA. His friend the governor is just cranking up a presidential campaign, though, and he invites Lucas to come alon The extraordinary new Lucas Davenport thriller from #1 New York Times–bestselling author and Pulitzer Prize winner John Sandford.   After the events in Gathering Prey, Lucas Davenport finds himself in a very unusual situation—no longer employed by the Minnesota BCA. His friend the governor is just cranking up a presidential campaign, though, and he invites Lucas to come along as part of his campaign staff. “Should be fun!” he says, and it kind of is—until they find they have a shadow: an armed man intent on killing the governor . . . and anyone who gets in the way. ...more",https://books.toscrape.com/catalogue/extreme-prey-lucas-davenport-26_154/index.html
b843f52a986a2914,Eragon (The Inheritance Cycle #1),Fantasy,1,test,43.87,3,3,"One boy. One dragon. A world of adventure.When Eragon finds a polished blue stone in the forest, he thinks it is the lucky discovery of a poor farm boy; perhaps it will buy his family meat for the winter. But when the stone brings a dragon hatchling, Eragon realizes he has stumbled upon a legacy nearly as old as the Empire itself.Overnight his simple life is shattered, and One boy. One dragon. A world of adventure.When Eragon finds a polished blue stone in the forest, he thinks it is the lucky discovery of a poor farm boy; perhaps it will buy his family meat for the winter. But when the stone brings a dragon hatchling, Eragon realizes he has stumbled upon a legacy nearly as old as the Empire itself.Overnight his simple life is shattered, and he is thrust into a perilous new world of destiny, magic, and power. With only an ancient sword and the advice of an old storyteller for guidance, Eragon and the fledgling dragon must navigate the dangerous terrain and dark enemies of an Empire ruled by a king whose evil knows no bounds.Can Eragon take up the mantle of the legendary Dragon Riders? The fate of the Empire may rest in his hands. ...more",https://books.toscrape.com/catalogue/eragon-the-inheritance-cycle-1_153/index.html
81372abc86f65c79,Disrupted: My Misadventure in the Start-Up Bubble,Nonfiction,6,test,15.28,5,3,"INSTANT NEW YORK TIMES BESTSELLER ""Wildly entertaining ... Lyons has injected a dose of sanity into a world gone mad."" ---Ashlee Vance, New York Times-bestselling author of Elon MuskFor twenty-five years Dan Lyons was a magazine writer at the top of his profession--until one Friday morning when he received a phone call: Poof. His job no longer existed. ""I think they just w INSTANT NEW YORK TIMES BESTSELLER ""Wildly entertaining ... Lyons has injected a dose of sanity into a world gone mad."" ---Ashlee Vance, New York Times-bestselling author of Elon MuskFor twenty-five years Dan Lyons was a magazine writer at the top of his profession--until one Friday morning when he received a phone call: Poof. His job no longer existed. ""I think they just want to hire younger people,"" his boss at Newsweek told him. Fifty years old and with a wife and two young kids, Dan was, in a word, screwed. Then an idea hit. Dan had long reported on Silicon Valley and the tech explosion. Why not join it? HubSpot, a Boston start-up, was flush with $100 million in venture capital. They offered Dan a pile of stock options for the vague role of ""marketing fellow."" What could go wrong? HubSpotters were true believers: They were making the world a better place ... by selling email spam. The office vibe was frat house meets cult compound: The party began at four thirty on Friday and lasted well into the night; ""shower pods"" became hook-up dens; a push-up club met at noon in the lobby, while nearby, in the ""content factory,"" Nerf gun fights raged. Groups went on ""walking meetings,"" and Dan's absentee boss sent cryptic emails about employees who had ""graduated"" (read: been fired). In the middle of all this was Dan, exactly twice the age of the average HubSpot employee, and literally old enough to be the father of most of his co-workers, sitting at his desk on his bouncy-ball ""chair.""Mixed in with Lyons's uproarious tale of his rise and fall at Hubspot is a trenchant analysis of the start-up world, a de facto conspiracy between those who start companies and those who fund them, a world where bad ideas are rewarded with hefty investments, where companies blow money lavishing perks on their post-collegiate workforces, and where everybody is trying to hang on just long enough to reach an IPO and cash out. With a cast of characters that includes devilish angel investors, fad-chasing venture capitalists, entrepreneurs and ""wantrapreneurs,"" bloggers and brogrammers, social climbers and sociopaths, Disrupted is a gripping and definitive account of life in the (second) tech bubble. ...more",https://books.toscrape.com/catalogue/disrupted-my-misadventure-in-the-start-up-bubble_148/index.html
468bd274ac084bb9,Darkfever (Fever #1),Fantasy,1,train,56.02,1,3,"When her sister is murdered, leaving a single clue to her death—a cryptic message on MacKayla Lane’s cell phone–Mac journeys to Ireland in search of answers. The quest to find her sister’s killer draws her into a shadowy realm where nothing is as it seems, where good and evil wear the same treacherously seductive mask. She is soon faced with an even greater challenge: stay When her sister is murdered, leaving a single clue to her death—a cryptic message on MacKayla Lane’s cell phone–Mac journeys to Ireland in search of answers. The quest to find her sister’s killer draws her into a shadowy realm where nothing is as it seems, where good and evil wear the same treacherously seductive mask. She is soon faced with an even greater challenge: staying alive long enough to learn how to handle a power she had no idea she possessed—a gift that allows her to see beyond the world of man, into the dangerous realm of the Fae. ...more",https://books.toscrape.com/catalogue/darkfever-fever-1_145/index.html
c9782ad2a0ed9331,Crazy Rich Asians (Crazy Rich Asians #1),Fiction,2,train,49.13,5,3,"Crazy Rich Asians is the outrageously funny debut novel about three super-rich, pedigreed Chinese families and the gossip, backbiting, and scheming that occurs when the heir to one of the most massive fortunes in Asia brings home his ABC (American-born Chinese) girlfriend to the wedding of the season.When Rachel Chu agrees to spend the summer in Singapore with her boyfrien Crazy Rich Asians is the outrageously funny debut novel about three super-rich, pedigreed Chinese families and the gossip, backbiting, and scheming that occurs when the heir to one of the most massive fortunes in Asia brings home his ABC (American-born Chinese) girlfriend to the wedding of the season.When Rachel Chu agrees to spend the summer in Singapore with her boyfriend, Nicholas Young, she envisions a humble family home, long drives to explore the island, and quality time with the man she might one day marry. What she doesn't know is that Nick's family home happens to look like a palace, that she'll ride in more private planes than cars, and that with one of Asia's most eligible bachelors on her arm, Rachel might as well have a target on her back. Initiated into a world of dynastic splendor beyond imagination, Rachel meets Astrid, the It Girl of Singapore society; Eddie, whose family practically lives in the pages of the Hong Kong socialite magazines; and Eleanor, Nick's formidable mother, a woman who has very strong feelings about who her son should--and should not--marry. Uproarious, addictive, and filled with jaw-dropping opulence, Crazy Rich Asians is an insider's look at the Asian JetSet; a perfect depiction of the clash between old money and new money; between Overseas Chinese and Mainland Chinese; and a fabulous novel about what it means to be young, in love, and gloriously, crazily rich. ...more",https://books.toscrape.com/catalogue/crazy-rich-asians-crazy-rich-asians-1_143/index.html
157f693d9e600ccc,Counting Thyme,Childrens,0,train,10.62,1,3,"When eleven-year-old Thyme Owens’ little brother, Val, is accepted into a new cancer drug trial, it’s just the second chance that he needs. But it also means the Owens family has to move to New York, thousands of miles away from Thyme’s best friend and everything she knows and loves. The island of Manhattan doesn’t exactly inspire new beginnings, but Thyme tries to embrace When eleven-year-old Thyme Owens’ little brother, Val, is accepted into a new cancer drug trial, it’s just the second chance that he needs. But it also means the Owens family has to move to New York, thousands of miles away from Thyme’s best friend and everything she knows and loves. The island of Manhattan doesn’t exactly inspire new beginnings, but Thyme tries to embrace the change for what it is: temporary.After Val’s treatment shows real promise and Mr. Owens accepts a full-time position in the city, Thyme has to face the frightening possibility that the move to New York is permanent. Thyme loves her brother, and knows the trial could save his life—she’d give anything for him to be well—but she still wants to go home, although the guilt of not wanting to stay is agonizing. She finds herself even more mixed up when her heart feels the tug of new friends, a first crush, and even a crotchety neighbor and his sweet whistling bird. All Thyme can do is count the minutes, the hours, and days, and hope time can bring both a miracle for Val and a way back home. ...more",https://books.toscrape.com/catalogue/counting-thyme_142/index.html
7e9579921e5407cb,Cinder (The Lunar Chronicles #1),Young Adult,9,train,26.09,1,3,"Humans and androids crowd the raucous streets of New Beijing. A deadly plague ravages the population. From space, a ruthless lunar people watch, waiting to make their move. No one knows that Earth’s fate hinges on one girl.Cinder, a gifted mechanic, is a cyborg. She’s a second-class citizen with a mysterious past, reviled by her stepmother and blamed for her stepsister’s i Humans and androids crowd the raucous streets of New Beijing. A deadly plague ravages the population. From space, a ruthless lunar people watch, waiting to make their move. No one knows that Earth’s fate hinges on one girl.Cinder, a gifted mechanic, is a cyborg. She’s a second-class citizen with a mysterious past, reviled by her stepmother and blamed for her stepsister’s illness. But when her life becomes intertwined with the handsome Prince Kai’s, she suddenly finds herself at the center of an intergalactic struggle, and a forbidden attraction. Caught between duty and freedom, loyalty and betrayal, she must uncover secrets about her past in order to protect her world’s future. ...more",https://books.toscrape.com/catalogue/cinder-the-lunar-chronicles-1_139/index.html
b461cf238506c5b8,Career of Evil (Cormoran Strike #3),Mystery,5,train,24.72,2,3,"Cormoran Strike is back, with his assistant Robin Ellacott, in a mystery based around soldiers returning from war.When a mysterious package is delivered to Robin Ellacott, she is horrified to discover that it contains a woman’s severed leg.Her boss, private detective Cormoran Strike, is less surprised but no less alarmed. There are four people from his past who he thinks c Cormoran Strike is back, with his assistant Robin Ellacott, in a mystery based around soldiers returning from war.When a mysterious package is delivered to Robin Ellacott, she is horrified to discover that it contains a woman’s severed leg.Her boss, private detective Cormoran Strike, is less surprised but no less alarmed. There are four people from his past who he thinks could be responsible – and Strike knows that any one of them is capable of sustained and unspeakable brutality.With the police focusing on the one suspect Strike is increasingly sure is not the perpetrator, he and Robin take matters into their own hands, and delve into the dark and twisted worlds of the other three men. But as more horrendous acts occur, time is running out for the two of them…Career of Evil is the third in the series featuring private detective Cormoran Strike and his assistant Robin Ellacott. A mystery and also a story of a man and a woman at a crossroads in their personal and professional lives. ...more",https://books.toscrape.com/catalogue/career-of-evil-cormoran-strike-3_137/index.html
8e0bc2fe4e7d35b5,Boy Meets Boy,Young Adult,9,train,21.12,3,3,"This is the story of Paul, a sophomore at a high school like no other: The cheerleaders ride Harleys, the homecoming queen used to be a guy named Daryl (she now prefers Infinite Darlene and is also the star quarterback), and the gay-straight alliance was formed to help the straight kids learn how to dance.When Paul meets Noah, he thinks he’s found the one his heart is made This is the story of Paul, a sophomore at a high school like no other: The cheerleaders ride Harleys, the homecoming queen used to be a guy named Daryl (she now prefers Infinite Darlene and is also the star quarterback), and the gay-straight alliance was formed to help the straight kids learn how to dance.When Paul meets Noah, he thinks he’s found the one his heart is made for. Until he blows it. The school bookie says the odds are 12-to-1 against him getting Noah back, but Paul’s not giving up without playing his love really loud. His best friend Joni might be drifting away, his other best friend Tony might be dealing with ultra-religious parents, and his ex-boyfriend Kyle might not be going away anytime soon, but sometimes everything needs to fall apart before it can really fit together right.This is a happy-meaningful romantic comedy about finding love, losing love, and doing what it takes to get love back in a crazy-wonderful world. ...more",https://books.toscrape.com/catalogue/boy-meets-boy_134/index.html
fd2337c1b73b686e,Brave Enough,Nonfiction,6,test,51.32,5,3,"From the best-selling author of Wild, a collection of quotes--drawn from the wide range of her writings--that capture her wisdom, courage, and outspoken humor, presented in a gift-sized package that's as irresistible to give as it is to receive. Around the world, thousands of people have found inspiration in the words of Cheryl Strayed, who in her three prior books and in From the best-selling author of Wild, a collection of quotes--drawn from the wide range of her writings--that capture her wisdom, courage, and outspoken humor, presented in a gift-sized package that's as irresistible to give as it is to receive. Around the world, thousands of people have found inspiration in the words of Cheryl Strayed, who in her three prior books and in her Dear Sugar columns has shared the twists and trials of her remarkable life. Her honesty, spirit, and ample supply of tough love have enabled many of us, even in the darkest hours, to somehow put one foot in front of the other--and be brave enough.This book gathers, each on a single page, more than 100 of Strayed's indelible quotes and thoughts--""mini instruction manuals for the soul"" that urge us toward the incredible capacity for love, compassion, forgiveness, and endurance that is within us all.Be brave enough to break your own heart.You can't ride to the fair unless you get on the pony.Keep walking.Acceptance is a small, quiet room.Romantic love is not a competitive sport.Forward is the direction of real life.Ask yourself: ""What is the best I can do?"" And then do that. ...more",https://books.toscrape.com/catalogue/brave-enough_135/index.html
e256de8aa0c2115f,"Born to Run: A Hidden Tribe, Superathletes, and the Greatest Race the World Has Never Seen",Nonfiction,6,train,27.35,2,3,"Full of incredible characters, amazing athletic achievements, cutting-edge science, and, most of all, pure inspiration, Born to Run is an epic adventure that began with one simple question: Why does my foot hurt? In search of an answer, Christopher McDougall sets off to find a tribe of the world’s greatest distance runners and learn their secrets, and in the process shows Full of incredible characters, amazing athletic achievements, cutting-edge science, and, most of all, pure inspiration, Born to Run is an epic adventure that began with one simple question: Why does my foot hurt? In search of an answer, Christopher McDougall sets off to find a tribe of the world’s greatest distance runners and learn their secrets, and in the process shows us that everything we thought we knew about running is wrong.Isolated by the most savage terrain in North America, the reclusive Tarahumara Indians of Mexico’s deadly Copper Canyons are custodians of a lost art. For centuries they have practiced techniques that allow them to run hundreds of miles without rest and chase down anything from a deer to an Olympic marathoner while enjoying every mile of it. Their superhuman talent is matched by uncanny health and serenity, leaving the Tarahumara immune to the diseases and strife that plague modern existence. With the help of Caballo Blanco, a mysterious loner who lives among the tribe, the author was able not only to uncover the secrets of the Tarahumara but also to find his own inner ultra-athlete, as he trained for the challenge of a lifetime: a fifty-mile race through the heart of Tarahumara country pitting the tribe against an odd band of Americans, including a star ultramarathoner, a beautiful young surfer, and a barefoot wonder.With a sharp wit and wild exuberance, McDougall takes us from the high-tech science labs at Harvard to the sun-baked valleys and freezing peaks across North America, where ever-growing numbers of ultrarunners are pushing their bodies to the limit, and, finally, to the climactic race in the Copper Canyons. Born to Run is that rare book that will not only engage your mind but inspire your body when you realize that the secret to happiness is right at your feet, and that you, indeed all of us, were born to run. ...more",https://books.toscrape.com/catalogue/born-to-run-a-hidden-tribe-superathletes-and-the-greatest-race-the-world-has-never-seen_133/index.html
0bbc48294707ba96,Blink: The Power of Thinking Without Thinking,Nonfiction,6,train,21.74,5,3,"In his landmark bestseller The Tipping Point, Malcolm Gladwell redefined how we understand the world around us. Now, in Blink, he revolutionizes the way we understand the world within. Blink is a book about how we think without thinking, about choices that seem to be made in an instant--in the blink of an eye--that actually aren't as simple as they seem. Why are some peopl In his landmark bestseller The Tipping Point, Malcolm Gladwell redefined how we understand the world around us. Now, in Blink, he revolutionizes the way we understand the world within. Blink is a book about how we think without thinking, about choices that seem to be made in an instant--in the blink of an eye--that actually aren't as simple as they seem. Why are some people brilliant decision makers, while others are consistently inept? Why do some people follow their instincts and win, while others end up stumbling into error? How do our brains really work-in the office, in the classroom, in the kitchen, and in the bedroom? And why are the best decisions often those that are impossible to explain to others?In Blink we meet the psychologist who has learned to predict whether a marriage will last, based on a few minutes of observing a couple; the tennis coach who knows when a player will double-fault before the racket even makes contact with the ball; the antiquities experts who recognize a fake at a glance. Here, too, are great failures of ""blink"": the election of Warren Harding; ""New Coke""; and the shooting of Amadou Diallo by police. Blink reveals that great decision makers aren't those who process the most information or spend the most time deliberating, but those who have perfected the art of ""thin-slicing""--filtering the very few factors that matter from an overwhelming number of variables.ContentsIntroduction: The statue that didn´t look right1. The Theory of Thin Slices: How a little bit of knowledge goes a long way2. The Locked Door: The secret life of snap decisions3. The Warren Harding Error: Why we fall for tall, dark, and handome men4. Paul Van Riper´s Big Victory: Creating structure for spontaneity5. Kenna´s Dilemma: The right -and wrong- way to ask people what they want6. Seven Seconds in the Bronx: The delicate art of mind readingConclusion: Listening with your eyes -the lessons of BlinkAfterwordNotesAcknowledgementsIndexReading Group Guide ...more",https://books.toscrape.com/catalogue/blink-the-power-of-thinking-without-thinking_132/index.html
860318b8e244f39c,Black Flags: The Rise of ISIS,Nonfiction,6,test,40.87,1,3,"Pulitzer Prize-winning reporter Joby Warrick reveals how the strain of militant Islam now raising its banner across Iraq and Syria spread from a remote Jordanian prison with the unwitting aid of American military intervention.When he succeeded his father in 1999, King Abdullah of Jordan released a batch of political prisoners in the hopes of smoothing his transition to pow Pulitzer Prize-winning reporter Joby Warrick reveals how the strain of militant Islam now raising its banner across Iraq and Syria spread from a remote Jordanian prison with the unwitting aid of American military intervention.     When he succeeded his father in 1999, King Abdullah of Jordan released a batch of political prisoners in the hopes of smoothing his transition to power. Little did he know that among those released was Abu Musab al-Zarqawi, a man who would go on to become a terrorist mastermind too dangerous even for al-Qaeda and give rise to an Islamist movement bent on dominating the Middle East.     Zarqawi began by directing hotel bombings and assassinations in Jordan from a base in northern Iraq, but it was the American invasion of that country in 2003 that catapulted him to the head of a vast insurgency. By identifying him as the link between Saddam and bin Laden, the CIA inadvertently created a monster. Like-minded radicals saw him as a hero resisting the infidel occupiers and rallied to his cause. Their wave of brutal beheadings and suicide bombings continued for years until Jordanian intelligence provided the Americans with the crucial intelligence needed to eliminate Zarqawi in a 2006 airstrike.     But his movement endured, first called al-Qaeda in Iraq, then renamed Islamic State of Iraq and Syria, or ISIS, seeking refuge in unstable, ungoverned pockets on the Iraq-Syria border. And as the Syrian civil war broke out in 2011, ISIS seized its chance to pursue Zarqawi's dream of a sweeping, ultra-conservative Islamic caliphate.      Drawing on unique access to CIA and Jordanian sources, Joby Warrick weaves together heart-pounding, moment-by-moment operational details with overarching historical perspectives to reveal the long trajectory of today's most dangerous Islamic extremist threat.From the Hardcover edition. ...more",https://books.toscrape.com/catalogue/black-flags-the-rise-of-isis_131/index.html
d3f9c4539c0caa64,Big Little Lies,Fiction,2,train,22.11,1,3,"Big Little Lies follows three women, each at a crossroads:Madeline is a force to be reckoned with. She’s funny and biting, passionate, she remembers everything and forgives no one. Her ex-husband and his yogi new wife have moved into her beloved beachside community, and their daughter is in the same kindergarten class as Madeline’s youngest (how is this possible?). And to Big Little Lies follows three women, each at a crossroads:Madeline is a force to be reckoned with. She’s funny and biting, passionate, she remembers everything and forgives no one. Her ex-husband and his yogi new wife have moved into her beloved beachside community, and their daughter is in the same kindergarten class as Madeline’s youngest (how is this possible?). And to top it all off, Madeline’s teenage daughter seems to be choosing Madeline’s ex-husband over her. (How. Is. This. Possible?).Celeste is the kind of beautiful woman who makes the world stop and stare. While she may seem a bit flustered at times, who wouldn’t be, with those rambunctious twin boys? Now that the boys are starting school, Celeste and her husband look set to become the king and queen of the school parent body. But royalty often comes at a price, and Celeste is grappling with how much more she is willing to pay.New to town, single mom Jane is so young that another mother mistakes her for the nanny. Jane is sad beyond her years and harbors secret doubts about her son. But why? While Madeline and Celeste soon take Jane under their wing, none of them realizes how the arrival of Jane and her inscrutable little boy will affect them all.Big Little Lies is a brilliant take on ex-husbands and second wives, mothers and daughters, schoolyard scandal, and the dangerous little lies we tell ourselves just to survive. ...more",https://books.toscrape.com/catalogue/big-little-lies_129/index.html
67dea6c75d6a1075,Best of My Love (Fool's Gold #20),Romance,7,train,27.41,2,3,"An irresistible new love story from the #1 New York Times bestselling author of the Fool's Gold series, set in a town Library Journal calls ""so appealing, readers will want to start scoping out real estate."" To overcome her painful past, baker Shelby Gilmore goes on the hunt for a friend—a male friend—to convince her stubborn psyche that men can be trusted. But where An irresistible new love story from the #1 New York Times bestselling author of the Fool's Gold series, set in a town Library Journal calls ""so appealing, readers will want to start scoping out real estate.""  To overcome her painful past, baker Shelby Gilmore goes on the hunt for a friend—a male friend—to convince her stubborn psyche that men can be trusted. But where in a town as small as Fool's Gold will the petite blonde find a guy willing to not date her? Dark, charming Aidan Mitchell puts the ""adventure"" in Mitchell Adventure Tours…and into the beds of his many willing female tourists. Until he realizes he's inadvertently become that guy—the one-night Casanova—and worse, everyone in town knows it. Maybe Shelby's boy/girl experiment will help him see women as more than just conquests so he can change his ways and win back his self-respect. As Aidan and Shelby explore the secret lives of men and women, the heat between them fires up the Fool's Gold rumor mill. If no one will believe they're just friends, maybe they should give the gossips something to really talk about! ...more",https://books.toscrape.com/catalogue/best-of-my-love-fools-gold-20_127/index.html
15f415d436888b2d,"Black Butler, Vol. 1 (Black Butler #1)",Sequential Art,8,train,49.31,1,3,"In the Victorian ages of London The Earl of the Phantomhive house, Ciel Phantomhive, needs to get his revenge on those who had humiliated him and destroyed what he loved. Not being able to do it alone he sells his soul to a demon he names Sebastian Michaelis. Now working as his butler, Sebastian must help the Earl Phantomhive in this suspenseful, exciting, thriller manga.",https://books.toscrape.com/catalogue/black-butler-vol-1-black-butler-1_130/index.html
155e42df837ee5ff,Between Shades of Gray,Historical Fiction,4,train,20.79,5,3,"Lina is just like any other fifteen-year-old Lithuanian girl in 1941. She paints, she draws, she gets crushes on boys. Until one night when Soviet officers barge into her home, tearing her family from the comfortable life they've known. Separated from her father, forced onto a crowded and dirty train car, Lina, her mother, and her young brother slowly make their way north, Lina is just like any other fifteen-year-old Lithuanian girl in 1941. She paints, she draws, she gets crushes on boys. Until one night when Soviet officers barge into her home, tearing her family from the comfortable life they've known. Separated from her father, forced onto a crowded and dirty train car, Lina, her mother, and her young brother slowly make their way north, crossing the Arctic Circle, to a work camp in the coldest reaches of Siberia. Here they are forced, under Stalin's orders, to dig for beets and fight for their lives under the cruelest of conditions. Lina finds solace in her art, meticulously--and at great risk--documenting events by drawing, hoping these messages will make their way to her father's prison camp to let him know they are still alive. It is a long and harrowing journey, spanning years and covering 6,500 miles, but it is through incredible strength, love, and hope that Lina ultimately survives. Between Shades of Gray is a novel that will steal your breath and capture your heart. ...more",https://books.toscrape.com/catalogue/between-shades-of-gray_128/index.html
1d89a2aa9f6ce50f,Awkward,Sequential Art,8,train,38.02,2,3,"Cardinal rule #1 for surviving school: Don't get noticed by the mean kids.Cardinal rule #2 for surviving school: Seek out groups with similar interests and join them.On her first day at her new school, Penelope--Peppi--Torres reminds herself of these basics. But when she trips into a quiet boy in the hall, Jaime Thompson, she's already broken the first rule, and the mean k Cardinal rule #1 for surviving school: Don't get noticed by the mean kids.Cardinal rule #2 for surviving school: Seek out groups with similar interests and join them.On her first day at her new school, Penelope--Peppi--Torres reminds herself of these basics. But when she trips into a quiet boy in the hall, Jaime Thompson, she's already broken the first rule, and the mean kids start calling her the ""nerder girlfriend."" How does she handle this crisis? By shoving poor Jaime and running away!Falling back on rule two and surrounding herself with new friends in the art club, Peppi still can't help feeling ashamed about the way she treated Jaime. Things are already awkward enough between the two, but to make matters worse, he's a member of her own club's archrivals--the science club! And when the two clubs go to war, Peppi realizes that sometimes you have to break the rules to survive middle school! ...more",https://books.toscrape.com/catalogue/awkward_124/index.html
ef9c4f2465513956,Are We There Yet?,Childrens,0,train,10.66,3,3,"Caldecott Medalist Dan Santat takes readers on the road trip of a lifetime!""Are we there yet?"" Every parent has heard this classic kid question on a long car ride--and after reading this astonishingly inventive new book (that even turns upside down for several pages!), you'll never look at being bored the same way again.Let's face it: everyone knows that car rides can be b Caldecott Medalist Dan Santat takes readers on the road trip of a lifetime!""Are we there yet?"" Every parent has heard this classic kid question on a long car ride--and after reading this astonishingly inventive new book (that even turns upside down for several pages!), you'll never look at being bored the same way again.Let's face it: everyone knows that car rides can be boring. And when things get boring, time slows down. In this book, a boy feels time slowing down so much that it starts going backward--into the time of pirates! Of princesses! Of dinosaurs! The boy was just trying to get to his grandmother's birthday party, but instead he's traveling through Ancient Egypt and rubbing shoulders with Ben Franklin. When time flies, who knows where--or when--he'll end up. ...more",https://books.toscrape.com/catalogue/are-we-there-yet_122/index.html
5d22e2a46604b6e7,Ash,Fantasy,1,train,22.06,4,3,"Cinderella retold In the wake of her father's death, Ash is left at the mercy of her cruel stepmother. Consumed with grief, her only joy comes by the light of the dying hearth fire, rereading the fairy tales her mother once told her. In her dreams, someday the fairies will steal her away, as they are said to do. When she meets the dark and dangerous fairy Sidhean, she bel Cinderella retold In the wake of her father's death, Ash is left at the mercy of her cruel stepmother. Consumed with grief, her only joy comes by the light of the dying hearth fire, rereading the fairy tales her mother once told her. In her dreams, someday the fairies will steal her away, as they are said to do. When she meets the dark and dangerous fairy Sidhean, she believes that her wish may be granted.The day that Ash meets Kaisa, the King's Huntress, her heart begins to change. Instead of chasing fairies, Ash learns to hunt with Kaisa. Though their friendship is as delicate as a new bloom, it reawakens Ash's capacity for love-and her desire to live. But Sidhean has already claimed Ash for his own, and she must make a choice between fairy tale dreams and true love.Entrancing, empowering, and romantic, Ash is about the connection between life and love, and solitude and death, where transformation can come from even the deepest grief. ...more",https://books.toscrape.com/catalogue/ash_123/index.html
da0349a87c8caa2f,Are We Smart Enough to Know How Smart Animals Are?,Nonfiction,6,train,56.58,1,3,"What separates your mind from an animal’s? Maybe you think it’s your ability to design tools, your sense of self, or your grasp of past and future—all traits that have helped us define ourselves as the planet’s preeminent species. But in recent decades, these claims have eroded, or even been disproven outright, by a revolution in the study of animal cognition. Take the way What separates your mind from an animal’s? Maybe you think it’s your ability to design tools, your sense of self, or your grasp of past and future—all traits that have helped us define ourselves as the planet’s preeminent species. But in recent decades, these claims have eroded, or even been disproven outright, by a revolution in the study of animal cognition. Take the way octopuses use coconut shells as tools; elephants that classify humans by age, gender, and language; or Ayumu, the young male chimpanzee at Kyoto University whose flash memory puts that of humans to shame. Based on research involving crows, dolphins, parrots, sheep, wasps, bats, whales, and of course chimpanzees and bonobos, Frans de Waal explores both the scope and the depth of animal intelligence. He offers a firsthand account of how science has stood traditional behaviorism on its head by revealing how smart animals really are, and how we’ve underestimated their abilities for too long.People often assume a cognitive ladder, from lower to higher forms, with our own intelligence at the top. But what if it is more like a bush, with cognition taking different forms that are often incomparable to ours? Would you presume yourself dumber than a squirrel because you’re less adept at recalling the locations of hundreds of buried acorns? Or would you judge your perception of your surroundings as more sophisticated than that of a echolocating bat? De Waal reviews the rise and fall of the mechanistic view of animals and opens our minds to the idea that animal minds are far more intricate and complex than we have assumed. De Waal’s landmark work will convince you to rethink everything you thought you knew about animal—and human—intelligence. ...more",https://books.toscrape.com/catalogue/are-we-smart-enough-to-know-how-smart-animals-are_121/index.html
7bf87402413c27ff,Annie on My Mind,Young Adult,9,train,36.83,5,3,"This groundbreaking book is the story of two teenage girls whose friendship blossoms into love and who, despite pressures from family and school that threaten their relationship, promise to be true to each other and their feelings. This book is so truthful and honest, it has been banned from many school libraries and even publicly burned in Kansas City.Of the author and th This groundbreaking book is the story of two teenage girls whose friendship blossoms into love and who, despite pressures from family and school that threaten their relationship, promise to be true to each other and their feelings. This book is so truthful and honest, it has been banned from many school libraries and even publicly burned in Kansas City. Of the author and the book, the Margaret A. Edwards Award committee said, “Nancy Garden has the distinction of being the first author for young adults to create a lesbian love story with a positive ending. Using a fluid, readable style, Garden opens a window through which readers can find courage to be true to themselves.” ...more",https://books.toscrape.com/catalogue/annie-on-my-mind_120/index.html
bcee4f289ff6699c,A Walk in the Woods: Rediscovering America on the Appalachian Trail,Nonfiction,6,train,30.48,4,3,"The Appalachian Trail trail stretches from Georgia to Maine and covers some of the most breathtaking terrain in America–majestic mountains, silent forests, sparking lakes. If you’re going to take a hike, it’s probably the place to go. And Bill Bryson is surely the most entertaining guide you’ll find. He introduces us to the history and ecology of the trail and to some of t The Appalachian Trail trail stretches from Georgia to Maine and covers some of the most breathtaking terrain in America–majestic mountains, silent forests, sparking lakes. If you’re going to take a hike, it’s probably the place to go. And Bill Bryson is surely the most entertaining guide you’ll find. He introduces us to the history and ecology of the trail and to some of the other hardy (or just foolhardy) folks he meets along the way–and a couple of bears. Already a classic, A Walk in the Woods will make you long for the great outdoors (or at least a comfortable chair to sit and read in). ...more",https://books.toscrape.com/catalogue/a-walk-in-the-woods-rediscovering-america-on-the-appalachian-trail_118/index.html
87beabf664115d79,A Storm of Swords (A Song of Ice and Fire #3),Fantasy,1,train,31.22,2,3,"Here is the third volume in George R.R. Martin's magnificent cycle of novels that includes A Game of Thrones and A Clash of Kings. Together, this series comprises a genuine masterpiece of modern fantasy, destined to stand as one of the great achievements of imaginative fiction.Of the five contenders for power, one is dead, another in disfavor, and still the wars rage as al Here is the third volume in George R.R. Martin's magnificent cycle of novels that includes A Game of Thrones and A Clash of Kings. Together, this series comprises a genuine masterpiece of modern fantasy, destined to stand as one of the great achievements of imaginative fiction.Of the five contenders for power, one is dead, another in disfavor, and still the wars rage as alliances are made and broken. Joffrey sits on the Iron Throne, the uneasy ruler of the Seven Kingdoms. His most bitter rival, Lord Stannis, stands defeated and disgraced, victim of the sorceress who holds him in her thrall. Young Robb still rules the North from the fortress of Riverrun. Meanwhile, making her way across a blood-drenched continent is the exiled queen, Daenerys, mistress of the only three dragons still left in the world. And as opposing forces manoeuver for the final showdown, an army of barbaric wildlings arrives from the outermost limits of civilization, accompanied by a horde of mythical Others—a supernatural army of the living dead whose animated corpses are unstoppable. As the future of the land hangs in the balance, no one will rest until the Seven Kingdoms have exploded in a veritable storm of swords... ...more",https://books.toscrape.com/catalogue/a-storm-of-swords-a-song-of-ice-and-fire-3_116/index.html
d2185b65af52d68c,"The Suffragettes (Little Black Classics, #96)",Nonfiction,6,train,11.89,2,2,"'Once they are aroused, once they are determined, nothing on earth and nothing in heaven will make women give way; it is impossible.'A potted history of the women who pioneered feminism and changed the world.One of 46 new books in the bestselling Little Black Classics series, to celebrate the first ever Penguin Classic in 1946. Each book gives readers a taste of the Classi 'Once they are aroused, once they are determined, nothing on earth and nothing in heaven will make women give way; it is impossible.'A potted history of the women who pioneered feminism and changed the world.One of 46 new books in the bestselling Little Black Classics series, to celebrate the first ever Penguin Classic in 1946. Each book gives readers a taste of the Classics' huge range and diversity, with works from around the world and across the centuries - including fables, decadence, heartbreak, tall tales, satire, ghosts, battles and elephants. ...more",https://books.toscrape.com/catalogue/the-suffragettes-little-black-classics-96_112/index.html
f3c76b53b239f511,The Course of Love,Fiction,2,test,16.78,3,2,"The long-awaited and beguiling second novel from Alain de Botton that tracks the beautifully complicated arc of a romantic partnership, from the internationally bestselling author of On Love and How Proust Can Change Your Life.We all know the headiness and excitement of the early days of love. But what comes after? In Edinburgh, a couple, Rabih and Kirsten, fall in love. T The long-awaited and beguiling second novel from Alain de Botton that tracks the beautifully complicated arc of a romantic partnership, from the internationally bestselling author of On Love and How Proust Can Change Your Life.We all know the headiness and excitement of the early days of love. But what comes after? In Edinburgh, a couple, Rabih and Kirsten, fall in love. They get married, they have children—but no long-term relationship is as simple as “happily ever after.” The Course of Love is a novel that explores what happens after the birth of love, what it takes to maintain love, and what happens to our original ideals under the pressures of an average existence. You experience, along with Rabih and Kirsten, the first flush of infatuation, the effortlessness of falling into romantic love, and the course of life thereafter. Interwoven with their story and its challenges is an overlay of philosophy—an annotation and a guide to what we are reading.This is a Romantic novel in the true sense, one interested in exploring how love can survive and thrive in the long term. The result is a sensory experience—fictional, philosophical, psychological—that urges us to identify deeply with these characters, and to reflect on his and her own experiences in love. Fresh, visceral, and utterly compelling, The Course of Love is a provocative and life-affirming novel for everyone who believes in love. ...more",https://books.toscrape.com/catalogue/the-course-of-love_109/index.html
9189fd009df41d0e,"Saga, Volume 2 (Saga (Collected Editions) #2)",Sequential Art,8,test,11.75,3,2,"From award-winning writer BRIAN K. VAUGHAN (Pride of Baghdad, Ex Machina) and critically acclaimed artist FIONA STAPLES (Mystery Society, Done to Death), SAGA is sweeping tale of one young family fighting to find their place in the universe. Thanks to her star-crossed parents Marko and Alana, newborn baby Hazel has already survived lethal assassins, rampaging armies, and h From award-winning writer BRIAN K. VAUGHAN (Pride of Baghdad, Ex Machina) and critically acclaimed artist FIONA STAPLES (Mystery Society, Done to Death), SAGA is sweeping tale of one young family fighting to find their place in the universe. Thanks to her star-crossed parents Marko and Alana, newborn baby Hazel has already survived lethal assassins, rampaging armies, and horrific monsters, but in the cold vastness of outer space, the little girl encounters her strangest adventure yet... grandparents.Collects Saga issues #7-12 ...more",https://books.toscrape.com/catalogue/saga-volume-2-saga-collected-editions-2_107/index.html
276dc716b1da8899,"The Sandman, Vol. 2: The Doll's House (The Sandman (volumes) #2)",Sequential Art,8,train,54.81,1,2,"A being who has existed since the beginning of the universe, Dream of the Endless rules over the realm of dreams. In THE DOLL’S HOUSE, after a decades-long imprisonment, the Sandman has returned to find that a few dreams and nightmares have escaped to reality. Looking to recapture his lost possessions, Morpheus ventures to the human plane only to learn that a woman named R A being who has existed since the beginning of the universe, Dream of the Endless rules over the realm of dreams. In THE DOLL’S HOUSE, after a decades-long imprisonment, the Sandman has returned to find that a few dreams and nightmares have escaped to reality. Looking to recapture his lost possessions, Morpheus ventures to the human plane only to learn that a woman named Rose Walker has inadvertently become a dream vortex and threatens to rip apart his world. Now as Morpheus takes on the last escaped nightmare at a serial killers convention, the Lord of Dreams must mercilessly murder Rose or risk the destruction of his entire kingdom.Collecting issues #9-16, this new edition of THE DOLL’S HOUSE features the improved production values and coloring from the Absolute Edition. ...more",https://books.toscrape.com/catalogue/the-sandman-vol-2-the-dolls-house-the-sandman-volumes-2_110/index.html
6fa3ea52c8e31e06,New Moon (Twilight #2),Young Adult,9,train,12.86,4,2,"Also see: Alternate Cover Editions for this ISBN [ACE] ACE #1 I knew we were both in mortal danger. Still, in that instant, I felt well. Whole. I could feel my heart racing in my chest, the blood pulsing hot and fast through my veins again. My lungs filled deep with the sweet scent that came off his skin. It was like there had never been any hole in my chest. I was perfe Also see: Alternate Cover Editions for this ISBN [ACE] ACE #1 I knew we were both in mortal danger. Still, in that instant, I felt well. Whole. I could feel my heart racing in my chest, the blood pulsing hot and fast through my veins again. My lungs filled deep with the sweet scent that came off his skin. It was like there had never been any hole in my chest. I was perfect - not healed, but as if there had never been a wound in the first place.LEGIONS OF READERS ARE HUNGRY FOR MORE. GIVE IN TO TEMPTATION... ...more",https://books.toscrape.com/catalogue/new-moon-twilight-2_105/index.html
fb495f9f9015a772,Kindle Paperwhite User's Guide,Nonfiction,6,train,34.0,3,2,Kindle Paperwhite User's Guide,https://books.toscrape.com/catalogue/kindle-paperwhite-users-guide_103/index.html
b6d3f4f4ee1f6069,H is for Hawk,Nonfiction,6,train,57.42,5,2,"When Helen Macdonald's father died suddenly on a London street, she was devastated. An experienced falconer, Helen had never before been tempted to train one of the most vicious predators, the goshawk, but in her grief, she saw that the goshawk's fierce and feral temperament mirrored her own. Resolving to purchase and raise the deadly creature as a means to cope with her l When Helen Macdonald's father died suddenly on a London street, she was devastated. An experienced falconer, Helen had never before been tempted to train one of the most vicious predators, the goshawk, but in her grief, she saw that the goshawk's fierce and feral temperament mirrored her own. Resolving to purchase and raise the deadly creature as a means to cope with her loss, she adopted Mabel, and turned to the guidance of The Once and Future King author T.H. White's chronicle The Goshawk to begin her challenging endeavor. Projecting herself ""in the hawk's wild mind to tame her"" tested the limits of Macdonald's humanity and changed her life.Heart-wrenching and humorous, this book is an unflinching account of bereavement and a unique look at the magnetism of an extraordinary beast, with a parallel examination of a legendary writer's eccentric falconry. Obsession, madness, memory, myth, and history combine to achieve a distinctive blend of nature writing and memoir from an outstanding literary innovator. ...more",https://books.toscrape.com/catalogue/h-is-for-hawk_102/index.html
97b8f130d32e9f4e,Girl Online On Tour (Girl Online #2),Young Adult,9,test,53.47,1,2,"The sequel to the number-one bestseller Girl Online. Penny joins her rock-star boyfriend, Noah, on his European music tour.Penny's bags are packed.When Noah invites Penny on his European music tour, she can't wait to spend time with her rock-god-tastic boyfriend.But, between Noah's jam-packed schedule, less-than-welcoming bandmates and threatening messages from jealous fan The sequel to the number-one bestseller Girl Online. Penny joins her rock-star boyfriend, Noah, on his European music tour.Penny's bags are packed.When Noah invites Penny on his European music tour, she can't wait to spend time with her rock-god-tastic boyfriend.But, between Noah's jam-packed schedule, less-than-welcoming bandmates and threatening messages from jealous fans, Penny wonders whether she's really cut out for life on tour. She can't help but miss her family, her best friend Elliot . . . and her blog, Girl Online.Can Penny learn to balance life and love on the road, or will she lose everything in pursuit of the perfect summer? ...more",https://books.toscrape.com/catalogue/girl-online-on-tour-girl-online-2_101/index.html
c0db71f6bb14db11,"Fruits Basket, Vol. 2 (Fruits Basket #2)",Sequential Art,8,test,11.64,5,2,"A family with an ancient curse...And the girl who will change their lives forever...Ever since Tohru Honda discovered the Zodiac secret of the Sohma clan, her eyes have opened to a world of magic and wonder. But with such a great secret comes great responsibility. When her best friends Hana-chan and Uo-chan come to the Sohma home for a sleepover, Tohru has her work cut out A family with an ancient curse...And the girl who will change their lives forever...Ever since Tohru Honda discovered the Zodiac secret of the Sohma clan, her eyes have opened to a world of magic and wonder. But with such a great secret comes great responsibility. When her best friends Hana-chan and Uo-chan come to the Sohma home for a sleepover, Tohru has her work cut out for her keeping the ""Cat"" in the bag and the ""Dog"" on a leash. ...more",https://books.toscrape.com/catalogue/fruits-basket-vol-2-fruits-basket-2_100/index.html
09d26b5f819c6a36,"Y: The Last Man, Vol. 1: Unmanned (Y: The Last Man #1)",Sequential Art,8,train,18.51,4,1,"""Y"" is none other than unemployed escape artist Yorick Brown (his father was a Shakespeare buff), and he's seemingly the only male human left alive after a mysterious plague kills all Y-chromosome carriers on earth. But why are he and his faithful companion, the often testy male monkey Ampersand, still alive? He sets out to find the answer (and his girlfriend), while runni ""Y"" is none other than unemployed escape artist Yorick Brown (his father was a Shakespeare buff), and he's seemingly the only male human left alive after a mysterious plague kills all Y-chromosome carriers on earth. But why are he and his faithful companion, the often testy male monkey Ampersand, still alive? He sets out to find the answer (and his girlfriend), while running from angry female Republicans (now running the government), Amazon wannabes that include his own sister (seemingly brainwashed), and other threats. The Vertigo team of Brian K. Vaughan, Pia Guerra, and José Marzán Jr. have given us a great read!Collects Y: The Last Man issues #01-#05 ...more",https://books.toscrape.com/catalogue/y-the-last-man-vol-1-unmanned-y-the-last-man-1_98/index.html
d7b463918d3b8c39,Diary of a Minecraft Zombie Book 1: A Scare of a Dare (An Unofficial Minecraft Book),Childrens,0,train,52.88,4,2,"Diary of a Minecraft Zombie Has a Fresh New Look! Ever wonder what it would be like to be a Minecraft Zombie? In the first book of this hilarious Minecraft adventure series, we get to read the diary of an actual 12 year old, Minecraft Zombie. Take a peek at what is really going on between the hollow eyes, and dead expression that we normally see when we face the dreaded Z Diary of a Minecraft Zombie Has a Fresh New Look! Ever wonder what it would be like to be a Minecraft Zombie? In the first book of this hilarious Minecraft adventure series, we get to read the diary of an actual 12 year old, Minecraft Zombie. Take a peek at what is really going on between the hollow eyes, and dead expression that we normally see when we face the dreaded Zombies of Minecraft. Are Zombies really different from us? You'll be surprised at what you discover. So, jump into this Minecraft adventure and find out!. Diary of a Zombie is a must-read for any kid who loves Minecraft. Kids ages 7+ can't wait to jump into to these Minecraft adventures! Get Your Copy Today! ...more",https://books.toscrape.com/catalogue/diary-of-a-minecraft-zombie-book-1-a-scare-of-a-dare-an-unofficial-minecraft-book_99/index.html
8ceb5c6aed2c5f8b,While You Were Mine,Historical Fiction,4,train,41.32,5,1,"Everything she loved could so easily be lost.The end of World War II should have brought joy to Gwen Mullen. But on V-J Day, her worst fear is realized. As celebrating crowds gather in Times Square, a soldier appears on her doorstep to claim Mary, the baby abandoned to Gwen one year earlier. Suddenly Gwen is on the verge of losing the child she has nurtured and loves dearl Everything she loved could so easily be lost.The end of World War II should have brought joy to Gwen Mullen. But on V-J Day, her worst fear is realized. As celebrating crowds gather in Times Square, a soldier appears on her doorstep to claim Mary, the baby abandoned to Gwen one year earlier. Suddenly Gwen is on the verge of losing the child she has nurtured and loves dearly.With no legal claim to Mary, Gwen begins to teach Lieutenant John McKee how to care for his child, knowing that he will ultimately take Mary away. What starts as a contentious relationship, however, turns into something more, and Gwen must open her heart to learn that love means taking chances.While You Were Mine paints a vivid portrait of 1940s New York and tells an enchanting tale of the nature of love and trust. ...more",https://books.toscrape.com/catalogue/while-you-were-mine_97/index.html
def389ddfda6991b,Where Lightning Strikes (Bleeding Stars #3),Romance,7,train,39.77,3,1,"Do you know what it feels like right before lightning strikes? How you can feel the current running through your veins? The trembles of warning that ripple through the air? It was a thrill Tamar King chased all her life until it became the very thing she had to escape. For the last four years, Tamar King has hidden herself in an isolated world she created. She was safe. No Do you know what it feels like right before lightning strikes? How you can feel the current running through your veins? The trembles of warning that ripple through the air? It was a thrill Tamar King chased all her life until it became the very thing she had to escape. For the last four years, Tamar King has hidden herself in an isolated world she created. She was safe. No one could touch her. Until Lyrik West walked through her door. He’s the lead guitarist for Sunder and everything she can never have. The dark and beautiful rock star becomes everything she craves. Lyrik’s life has been devoted to his band and that success has cost him. Bitter, hard, and filled with regret, he refuses to lose himself again, but from the moment he sees her, he wants one night with Tamar King. The gorgeous bartender is more than he bargained for. Their attraction is consuming. Their desire overpowering. With one touch, they ignite. But is it worth the cost of getting burned?She’s a gorgeous nightmare and he’s a wicked dream…WHERE LIGHTNING STRIKES, a Bleeding Stars Stand-Alone Novel ...more",https://books.toscrape.com/catalogue/where-lightning-strikes-bleeding-stars-3_96/index.html
c5f91eb481427dc5,When I'm Gone,Fiction,2,train,51.96,3,1,"Dear Luke,First let me say—I love you…I didn’t want to leave you… Luke Richardson has returned home after burying Natalie, his beloved wife of sixteen years, ready to face the hard job of raising their three children alone. But there’s something he’s not prepared for—a blue envelope with his name scrawled across the front in Natalie’s handwriting, waiting for him on the f Dear Luke,First let me say—I love you…I didn’t want to leave you… Luke Richardson has returned home after burying Natalie, his beloved wife of sixteen years, ready to face the hard job of raising their three children alone. But there’s something he’s not prepared for—a blue envelope with his name scrawled across the front in Natalie’s handwriting, waiting for him on the floor of their suburban Michigan home.The letter inside, written on the first day of Natalie’s cancer treatment a year ago, turns out to be the first of many. Luke is convinced they’re genuine, but who is delivering them? As his obsession with the letters grows, Luke uncovers long-buried secrets that make him question everything he knew about his wife and their family. But the revelations also point the way toward a future where love goes on—in written words, in memories, and in the promises it’s never too late to keep. ...more",https://books.toscrape.com/catalogue/when-im-gone_95/index.html
dab5e75d1339706a,Vampire Girl (Vampire Girl #1),Fantasy,1,train,53.82,2,1,"You think it's safe to walk alone at night. It's not. You think the only threat is other humans. It's not. Monsters are real. Demons are real. Vampires are real. And I'm about to become one of them. My name is Arianna Spero. I was an ordinary girl, living an ordinary life, until my mother lapsed into a coma. Now, I am her only hope. She made a deal with the devil, and on m You think it's safe to walk alone at night. It's not. You think the only threat is other humans. It's not. Monsters are real. Demons are real. Vampires are real. And I'm about to become one of them. My name is Arianna Spero. I was an ordinary girl, living an ordinary life, until my mother lapsed into a coma. Now, I am her only hope. She made a deal with the devil, and on my 18th birthday he came to collect. But there's a way to save her. There's something the princes of hell want more than my mother. Me. So I signed my soul away and promised to pick a prince to marry. I would take the blood oath, become one of them, and give them an heir. I would become a princess of hell, and my mother would live. I expected fire and brimstone. I expected pain and misery. I didn't expect beauty. I didn't expect magic. I didn't expect love. But the princes are keeping secrets from me. Secrets that could shatter everything. Scroll up and click the buy button now to uncover the truth... ...more",https://books.toscrape.com/catalogue/vampire-girl-vampire-girl-1_92/index.html
0268f149d014b389,Travels with Charley: In Search of America,Nonfiction,6,test,57.82,5,1,"An intimate journey across and in search of America, as told by one of its most beloved writers, in a deluxe centennial edition In September 1960, John Steinbeck embarked on a journey across America. He felt that he might have lost touch with the country, with its speech, the smell of its grass and trees, its color and quality of light, the pulse of its people. To reassure An intimate journey across and in search of America, as told by one of its most beloved writers, in a deluxe centennial edition In September 1960, John Steinbeck embarked on a journey across America. He felt that he might have lost touch with the country, with its speech, the smell of its grass and trees, its color and quality of light, the pulse of its people. To reassure himself, he set out on a voyage of rediscovery of the American identity, accompanied by a distinguished French poodle named Charley; and riding in a three-quarter-ton pickup truck named Rocinante.   His course took him through almost forty states: northward from Long Island to Maine; through the Midwest to Chicago; onward by way of Minnesota, North Dakota, Montana (with which he fell in love), and Idaho to Seattle, south to San Francisco and his birthplace, Salinas; eastward through the Mojave, New Mexico, Arizona, to the vast hospitality of Texas, to New Orleans and a shocking drama of desegregation; finally, on the last leg, through Alabama, Virginia, Pennsylvania, and New Jersey to New York.  Travels with Charley in Search of America is an intimate look at one of America's most beloved writers in the later years of his life—a self-portrait of a man who never wrote an explicit autobiography. Written during a time of upheaval and racial tension in the South—which Steinbeck witnessed firsthand—Travels with Charley is a stunning evocation of America on the eve of a tumultuous decade.  ...more",https://books.toscrape.com/catalogue/travels-with-charley-in-search-of-america_90/index.html
d6d98d3508c30f57,This One Moment (Pushing Limits #1),Romance,7,train,48.71,1,1,"Fame, fortune, and stadiums full of screaming fans are right around the corner for the rock band at the heart of Stina Lindenblatt’s steamy, intense Pushing Limits series. But it’s an epic love affair that steals the show in this opening act.When Nolan Kincaid skipped town to chase the music career of his dreams, he knew he wouldn’t miss the reminders of his broken family— Fame, fortune, and stadiums full of screaming fans are right around the corner for the rock band at the heart of Stina Lindenblatt’s steamy, intense Pushing Limits series. But it’s an epic love affair that steals the show in this opening act.When Nolan Kincaid skipped town to chase the music career of his dreams, he knew he wouldn’t miss the reminders of his broken family—he wasn’t so sure he could forget the girl he left behind. Now his band is touring nonstop, the recording sessions go all night, and the groupies are crazed. But when he hears that Hailey Wilkins is in trouble, he drops everything.Hailey thought she’d missed her chance with Nolan. Five years ago, the moment she realized she loved him was the moment he decided to leave. Now, when a brutal assault lands her in the ICU, Nolan flies straight to her bedside, acting like nothing’s changed. What’s a rock star like him doing, canceling shows and risking his record deal, just to nurse an old friend back to health? And why should Hailey believe he’ll stay this time?With her attacker still at large, Nolan’s ready to rise to the occasion. He knows he let Hailey down once before, but he’s ready to give her everything, heart and soul—and he’ll fight for the chance to prove it. ...more",https://books.toscrape.com/catalogue/this-one-moment-pushing-limits-1_88/index.html
dac9d1e654fac737,"The Wicked + The Divine, Vol. 1: The Faust Act (The Wicked + The Divine)",Sequential Art,8,train,36.52,2,1,"Every ninety years, twelve gods incarnate as humans. They are loved. They are hated. In two years, they are dead. The team behind critical tongue-attractors like Young Avengers and PHONOGRAM reunite to create a world where gods are the ultimate pop stars and pop stars are the ultimate gods. But remember: just because you’re immortal, doesn’t mean you’re going to live forev Every ninety years, twelve gods incarnate as humans. They are loved. They are hated. In two years, they are dead. The team behind critical tongue-attractors like Young Avengers and PHONOGRAM reunite to create a world where gods are the ultimate pop stars and pop stars are the ultimate gods. But remember: just because you’re immortal, doesn’t mean you’re going to live forever. Collects THE WICKED + THE DIVINE #1-5 ...more",https://books.toscrape.com/catalogue/the-wicked-the-divine-vol-1-the-faust-act-the-wicked-the-divine_86/index.html
b78deb463531d078,The Silent Wife,Fiction,2,train,12.34,5,1,"A chilling psychological thriller about a marriage, a way of life, and how far one woman will go to keep what is rightfully hersJodi and Todd are at a bad place in their marriage. Much is at stake, including the affluent life they lead in their beautiful waterfront condo in Chicago, as she, the killer, and he, the victim, rush haplessly toward the main event. He is a commi A chilling psychological thriller about a marriage, a way of life, and how far one woman will go to keep what is rightfully hersJodi and Todd are at a bad place in their marriage. Much is at stake, including the affluent life they lead in their beautiful waterfront condo in Chicago, as she, the killer, and he, the victim, rush haplessly toward the main event. He is a committed cheater. She lives and breathes denial. He exists in dual worlds. She likes to settle scores. He decides to play for keeps. She has nothing left to lose. Told in alternating voices, The Silent Wife is about a marriage in the throes of dissolution, a couple headed for catastrophe, concessions that can’t be made, and promises that won’t be kept. Expertly plotted and reminiscent of Gone Girl and These Things Hidden, The Silent Wife ensnares the reader from page one and does not let go. ...more",https://books.toscrape.com/catalogue/the-silent-wife_83/index.html
6514add13c82b115,The Tumor,Nonfiction,6,test,41.56,5,1,"John Grisham says THE TUMOR is the most important book he has ever written. In this short book, he provides readers with a fictional account of how a real, new medical technology could revolutionize the future of medicine by curing with sound. THE TUMOR follows the present day experience of the fictional patient Paul, an otherwise healthy 35-year-old father who is diagnose John Grisham says THE TUMOR is the most important book he has ever written. In this short book, he provides readers with a fictional account of how a real, new medical technology could revolutionize the future of medicine by curing with sound. THE TUMOR follows the present day experience of the fictional patient Paul, an otherwise healthy 35-year-old father who is diagnosed with a malignant brain tumor. Grisham takes readers through a detailed account of Paul’s treatment and his family’s experience that doesn’t end as we would hope. Grisham then explores an alternate future, where Paul is diagnosed with the same brain tumor at the same age, but in the year 2025, when a treatment called focused ultrasound is able to extend his life expectancy. Focused ultrasound has the potential to treat not just brain tumors, but many other disorders, including Parkinson’s, Alzheimer’s, hypertension, and prostate, breast and pancreatic cancer. For more information, you can visit The Focused Ultrasound Foundation’s website. Here you will find a video of Grisham on the TEDx stage with the Foundation’s chairman and a Parkinson’s patient who brings the audience to its feet sharing her incredible story of a focused ultrasound “miracle.” Readers will get a taste of the narrative they expect from Grisham, but this short book will also educate and inspire people to be hopeful about the future of medical innovation. ...more",https://books.toscrape.com/catalogue/the-tumor_85/index.html
9e9932ae1a7d0943,The Silent Twin (Detective Jennifer Knight #3),Fantasy,1,test,36.25,3,1,"I’m alone in the dark, please can you find me …Nine-year-old twins Abigail and Olivia vow never to be parted. But when Abigail goes missing from Blackwater Farm, DC Jennifer Knight must find her before it’s too late. Twin sister Olivia has been mute since Abigail’s disappearance. But when she whispers in Jennifer’s ear, Jennifer realises it is Abigail’s voice pleading to b I’m alone in the dark, please can you find me …Nine-year-old twins Abigail and Olivia vow never to be parted. But when Abigail goes missing from Blackwater Farm, DC Jennifer Knight must find her before it’s too late. Twin sister Olivia has been mute since Abigail’s disappearance. But when she whispers in Jennifer’s ear, Jennifer realises it is Abigail’s voice pleading to be found. A damp and decaying house set in acres of desolate scrubland, the farm is a place of secrets, old and new – and Jennifer must unravel them all in order to find the lost girl. But could Olivia’s bond with her twin hold the key to finding Abigail? And can Jennifer break through her silence in time to save her sister’s life? A darkly gripping, page-turning thriller that will enthrall fans of Rachel Abbott, Alex Marwood’s The Wicked Girls and Mark Edwards. Praise for Caroline Mitchell:‘Fan-bloody-tastic! I enjoyed this book so much that I forced myself to read slowly as I just could not bear for it to end… I thought the story was brilliant. The characters were creative and kept me hooked. ‘The twists and turns kept me gasping for more… Could not recommend this book any more highly!’ Crime Book Junkie ‘This is a well written supernatural detective story, with a surprising twist that I guarantee will keep you glued to the last page… at times I couldn’t turn the pages quickly enough, it’s atmospheric, gritty and at times just plain scary, and what a twist at the end.’ The Book Review Café ‘With a brilliant cast of crime characters, and a plot that was enough to make me feel dizzy, this was a compelling book that I just couldn't get enough of. Every word, every page, every murder, every guess... I couldn't wait for the final piece of the jigsaw to fit into place… the word 'thrilling' just doesn't do this justice.’ Becca’s Books ...more",https://books.toscrape.com/catalogue/the-silent-twin-detective-jennifer-knight-3_82/index.html
5faefdc861684eb1,"The Sandman, Vol. 1: Preludes and Nocturnes (The Sandman (volumes) #1)",Sequential Art,8,train,54.12,3,1,"In 1916, Dream is captured and encased in a glass globe in a failed attempt by a fictional Edwardian magician (very much in the vein of Aleister Crowley) named Roderick Burgess to bind Death and attain immortality. Dream bides his time for decades until Burgess dies. Afterwards, his son Alexander becomes Dream's new captor. Finally, in 1988, Alex's guards grow careless and In 1916, Dream is captured and encased in a glass globe in a failed attempt by a fictional Edwardian magician (very much in the vein of Aleister Crowley) named Roderick Burgess to bind Death and attain immortality. Dream bides his time for decades until Burgess dies. Afterwards, his son Alexander becomes Dream's new captor. Finally, in 1988, Alex's guards grow careless and the guards watching him fall asleep in his presence, allowing Dream to use the sand from their dream to his benefit. When the guards awake and break the seal Dream was in, he is then able to escape. Dream punishes Alex by cursing him to experience an unending series of nightmares. The rest of the story concerns Dream's quest to recover his totems of power, which were dispersed following his capture: a pouch of sand, a helm and a ruby. The pouch is being kept by a former girlfriend of John Constantine's. Once that is recovered, Dream travels to hell to regain the helm from a demon, where he incurs the wrath of Lucifer (an enmity that will have major repercussions later in the series). The ruby is in the possession of John Dee, a.k.a. Doctor Destiny, a supervillain from the Justice League of America series. He has warped and corrupted the ruby, rendering Dream unable to use it, and with it he nearly tears apart the Dreaming. However, thinking that it will kill Dream, Dee shatters the ruby, inadvertently releasing the power that Dream had stored in the ruby and restoring Dream to his full power. The collection ends with ""The Sound of Her Wings"", an epilogue to the first story-arc. This issue introduces a character who has become one of the series' most popular and prominent personalities: Dream's older sister Death. She is depicted as an attractive, down-to-earth young goth girl, very unlike the traditional personification of death, and spends the issue talking Dream out of his brief post-quest depression. ...more",https://books.toscrape.com/catalogue/the-sandman-vol-1-preludes-and-nocturnes-the-sandman-volumes-1_79/index.html
38f776ab9118aed7,The Secret Healer,Historical Fiction,4,train,34.56,3,1,"In the fourteenth century, opportunities for women are limited to the home. But spirited young Madlen finds her calling as assistant to the city’s trusted midwife, Clara. Working alongside Clara, Madlen develops a surprisingly soothing technique and quickly becomes a talented healer.After Clara’s tragic death, Madlen alone rushes to assist the birth of a local nobleman’s c In the fourteenth century, opportunities for women are limited to the home. But spirited young Madlen finds her calling as assistant to the city’s trusted midwife, Clara. Working alongside Clara, Madlen develops a surprisingly soothing technique and quickly becomes a talented healer.After Clara’s tragic death, Madlen alone rushes to assist the birth of a local nobleman’s child. But rather than the joy of birth, Madlen walks into an accusation of murder and witchcraft because of her extraordinary gifts. Forced to flee her own town, she establishes a new identity in the home of her aunt. Yet even though it endangers her life, she cannot resist the urge to help the sick patients who seek out her miraculous treatment. When she meets handsome Johannes—an investigator hired by the Church to bring her to justice for sacrilegious acts—she becomes drawn to the very man who could destroy her.Will Madlen’s gifts bring about her downfall? Or can love and reason prevail in a time of fearful superstition? ...more",https://books.toscrape.com/catalogue/the-secret-healer_80/index.html
b0913e67d38d5ed5,The No. 1 Ladies' Detective Agency (No. 1 Ladies' Detective Agency #1),Mystery,5,train,57.7,4,1,"The No.1 ladies' detective agency consists of one woman, the engaging and sassy Precious Ramotswe, who sets up shop in Gabarone, Botswana. This unlikely herione specialises in missing husbands, wayward daughters, con men and impostors.",https://books.toscrape.com/catalogue/the-no-1-ladies-detective-agency-no-1-ladies-detective-agency-1_76/index.html
c40b70e0f6d80189,The Mirror & the Maze (The Wrath and the Dawn #1.5),Fantasy,1,train,29.38,1,1,"The city of Rey is burning. With smoke billowing, fires blazing and his people fleeing, Khalid races back to defend his city, and protect his queen. But Khalid is too late to do either. He and his men arrive to find the city in ruins, nothing but a maze of destruction, and Shahrzad is gone. But who could have wrought such devastation? Khalid fears he may already know the a The city of Rey is burning. With smoke billowing, fires blazing and his people fleeing, Khalid races back to defend his city, and protect his queen. But Khalid is too late to do either. He and his men arrive to find the city in ruins, nothing but a maze of destruction, and Shahrzad is gone. But who could have wrought such devastation? Khalid fears he may already know the answer, the price of choosing love over the people of Rey all too evident. ...more",https://books.toscrape.com/catalogue/the-mirror-the-maze-the-wrath-and-the-dawn-15_73/index.html
fff8a057a40c4a60,The Haters,Young Adult,9,test,27.89,5,1,"From Jesse Andrews, author of the New York Times bestselling Me and Earl and the Dying Girl and screenwriter of the Sundance award–winning motion picture of the same name, comes a groundbreaking young adult novel about music, love, friendship, and freedom as three young musicians follow a quest to escape the law long enough to play the amazing show they hope (but also doub From Jesse Andrews, author of the New York Times bestselling Me and Earl and the Dying Girl and screenwriter of the Sundance award–winning motion picture of the same name, comes a groundbreaking young adult novel about music, love, friendship, and freedom as three young musicians follow a quest to escape the law long enough to play the amazing show they hope (but also doubt) they have in them.Inspired by the years he spent playing bass in a band himself, The Haters is Jesse Andrews’s road trip adventure about a trio of jazz-camp escapees who, against every realistic expectation, become a band. For Wes and his best friend, Corey, jazz camp turns out to be lame. It’s pretty much all dudes talking in Jazz Voice. But then they jam with Ash, a charismatic girl with an unusual sound, and the three just click. It’s three and a half hours of pure musical magic, and Ash makes a decision: They need to hit the road. Because the road, not summer camp, is where bands get good. Before Wes and Corey know it, they’re in Ash’s SUV heading south, and The Haters Summer of Hate Tour has begun.In his second novel, Andrews again brings his brilliant and distinctive voice to YA, in the perfect book for music lovers, fans of The Commitments and High Fidelity, or anyone who has ever loved—and hated—a song or a band. This witty, funny coming-of-age novel is contemporary fiction at its best. ...more",https://books.toscrape.com/catalogue/the-haters_67/index.html
4280ac3eab57aa5d,The Girl You Lost,Mystery,5,train,12.29,5,1,"Eighteen years ago your baby daughter was snatched. Today, she came back. A sinister and darkly compelling psychological thriller from the No.1 bestselling author of The Girl With No Past. Eighteen years ago, Simone Porter’s six-month-old daughter, Helena, was abducted. Simone and husband, Matt, have slowly rebuilt their shattered lives, but the pain at losing their child Eighteen years ago your baby daughter was snatched. Today, she came back. A sinister and darkly compelling psychological thriller from the No.1 bestselling author of The Girl With No Past. Eighteen years ago, Simone Porter’s six-month-old daughter, Helena, was abducted. Simone and husband, Matt, have slowly rebuilt their shattered lives, but the pain at losing their child has never left them. Then a young woman, Grace, appears out of the blue and tells Simone she has information about her stolen baby. But just who is Grace – and can Simone trust her? When Grace herself disappears, Simone becomes embroiled in a desperate search for her daughter and the woman who has vital clues about her whereabouts. Simone is inching closer to the truth but it’ll take her into dangerous and disturbing territory. Simone lost her baby. Will she lose her life trying to find her? Read what people are saying about the Number One Bestseller, The Girl With No Past: ‘I read this in a day and found myself totally engaged with the plot. Kathryn Croft has pulled off a very accessible mystery, that exceeded my expectations and shows her talent. The ending was just right! Worth a read if you fancy a well paced mystery, on these dark autumnal nights.’ Northern Crime ‘Kept the tension and mystery going right until the end … An intense read that keeps you turning page after page.’ Crime Book Club ‘Wow! This book grabbed me from the very beginning! … To say this book is a page turner would be an understatement!’ Chat About Books ‘It kept me up all night and cost me my beauty sleep! I will get it out of the way immediately and tell you that this is one of the best thrillers I have read this year and it is fully deserving of my 5-star rating.’ Books Are Man’s Other Best Friend ‘BLIMEY. This book is GRIPPY - I sat and read it over the course of a day and a night, purely because I couldn't put it down.’ Reading Room with a View ‘The reader is kept guessing until the end. It's perfection for a thriller and the author does amazingly to keep our intrigue.’ Chic Toronto ‘Gripping, a real page turner… Excellent plot, and gripping stuff, that keeps the reader guessing until the end … raced to the end to find out what was happening and how it would all end … what a storyteller Kathryn Croft is!’ Emma’s Book Reviews ‘The concept of this book, and the story itself is phenomenal - honestly one of the best i have read, it really does outshine all other thrillers i have read.’ Afternoon Bookery ‘I really enjoyed this from start to finish. It's one of these books where you just HAVE to read JUST a couple more pages to see what is going to happen next. The author is very good at building suspense and revealing details bit by bit. It was totally unpredictable and had some very good twists. ...more",https://books.toscrape.com/catalogue/the-girl-you-lost_66/index.html
09659d1639a1f978,The End of the Jesus Era (An Investigation #1),Nonfiction,6,train,14.4,1,1,"God exists!? This may seem unprovable. The truth about Jesus differs radically from his traditional image!? This may seem absurd. However, both of the above assumptions are in fact provable through the logic that orders the Universe and also by virtue of the moral principles inherent in Life.This book initiates an independent investigation into the Jesus phenomenon. In par God exists!? This may seem unprovable. The truth about Jesus differs radically from his traditional image!? This may seem absurd. However, both of the above assumptions are in fact provable through the logic that orders the Universe and also by virtue of the moral principles inherent in Life.This book initiates an independent investigation into the Jesus phenomenon. In parallel with this, it opens up an exploration of the nature of the Creator. ...more",https://books.toscrape.com/catalogue/the-end-of-the-jesus-era-an-investigation-1_64/index.html
ee61197edb882599,The Girl In The Ice (DCI Erika Foster #1),Mystery,5,train,15.85,3,1,"Her eyes are wide open. Her lips parted as if to speak. Her dead body frozen in the ice…She is not the only one. When a young boy discovers the body of a woman beneath a thick sheet of ice in a South London park, Detective Erika Foster is called in to lead the murder investigation. The victim, a beautiful young socialite, appeared to have the perfect life. Yet when Erika b Her eyes are wide open. Her lips parted as if to speak. Her dead body frozen in the ice…She is not the only one. When a young boy discovers the body of a woman beneath a thick sheet of ice in a South London park, Detective Erika Foster is called in to lead the murder investigation. The victim, a beautiful young socialite, appeared to have the perfect life. Yet when Erika begins to dig deeper, she starts to connect the dots between the murder and the killings of three prostitutes, all found strangled, hands bound and dumped in water around London. What dark secrets is the girl in the ice hiding? As Erika inches closer to uncovering the truth, the killer is closing in on Erika. The last investigation Erika led went badly wrong… resulting in the death of her husband. With her career hanging by a thread, Erika must now battle her own personal demons as well as a killer more deadly than any she’s faced before. But will she get to him before he strikes again?A page-turning thriller packed with suspense. If you like Angela Marsons, Rachel Abbott and Karin Slaughter, discover Rob Bryndza’s new series today – at a special launch price. Watch out for more from DCI Erika FosterShe’s fearless. Respected. Unstoppable. Detective Erika Foster will catch a killer, whatever it takes. 1. THE GIRL IN THE ICE 2. THE NIGHT STALKER (COMING SOON) ...more",https://books.toscrape.com/catalogue/the-girl-in-the-ice-dci-erika-foster-1_65/index.html
3301af038a720587,The Complete Maus (Maus #1-2),Sequential Art,8,train,10.64,3,1,"Combined for the first time here are Maus I: A Survivor's Tale and Maus II - the complete story of Vladek Spiegelman and his wife, living and surviving in Hitler's Europe. By addressing the horror of the Holocaust through cartoons, the author captures the everyday reality of fear and is able to explore the guilt, relief and extraordinary sensation of survival - and how the Combined for the first time here are Maus I: A Survivor's Tale and Maus II - the complete story of Vladek Spiegelman and his wife, living and surviving in Hitler's Europe. By addressing the horror of the Holocaust through cartoons, the author captures the everyday reality of fear and is able to explore the guilt, relief and extraordinary sensation of survival - and how the children of survivors are in their own way affected by the trials of their parents. A contemporary classic of immeasurable significance. ...more",https://books.toscrape.com/catalogue/the-complete-maus-maus-1-2_62/index.html
dfb0849016bc122c,The Bette Davis Club,Fiction,2,train,30.66,3,1,"The morning of her niece’s wedding, Margo Just drinks a double martini and contemplates the many mistakes she’s made in her fifty-odd years of life. Spending three decades in love with a wonderful but unattainable man is pretty high up on her list of missteps, as is a long line of unsuccessful love affairs accompanied by a seemingly endless supply of delicious cocktails.Wh The morning of her niece’s wedding, Margo Just drinks a double martini and contemplates the many mistakes she’s made in her fifty-odd years of life. Spending three decades in love with a wonderful but unattainable man is pretty high up on her list of missteps, as is a long line of unsuccessful love affairs accompanied by a seemingly endless supply of delicious cocktails.When the young bride flees—taking with her a family heirloom and leaving behind six hundred bewildered guests—her mother offers Margo fifty grand to retrieve her spoiled brat of a daughter and the invaluable property she stole. So, together with the bride’s jilted and justifiably crabby fiancé, Margo sets out in a borrowed 1955 red MG on a cross-country chase. Along the way, none of what she discovers will be quite what she expected. But it might be exactly what she’s been seeking all along.From acclaimed humor writer Jane Lotter comes this madcap, laugh-out-loud adventure, The Bette Davis Club. Revised edition: This edition of The Bette Davis Club includes editorial revisions. ...more",https://books.toscrape.com/catalogue/the-bette-davis-club_59/index.html
5bc1fbccfbf2355c,The Art of Not Breathing,Young Adult,9,train,40.83,4,1,"Since her twin brother, Eddie, drowned five years ago, sixteen-year-old Elsie Main has tried to remember what really happened that fateful day on the beach. One minute Eddie was there, and the next he was gone. Seventeen-year-old Tay McKenzie is a cute and mysterious boy that Elsie meets in her favorite boathouse hangout. When Tay introduces Elsie to the world of freedivin Since her twin brother, Eddie, drowned five years ago, sixteen-year-old Elsie Main has tried to remember what really happened that fateful day on the beach. One minute Eddie was there, and the next he was gone. Seventeen-year-old Tay McKenzie is a cute and mysterious boy that Elsie meets in her favorite boathouse hangout. When Tay introduces Elsie to the world of freediving, she vows to find the answers she seeks at the bottom of the sea. ...more",https://books.toscrape.com/catalogue/the-art-of-not-breathing_58/index.html
e25164e5b3fe208b,Starlark,Historical Fiction,4,train,25.83,3,1,"On the morning of her wedding, Roma awakens to find that a 21st century eclipse has swept her through time and space to medieval Ireland—a land bedevilled with strife, conflict and danger at every possible turn. Soon caught up in an intricate spider’s web of political intrigue, Roma is forced to ally herself and marry a man she passionately hates—a cocky, rugged, silver-to On the morning of her wedding, Roma awakens to find that a 21st century eclipse has swept her through time and space to medieval Ireland—a land bedevilled with strife, conflict and danger at every possible turn. Soon caught up in an intricate spider’s web of political intrigue, Roma is forced to ally herself and marry a man she passionately hates—a cocky, rugged, silver-tongued Irish warrior—and the only man who can protect her from the dark forces at work on the Emerald Isle… For under the rolling green hills of the ancient Irish countryside lies a powerful force that even today is only spoken of in hushed tones. And as the war deepens, Roma finds herself falling for the one man she swore that she never would—her husband, Fionn, whose fierce passion drives her crazy despite herself. Roma’s a very long way from home—but her battle has only just begun, and now she needs Fionn’s help more than ever to succeed…and craves his touch more than ever to survive. Rich in historical detail and breathtaking romance, prepare to be swept back in time to the lush mythology, epic legends, and Celtic magic of STARLARK’s medieval Ireland—and the spellbinding tale of a love so absolute it transcends time itself… ...more",https://books.toscrape.com/catalogue/starlark_56/index.html
2ac720f76384c57e,"Skip Beat!, Vol. 01 (Skip Beat! #1)",Sequential Art,8,train,42.12,3,1,"Kyoko always thought that Sho, whose family took her in when she was small, was her prince charming. However, when Sho heads for Tokyo to make it big as a musician, Kyoko goes with him and has to quit high school to support his dream. But soon, being in the big city makes Kyoko realize that she has show business ambitions of her own!",https://books.toscrape.com/catalogue/skip-beat-vol-01-skip-beat-1_55/index.html
3a9a7c5895e82646,Sister Sable (The Mad Queen #1),Fantasy,1,train,13.33,3,1,"THE FIRST TENET OF THE WIND: Do not get caught.Sister Sable has lived by the first tenet for seven years, but when an unexpected accident reveals the runaway nun to the clergy, she is forced to embrace the remaining four.THE SECOND TENET OF THE WIND: Win by any means.With the King’s spymaster committed to killing her, and his general regretting he didn’t, Sable enters a de THE FIRST TENET OF THE WIND: Do not get caught.Sister Sable has lived by the first tenet for seven years, but when an unexpected accident reveals the runaway nun to the clergy, she is forced to embrace the remaining four.THE SECOND TENET OF THE WIND: Win by any means.With the King’s spymaster committed to killing her, and his general regretting he didn’t, Sable enters a deadly game.THE THIRD TENET OF THE WIND: The purpose of picking up a blade is to cut the enemy.Scaring them is discretionary.THE FOURTH TENET OF THE WIND: Have no preferred weapon. Even so, she likes the axe.THE FIFTH TENET OF THE WIND: Know the way of all professions.Prophet, pilot, assassin, spy, Sable will need to call upon all she has learned to protect the King’s future from the past. ...more",https://books.toscrape.com/catalogue/sister-sable-the-mad-queen-1_54/index.html
229cd6564bf0dce4,Shadow Rites (Jane Yellowrock #10),Fantasy,1,train,21.72,4,1,"Slaying vampires is child’s play for skinwalker Jane Yellowrock. But handling the complicated politics of New Orleans’ supernatural players is another story...Jane is keeping the peace between visiting groups of witches and vamps in the city, but then trouble comes knocking on her doorstep. When her house is magically attacked, the wild chase to find her assailants unearth Slaying vampires is child’s play for skinwalker Jane Yellowrock. But handling the complicated politics of New Orleans’ supernatural players is another story...Jane is keeping the peace between visiting groups of witches and vamps in the city, but then trouble comes knocking on her doorstep. When her house is magically attacked, the wild chase to find her assailants unearths a mystery that has literally been buried deep.A missing master vampire, presumed long deceased, is found chained in a pit...undead, raving mad, and in the company of two human bodies. Now it’s up to Jane to find out who kept the vampire hidden for so long and why, because the incident could tip already high supernatural tensions to an all-out arcane war. ...more",https://books.toscrape.com/catalogue/shadow-rites-jane-yellowrock-10_51/index.html
4f64568dfefa3ce7,"Saga, Volume 1 (Saga (Collected Editions) #1)",Sequential Art,8,train,28.48,1,1,"When two soldiers from opposite sides of a never-ending galactic war fall in love, they risk everything to bring a fragile new life into a dangerous old universe. From bestselling writer Brian K. Vaughan, Saga is the sweeping tale of one young family fighting to find their place in the worlds. Fantasy and science fiction are wed like never before in this sexy, subversive d When two soldiers from opposite sides of a never-ending galactic war fall in love, they risk everything to bring a fragile new life into a dangerous old universe. From bestselling writer Brian K. Vaughan, Saga is the sweeping tale of one young family fighting to find their place in the worlds. Fantasy and science fiction are wed like never before in this sexy, subversive drama for adults. Collects Saga issues #1-6. ...more",https://books.toscrape.com/catalogue/saga-volume-1-saga-collected-editions-1_48/index.html
9efb397067eb7e8a,"Rhythm, Chord & Malykhin",Romance,7,test,28.34,2,1,"Twenty-six-year-old Gaby Barreto might be a lot of things (loyal, sarcastic, one of the guys and a pain in the butt depending on which family member you ask), but dumb isn’t one of them. When her twin brother invites her to go on tour as his band’s merch girl, she isn’t exactly screaming at the top of her lungs with joy. With no job opportunities pounding on her door, an e Twenty-six-year-old Gaby Barreto might be a lot of things (loyal, sarcastic, one of the guys and a pain in the butt depending on which family member you ask), but dumb isn’t one of them. When her twin brother invites her to go on tour as his band’s merch girl, she isn’t exactly screaming at the top of her lungs with joy. With no job opportunities pounding on her door, an ex-boyfriend she would still like to castrate, and no end in sight to moving out of her parents’ house in Dallas… it would be dumb to say no to the chance of a lifetime. Two bands, three continents, one tour. Spending the next ninety-plus days with three beloved idiots and eight complete strangers shouldn’t be a big deal, right? If only the singer of the headlining band didn’t have tattoos... a great personality… a fantastic body… and if he wasn’t so funny…. Let’s be real: Gaby never had a chance against Sacha Malykhin. ...more",https://books.toscrape.com/catalogue/rhythm-chord-malykhin_47/index.html
3cdca3b4a93980f5,"Rat Queens, Vol. 1: Sass & Sorcery (Rat Queens (Collected Editions) #1-5)",Sequential Art,8,train,46.96,5,1,"Who are the Rat Queens? A pack of booze-guzzling, death-dealing battle maidens-for-hire, and they're in the business of killing all god's creatures for profit. It's also a darkly comedic sass-and-sorcery series starring Hannah the Rockabilly Elven Mage, Violet the Hipster Dwarven Fighter, Dee the Atheist Human Cleric and Betty the Hippy Smidgen Thief. This modern spin on a Who are the Rat Queens? A pack of booze-guzzling, death-dealing battle maidens-for-hire, and they're in the business of killing all god's creatures for profit. It's also a darkly comedic sass-and-sorcery series starring Hannah the Rockabilly Elven Mage, Violet the Hipster Dwarven Fighter, Dee the Atheist Human Cleric and Betty the Hippy Smidgen Thief. This modern spin on an old school genre is a violent monster-killing epic that is like Buffy meets Tank Girl in a Lord of the Rings world on crack! Collecting Rat Queens #1-5! ...more",https://books.toscrape.com/catalogue/rat-queens-vol-1-sass-sorcery-rat-queens-collected-editions-1-5_46/index.html
bcbcbcf0f6ed196f,"Paper Girls, Vol. 1 (Paper Girls #1-5)",Sequential Art,8,train,21.71,4,1,"In the early hours after Halloween of 1988, four 12-year-old newspaper delivery girls uncover the most important story of all time. Suburban drama and otherworldly mysteries collide in this smash-hit series about nostalgia, first jobs, and the last days of childhood.Collects Paper Girls #1-5.",https://books.toscrape.com/catalogue/paper-girls-vol-1-paper-girls-1-5_44/index.html
326825e02a198cf6,"Ouran High School Host Club, Vol. 1 (Ouran High School Host Club #1)",Sequential Art,8,train,29.87,3,1,"One day, Haruhi, a scholarship student at exclusive Ouran High School, breaks an $80,000 vase that belongs to the 'Host Club', a mysterious campus group consisting of six super-rich (and gorgeous) guys. To pay back the damages, she is forced to work for the club, and it's there that she discovers just how wealthy the boys are and how different they are from everybody else.",https://books.toscrape.com/catalogue/ouran-high-school-host-club-vol-1-ouran-high-school-host-club-1_43/index.html
8932e5c12f12ffed,Origins (Alphas 0.5),Fantasy,1,train,28.99,1,1,"From Ilona Andrews—#1 New York Times bestselling author of Magic Shifts and the Kate Daniels novels—comes a stark, seductive tale of a world torn asunder by supernatural gifts and irresistible passions...Karina Tucker is driving a van of children home from a field trip when an unplanned detour to a seemingly ordinary rest stop changes her life. There, she witnesses a world From Ilona Andrews—#1 New York Times bestselling author of Magic Shifts and the Kate Daniels novels—comes a stark, seductive tale of a world torn asunder by supernatural gifts and irresistible passions...Karina Tucker is driving a van of children home from a field trip when an unplanned detour to a seemingly ordinary rest stop changes her life. There, she witnesses a world beyond humanity’s sight, of frightful powers and chaos, where she is in death’s grip... before an irresistibly dangerous male saves her—only to take her captive.For she is a rare commodity in the shadowy realm she’s entered.Karina soon finds herself caught in a violent civil war where those with inhuman powers strive to destroy each other without mercy. And it becomes all too clear that she must make a choice: submit and become a pawn, or take hold of her own destiny and fight for survival against impossible odds.Alphas: Origins originally appeared in Angels of Darkness. ...more",https://books.toscrape.com/catalogue/origins-alphas-05_42/index.html
7ea31f38675b91c1,One Second (Seven #7),Fantasy,1,train,52.94,2,1,"***USA TODAY BESTSELLING SERIES*** EXPLOSIVE FINAL INSTALLMENT IN THE SEVEN SERIES Book 1 is on sale for a limited time! Love. Family. Brotherhood. Lexi has faced personal struggles, but nothing has prepared her for the most perilous battle of her life. Shifters are on the brink of war as Northerners target Colorado in an attempt to infiltrate the borders. Texas winds up o ***USA TODAY BESTSELLING SERIES*** EXPLOSIVE FINAL INSTALLMENT IN THE SEVEN SERIES Book 1 is on sale for a limited time! Love. Family. Brotherhood. Lexi has faced personal struggles, but nothing has prepared her for the most perilous battle of her life. Shifters are on the brink of war as Northerners target Colorado in an attempt to infiltrate the borders. Texas winds up on the hit list, and the Weston pack prepares to fight for their land… and for their lives. Austin’s courage is put to the test when rogues want to seize his land and slaughter his pack. But that’s not all he’s facing as two shocking revelations turn their lives upside down. His love for Lexi is unwavering, but their future is uncertain. Will the local packs set aside their differences to fight together, or will this be the end of peace among Shifters? Stand witness to the epic conclusion of the Seven series. Destiny will find you. + Cliffhanger-free + HEA SEVEN SERIES READING ORDER: Book 1 - Seven Years (Seven Series #1) Book 2 - Six Months (Seven Series #2) Book 3 - Five Weeks (Seven Series #3) Book 4 - Four Days (Seven Series #4) Book 5 - Three Hours (Seven Series #5) Book 6 - Two Minutes (Seven Series #6) Book 7 - One Second (Seven Series #7) SEVEN WORLD Charming MAGERI SERIES READING ORDER: Book 1 - Sterling (Mageri Series: Book 1) Book 2 - Twist (Mageri Series: Book 2) Book 3 - Impulse (Mageri Series: Book 3) Book 4 - Gravity (Mageri Series: Book 4) Book 5 - Shine (Mageri Series: Book 5) Final Installment! MAGERI WORLD: Risk (coming soon) OTHER BOOKS: Closer: A Novella ...more",https://books.toscrape.com/catalogue/one-second-seven-7_41/index.html
63e20a0f98218a87,Myriad (Prentor #1),Fantasy,1,train,58.75,4,1,"Alternate Cover Edition: 14783849642016 Revised EditionKalin, tired of being put down for who he is, leaves home when he turns eighteen. Despite being a warlock, he’s denied his magic for years because his parents told him magic is evil. He just wants to start a new life and leave his past behind.But then Kalin is approached by a group who tell him he has a rare kind of po Alternate Cover Edition: 14783849642016 Revised EditionKalin, tired of being put down for who he is, leaves home when he turns eighteen. Despite being a warlock, he’s denied his magic for years because his parents told him magic is evil. He just wants to start a new life and leave his past behind.But then Kalin is approached by a group who tell him he has a rare kind of power—and the ability to stop a dark warlock from threatening the Royal family. Kalin doesn’t think he can help until one of the witches, a seer named Regina, has a vision about his future. The truth behind his ability shocks him—and may lead to his death and the death of his new friends. With Regina's visions as his guide, will he decide the risk is worth taking?This is a NOVELLA of approximately 27,000 words. ...more",https://books.toscrape.com/catalogue/myriad-prentor-1_36/index.html
35a60467893aa168,"Ms. Marvel, Vol. 1: No Normal (Ms. Marvel (2014-2015) #1)",Sequential Art,8,train,39.39,4,1,"Marvel Comics presents the new Ms. Marvel, the groundbreaking heroine that has become an international sensation! Kamala Khan is an ordinary girl from Jersey City — until she's suddenly empowered with extraordinary gifts. But who truly is the new Ms. Marvel? Teenager? Muslim? Inhuman? Find out as she takes the Marvel Universe by storm! When Kamala discovers the dangers of Marvel Comics presents the new Ms. Marvel, the groundbreaking heroine that has become an international sensation! Kamala Khan is an ordinary girl from Jersey City — until she's suddenly empowered with extraordinary gifts. But who truly is the new Ms. Marvel? Teenager? Muslim? Inhuman? Find out as she takes the Marvel Universe by storm! When Kamala discovers the dangers of her newfound powers, she unlocks a secret behind them, as well. Is Kamala ready to wield these immense new gifts? Or will the weight of the legacy before her be too much to bear? Kamala has no idea, either. But she's comin' for you, Jersey! It's history in the making from acclaimed writer G. Willow Wilson (Air, Cairo) and beloved artist Adrian Alphona (RUNAWAYS)! Collecting MS. MARVEL (2014) #1-5 and material from ALL-NEW MARVEL NOW! POINT ONE #1. ...more",https://books.toscrape.com/catalogue/ms-marvel-vol-1-no-normal-ms-marvel-2014-2015-1_34/index.html
fd78f89878479f56,My Perfect Mistake (Over the Top #1),Romance,7,test,38.92,2,1,"What happens in Aspenis definitely not staying in Aspen. . .A girls’ trip to Aspen was exactly what Shay needed to forget about her toxic ex-boyfriend. She’s got her girls, pristine slopes for skiing, and hot guys everywhere. Of course, her epic self-rediscovery goes completely to hell when a wild (and deliciously hot) skier knocks Shay on her ass . . . and war is declared What happens in Aspenis definitely not staying in Aspen. . .A girls’ trip to Aspen was exactly what Shay needed to forget about her toxic ex-boyfriend. She’s got her girls, pristine slopes for skiing, and hot guys everywhere. Of course, her epic self-rediscovery goes completely to hell when a wild (and deliciously hot) skier knocks Shay on her ass . . . and war is declared. Kolton doesn’t know what it is about Shay that makes him lose it. Not just his cool—although she does have an unholy gift for that—but his restraint. When anger gives way to explosive chemistry, they’re both shaken with the intensity of it. But somewhere between lust and hate, Kolton and Shay realize they could have something real . . . if they don’t kill each other first. ...more",https://books.toscrape.com/catalogue/my-perfect-mistake-over-the-top-1_35/index.html
1053fb7ee17a1f33,Matilda,Childrens,0,train,28.34,1,1,"Matilda is a little girl who is far too good to be true. At age five-and-a-half she's knocking off double-digit multiplication problems and blitz-reading Dickens. Even more remarkably, her classmates love her even though she's a super-nerd and the teacher's pet. But everything is not perfect in Matilda's world. For starters she has two of the most idiotic, self-centered pa Matilda is a little girl who is far too good to be true. At age five-and-a-half she's knocking off double-digit multiplication problems and blitz-reading Dickens. Even more remarkably, her classmates love her even though she's a super-nerd and the teacher's pet. But everything is not perfect in Matilda's world. For starters she has two of the most idiotic, self-centered parents who ever lived. Then there's the large, busty nightmare of a school principal, Mrs. (""The"") Trunchbull, a former hammer-throwing champion who flings children at will and is approximately as sympathetic as a bulldozer. Fortunately for Matilda, she has the inner resources to deal with such annoyances: astonishing intelligence, saintly patience, and an innate predilection for revenge.She warms up with some practical jokes aimed at her hapless parents, but the true test comes when she rallies in defense of her teacher, the sweet Miss Honey, against the diabolical Trunchbull. There is never any doubt that Matilda will carry the day. Even so, this wonderful story is far from predictable. Roald Dahl, while keeping the plot moving imaginatively, also has an unerring ear for emotional truth. The reader cares about Matilda because in addition to all her other gifts, she has real feelings. ...more",https://books.toscrape.com/catalogue/matilda_32/index.html
d510567580c8be52,Lost Among the Living,Historical Fiction,4,train,27.7,4,1,"England, 1921. Three years after her husband, Alex, disappeared, shot down over Germany, Jo Manders still mourns his loss. Working as a paid companion to Alex's wealthy, condescending aunt, Dottie Forsyth, Jo travels to the family’s estate in the Sussex countryside. But there is much she never knew about her husband’s origins…and the revelation of a mysterious death in the England, 1921. Three years after her husband, Alex, disappeared, shot down over Germany, Jo Manders still mourns his loss. Working as a paid companion to Alex's wealthy, condescending aunt, Dottie Forsyth, Jo travels to the family’s estate in the Sussex countryside. But there is much she never knew about her husband’s origins…and the revelation of a mysterious death in the Forsyths’ past is just the beginning…All is not well at Wych Elm House. Dottie's husband is distant, and her son was grievously injured in the war. Footsteps follow Jo down empty halls, and items in her bedroom are eerily rearranged. The locals say the family is cursed, and that a ghost in the woods has never rested. And when Jo discovers her husband’s darkest secrets, she wonders if she ever really knew him. Isolated in a place of deception and grief, she must find the truth or lose herself forever.And then a familiar stranger arrives at Wych Elm House… ...more",https://books.toscrape.com/catalogue/lost-among-the-living_31/index.html
6e712ea24e77bd96,Listen to Me (Fusion #1),Romance,7,test,58.99,3,1,"In New York Times and USA Today bestselling author Kristen Proby’s brand new series, five best friends open a hot new restaurant, but one of them gets much more than she bargained for when a sexy former rock star walks through the doors—and into her heart.Seduction is quickly becoming the hottest new restaurant in Portland, and Addison Wade is proud to claim 1/5 of the cre In New York Times and USA Today bestselling author Kristen Proby’s brand new series, five best friends open a hot new restaurant, but one of them gets much more than she bargained for when a sexy former rock star walks through the doors—and into her heart.Seduction is quickly becoming the hottest new restaurant in Portland, and Addison Wade is proud to claim 1/5 of the credit. She’s determined to make it a success and can’t think of a better way to bring in new customers than live music. But when former rock star Jake Keller swaggers through the doors to apply for the weekend gig, she knows she’s in trouble. Addie instantly recognizes him—his posters were plastered all over her bedroom walls in high school—he’s all bad boy...exactly her type and exactly what she doesn’t need.Jake Keller walked away from the limelight five years ago and yearns to return to what’s always driven him: the music. If he gets to work for a smart-mouthed, funny-as-hell bombshell, all the better. But talking Addie into giving him the job is far easier than persuading her that he wants more than a romp in her bed. Just when she begins to drop her walls, Jake’s past finally catches up with him.Will Addie be torn apart once again or will Jake be able to convince her to drown out her doubts and listen to her heart? ...more",https://books.toscrape.com/catalogue/listen-to-me-fusion-1_29/index.html
06f6a57a6d532844,Kitchens of the Great Midwest,Fiction,2,train,57.2,5,1,"“A sweet and savory treat.” —People“An impressive feat of narrative jujitsu . . . that keeps readers turning the pages too fast to realize just how ingenious they are.”—The New York Times Book Review, Editor’s Pick“Kitchens of the Great Midwest is a terrific reminder of what can be wrested from suffering and struggle—not only success, but also considerable irony, a fair am “A sweet and savory treat.” —People“An impressive feat of narrative jujitsu . . . that keeps readers turning the pages too fast to realize just how ingenious they are.”—The New York Times Book Review, Editor’s Pick“Kitchens of the Great Midwest is a terrific reminder of what can be wrested from suffering and struggle—not only success, but also considerable irony, a fair amount of wisdom and a decent meal.”—Jane Smiley, The GuardianAs seen on The Skimm: “Warning: this will make you hungry. . . . You won’t be able to put it down. And it will up your kitchen game.”Kitchens of the Great Midwest, about a young woman with a once-in-a-generation palate who becomes the iconic chef behind the country’s most coveted dinner reservation, is the summer’s most hotly anticipated debut.   When Lars Thorvald’s wife, Cynthia, falls in love with wine—and a dashing sommelier—he’s left to raise their baby, Eva, on his own. He’s determined to pass on his love of food to his daughter—starting with puréed pork shoulder. As Eva grows, she finds her solace and salvation in the flavors of her native Minnesota. From Scandinavian lutefisk to hydroponic chocolate habaneros, each ingredient represents one part of Eva’s journey as she becomes the star chef behind a legendary and secretive pop-up supper club, culminating in an opulent and emotional feast that’s a testament to her spirit and resilience.   Each chapter in J. Ryan Stradal’s startlingly original debut tells the story of a single dish and character, at once capturing the zeitgeist of the Midwest, the rise of foodie culture, and delving into the ways food creates community and a sense of identity. By turns quirky, hilarious, and vividly sensory, Kitchens of the Great Midwest is an unexpected mother-daughter story about the bittersweet nature of life—its missed opportunities and its joyful surprises. It marks the entry of a brilliant new talent.From the Hardcover edition. ...more",https://books.toscrape.com/catalogue/kitchens-of-the-great-midwest_28/index.html
f28f7299d38c0932,Imperfect Harmony,Romance,7,train,34.74,4,1,"Imperfect harmony can still be beautiful…John Fletcher, a former musician, is stuck in limbo after losing his long-term partner two years ago. He’s shut himself off from everything that reminds him of what he’s lost. When his neighbour persuades him to join the local community choir, John rediscovers his love of music and finds a reason to start living again.Rhys Callingto Imperfect harmony can still be beautiful…John Fletcher, a former musician, is stuck in limbo after losing his long-term partner two years ago. He’s shut himself off from everything that reminds him of what he’s lost. When his neighbour persuades him to join the local community choir, John rediscovers his love of music and finds a reason to start living again.Rhys Callington, the talented and charismatic choir leader, captures John’s attention from the first moment they meet. He appears to be the polar opposite of John: young, vibrant, and full of life. But Rhys has darkness in his own past that is holding him back from following his dreams.Despite the nineteen-year age gap, the two men grow close and a fragile relationship blossoms. Ghosts of the past and insecurities about the future threaten their newfound happiness. If they’re going to harmonise in life and love as they do in their music, they’ll need to start following the same score. ...more",https://books.toscrape.com/catalogue/imperfect-harmony_26/index.html
eb0fe24bbc845ecc,"Giant Days, Vol. 1 (Giant Days #1-4)",Sequential Art,8,train,56.76,4,1,"Susan, Esther, and Daisy started at university three weeks ago and became fast friends. Now, away from home for the first time, all three want to reinvent themselves. But in the face of handwringing boys, “personal experimentation,” influenza, mystery mold, nuchauvinism, and the willful, unwanted intrusion of “academia,” they may be lucky just to make it to spring alive. C Susan, Esther, and Daisy started at university three weeks ago and became fast friends. Now, away from home for the first time, all three want to reinvent themselves. But in the face of handwringing boys, “personal experimentation,” influenza, mystery mold, nuchauvinism, and the willful, unwanted intrusion of “academia,” they may be lucky just to make it to spring alive. Collects issues #1-4. ...more",https://books.toscrape.com/catalogue/giant-days-vol-1-giant-days-1-4_22/index.html
6fe02600f322a0a9,"Hawkeye, Vol. 1: My Life as a Weapon (Hawkeye #1)",Sequential Art,8,train,45.24,3,1,"The breakout star of this summer's blockbuster Avengers film, Clint Barton - aka the self-made hero Hawkeye - fights for justice! With ex-Young Avenger Kate Bishop by his side, he's out to prove himself as one of Earth's Mightiest Heroes! SHIELD recruits Clint to intercept a packet of incriminating evidence - before he becomes the most wanted man in the world. You won't be The breakout star of this summer's blockbuster Avengers film, Clint Barton - aka the self-made hero Hawkeye - fights for justice! With ex-Young Avenger Kate Bishop by his side, he's out to prove himself as one of Earth's Mightiest Heroes! SHIELD recruits Clint to intercept a packet of incriminating evidence - before he becomes the most wanted man in the world. You won't believe what is on The Tape! What is the Vagabond Code? Matt Fraction pens a Hawkeye thriller that spans the globe...and the darkest parts of Hawkeye's mind. Barton and Bishop mean double the Hawkeye and double the trouble...and stealing from the rich never looked so good.COLLECTING: Hawkeye 1-5, Young Avengers Presents 6 ...more",https://books.toscrape.com/catalogue/hawkeye-vol-1-my-life-as-a-weapon-hawkeye-1_24/index.html
72e6fbf4f6382557,"Fruits Basket, Vol. 1 (Fruits Basket #1)",Sequential Art,8,train,40.28,5,1,A family with an ancient curse...And the girl who will change their lives forever...Tohru Honda was an orphan with no place to go until the mysterious Sohma family offered her a place to call home. Now her ordinary high school life is turned upside down as she's introduced to the Sohma's world of magical curses and family secrets.,https://books.toscrape.com/catalogue/fruits-basket-vol-1-fruits-basket-1_21/index.html
6390772a3094939d,Fighting Fate (Fighting #6),Romance,7,train,39.24,3,1,"***BONUS CONTENT: The first two chapters of JB Salsbury's stand alone novel SPLIT included!Axelle’s broken.I live to hold her together.Killian McCreery only has two dreams . . .Fight for the UFL.And Axelle.He’s watched her give her time and her body to men who don’t deserve to breathe her air. He’s waited, worked hard to become the kind of man she deserves, hoping one day, ***BONUS CONTENT: The first two chapters of JB Salsbury's stand alone novel SPLIT included!Axelle’s broken.I live to hold her together.Killian McCreery only has two dreams . . .Fight for the UFL.And Axelle.He’s watched her give her time and her body to men who don’t deserve to breathe her air. He’s waited, worked hard to become the kind of man she deserves, hoping one day, when the time is right, he’d get the opportunity to make her happy. After a painful anniversary, he finally gets his chance.But life has a way of sucker-punching its victims—striking when they least expect it in the most devastating ways.Killian loves me.But I screwed up. Big time.Axelle Daniels appears to be the typical college student—parties, hangovers, and men. No one knows that inside she’s a mess, and no amount of booze or meaningless relationships have managed to fill the cracks in her heart. But Killian knows. He’s been there since the night it all began and has never left her side.When she wakes up one morning to find the consequences of her actions have caught up to her, even Killian’s white-knighthood can’t save her now.Fate is put to the test when, for the first time in their five-year friendship, they no longer have each other to lean on. When he becomes a UFL superstar, she hardly recognizes the man he used to be. And she no longer needs him to hold her together.With the foundation of their friendship gone, they’ll discover that even a love that is meant to be needs to be fought for and destiny is a choice. ...more",https://books.toscrape.com/catalogue/fighting-fate-fighting-6_18/index.html
df56868afd166557,"Eat, Pray, Love",Nonfiction,6,train,51.32,3,1,"In her early thirties, Elizabeth Gilbert had everything a modern American woman was supposed to want--husband, country home, successful career--but instead of feeling happy and fulfilled, she felt consumed by panic and confusion. This wise and rapturous book is the story of how she left behind all these outward marks of success, and of what she found in their place. Follow In her early thirties, Elizabeth Gilbert had everything a modern American woman was supposed to want--husband, country home, successful career--but instead of feeling happy and fulfilled, she felt consumed by panic and confusion. This wise and rapturous book is the story of how she left behind all these outward marks of success, and of what she found in their place. Following a divorce and a crushing depression, Gilbert set out to examine three different aspects of her nature, set against the backdrop of three different cultures: pleasure in Italy, devotion in India, and on the Indonesian island of Bali, a balance between worldly enjoyment and divine transcendence. ...more",https://books.toscrape.com/catalogue/eat-pray-love_16/index.html
0072b94dfa30608e,Deep Under (Walker Security #1),Romance,7,train,47.09,5,1,"Alternate cover edition for 9781682302262Myla is beautiful, a dove with clipped wings, captive by the wolf, a vicious drug lord. One look into her eyes and Kyle could see the pain, the fear…the desperation. Or so it seems. He’s been fooled before by a woman and it cost him everything and everyone he loved. He won’t be fooled again.Tall, dark, and deadly, these are the stor Alternate cover edition for 9781682302262Myla is beautiful, a dove with clipped wings, captive by the wolf, a vicious drug lord. One look into her eyes and Kyle could see the pain, the fear…the desperation. Or so it seems. He’s been fooled before by a woman and it cost him everything and everyone he loved. He won’t be fooled again.Tall, dark, and deadly, these are the stories of the men who run Walker security. Each man is unique in his methods and skills, but all share key similarities. They are passionate about those they love, relentless when fighting for a cause they believe in, and all believe that no case is too hard, no danger too dark. Dedication is what they deliver, results are their reward. ...more",https://books.toscrape.com/catalogue/deep-under-walker-security-1_15/index.html
1774749f2cee292f,Charlie and the Chocolate Factory (Charlie Bucket #1),Childrens,0,train,22.85,3,1,"Complete with stunning new movie art for the cover, and an eight-page full-color insert of stills from director Tim Burton's new adaptation, Dahl's treasured novel appears unabridged in this tie-in edition.",https://books.toscrape.com/catalogue/charlie-and-the-chocolate-factory-charlie-bucket-1_13/index.html
230ac636ea0ea415,Bright Lines,Fiction,2,train,39.07,5,1,"A vibrant debut novel, set in Brooklyn and Bangladesh, Bright Lines follows three young women and one family struggling to make peace with secrets and their past. For as long as she can remember, Ella has longed to feel at home. Orphaned as a child after her parents’ murder, and afflicted with hallucinations at dusk, she’s always felt more at ease in nature than with peopl A vibrant debut novel, set in Brooklyn and Bangladesh, Bright Lines follows three young women and one family struggling to make peace with secrets and their past. For as long as she can remember, Ella has longed to feel at home. Orphaned as a child after her parents’ murder, and afflicted with hallucinations at dusk, she’s always felt more at ease in nature than with people. She traveled from Bangladesh to Brooklyn to live with the Saleems: her uncle Anwar, aunt Hashi, and their beautiful daughter, Charu, her complete opposite. One summer, when Ella returns home from college, she discovers Charu’s friend Maya—an Islamic cleric’s runaway daughter—asleep in her bedroom.  As the girls have a summer of clandestine adventure and sexual awakenings, Anwar—owner of a popular botanical apothecary—has his own secrets, threatening his thirty-year marriage. But when tragedy strikes, the Saleems find themselves blamed. To keep his family from unraveling, Anwar takes them on a fated trip to Bangladesh, to reckon with the past, their extended family, and each other. ...more",https://books.toscrape.com/catalogue/bright-lines_11/index.html
a96404cb928895f3,Charity's Cross (Charles Towne Belles #4),Romance,7,train,41.24,1,1,"From the Winner of 2015's Inspirational Readers Choice Award for The Ransom comes a new romantic adventure ! Suspected of killing her husband, Charity Westcott flees on the first ship out of Portsmouth, England heading for the colonies. Loathing all men after her abusive marriage, she hopes to reunite with her family in Charles Towne, but the ship’s destination is Nassau. From the Winner of 2015's Inspirational Readers Choice Award for The Ransom comes a new romantic adventure ! Suspected of killing her husband, Charity Westcott flees on the first ship out of Portsmouth, England heading for the colonies. Loathing all men after her abusive marriage, she hopes to reunite with her family in Charles Towne, but the ship’s destination is Nassau. When she spots her husband’s brother, who is intent on seeing her hang, boarding her ship, she jumps overboard. Elias Dutton, missionary and son of the famous pirate, Rowan Dutton, must get to Barbados as soon as possible. His sister is in danger, and his parents have charged him with her safety. He cannot let them down—again. But after rescuing a madcap woman from the bay, he now finds himself tricked into masquerading as her husband so they both can procure passage to Barbados. Pirates, storms, shipwreck and betrayal threaten to delay the couple in their journey even as sparks fly between them. With her brother-in-law in fast pursuit, the last thing Charity wants is help from a man, especially a religious one, but she has no choice. After Elias’ heart was broken by a sordid woman who nearly ruined his life, he seeks a godly woman pure as the virgin sands of the Caribbean. He believes he has found such a woman in Charity. Until he discovers she is a murderer and is now faced with two choices: letting her go or turning her in to the authorities. Amazon Categories >Pirate Romance >Inspirational Romance >Time Travel Romance >Historical Romance >Romantic Suspense >Christian Romance >Clean Pirate Romance ...more",https://books.toscrape.com/catalogue/charitys-cross-charles-towne-belles-4_12/index.html
abc0b15f2c907ff0,Bounty (Colorado Mountain #7),Romance,7,train,37.26,4,1,"Justice Lonesome has enjoyed a life of bounty. Even so, she’s inherited the curse of the Lonesome. A poet’s soul. Which means she’s still searching for something. Searching for peace. Searching for the less…that’s more. And when the foundation of her life is pulled out from under her, grieving, she goes to the mountains to find her oasis. She hits Carnal, Colorado and deci Justice Lonesome has enjoyed a life of bounty. Even so, she’s inherited the curse of the Lonesome. A poet’s soul. Which means she’s still searching for something. Searching for peace. Searching for the less…that’s more. And when the foundation of her life is pulled out from under her, grieving, she goes to the mountains to find her oasis. She hits Carnal, Colorado and decides to stay. Deke Hightower lost everything at the age of two. He lost it again at fifteen. His life has not been about bounty. It’s been about learning to live with less, because there’s no way to get more. Deke’s also watched all his friends go down to the women who gave them what they needed. He wants that for himself. But he knows that search isn’t going to be easy because he’s a rider. His home is the road. That’s the only place he can breathe. And the woman who takes her place at his side has to do it sitting on the back of his bike. When Deke meets Justice, he knows she’s not that woman. She’s cute. She’s sweet. And she’s into him, but she’s got it all and Deke knows he won’t fit into that. So he holds her at arm’s length. Establishes boundaries. And Justice will take it because she wants Deke any way he’ll let her have him.But when Justice finds herself a pawn in a dangerous game, Deke makes a decision. When he does, he has no idea he’s just opened himself up to bounty. ...more",https://books.toscrape.com/catalogue/bounty-colorado-mountain-7_9/index.html
099fae4a0705d63b,"Bleach, Vol. 1: Strawberry and the Soul Reapers (Bleach #1)",Sequential Art,8,train,34.65,5,1,"Hot-tempered 15-year-old Ichigo Kurosaki, the hero of the popular fantasy-adventure Bleach , has the unsettling ability to see spirits who are unable to rest in peace. His sixth sense leads him to Rukia, a Soul Reaper who destroys Hollows (soul-devouring monsters) and ensures the deceased find repose with the Soul Society. When she's injured in battle, Rukia transfers h Hot-tempered 15-year-old Ichigo Kurosaki, the hero of the popular fantasy-adventure Bleach , has the unsettling ability to see spirits who are unable to rest in peace. His sixth sense leads him to Rukia, a Soul Reaper who destroys Hollows (soul-devouring monsters) and ensures the deceased find repose with the Soul Society. When she's injured in battle, Rukia transfers her sword and much of her power to Ichigo, whose spiritual energy makes him a formidable substitute Soul Reaper. But the orange-haired teenager isn't sure he wants the job: too many risks and moral dilemmas. ...more",https://books.toscrape.com/catalogue/bleach-vol-1-strawberry-and-the-soul-reapers-bleach-1_7/index.html
95cdfd514098c38b,Blood Defense (Samantha Brinkman #1),Mystery,5,train,20.3,3,1,"First in a new series from bestselling author and famed O. J. Simpson trial prosecutor Marcia Clark, a “terrific writer and storyteller” (James Patterson). Samantha Brinkman, an ambitious, hard-charging Los Angeles criminal defense attorney, is struggling to make a name for herself and to drag her fledgling practice into the big leagues. Sam lands a high-profile double-mu First in a new series from bestselling author and famed O. J. Simpson trial prosecutor Marcia Clark, a “terrific writer and storyteller” (James Patterson). Samantha Brinkman, an ambitious, hard-charging Los Angeles criminal defense attorney, is struggling to make a name for herself and to drag her fledgling practice into the big leagues. Sam lands a high-profile double-murder case in which one of the victims is a beloved TV star—and the defendant is a decorated veteran LAPD detective. It promises to be exactly the kind of media sensation that would establish her as a heavy hitter in the world of criminal law.Though Sam has doubts about his innocence, she and her two associates (her closest childhood friend and a brilliant ex-con) take the case. Notorious for living by her own rules—and fearlessly breaking everyone else’s—Samantha pulls out all the stops in her quest to uncover evidence that will clear the detective. But when a shocking secret at the core of the case shatters her personal world, Sam realizes that not only has her client been playing her, he might be one of the most dangerous sociopaths she’s ever encountered. ...more",https://books.toscrape.com/catalogue/blood-defense-samantha-brinkman-1_8/index.html
f684a82adc49f011,1st to Die (Women's Murder Club #1),Mystery,5,train,53.98,1,1,"James Patterson, bestselling author of the Alex Cross novels Along Came a Spider, Kiss the Girls, and Pop Goes the Weasel, offers the first of a new series dubbed The Women's Murder Club, featuring a four-woman team that occasionally works outside the system. None of the gritty darkness or frenzied action is lost in 1st to Die, although the female protagonists offer an eve James Patterson, bestselling author of the Alex Cross novels Along Came a Spider, Kiss the Girls, and Pop Goes the Weasel, offers the first of a new series dubbed The Women's Murder Club, featuring a four-woman team that occasionally works outside the system. None of the gritty darkness or frenzied action is lost in 1st to Die, although the female protagonists offer an even deeper emotional context to this suspense thriller.Inspector Lindsay Boxer of the San Francisco Police Department suddenly finds herself in the middle of two horrifying situations: The first is that she's just learned she has an often-fatal blood disease. The second is a double homicide case she is now heading up that involves the murder of newlyweds on their wedding night. Burdened with Chris Raleigh, a new partner reassigned from the mayor's office, Lindsay finds that she has too much to deal with and turns to her best friend, Claire, the head ME on the case. Claire offers helpful advice and human, friendly contact amid a job filled with violence, cruelty, and fear.Soon a fledgling newspaper reporter, Cindy, makes contact with Lindsay looking for a career-making story. Although Lindsay can't officially comment on the case, the two women form a rapport, and Cindy joins Lindsay and Claire for their weekly meeting. When a second pair of newlyweds is murdered, and later a third, the investigation leads to a prominent crime writer, Nicholas Jenks, who has a history of spousal abuse and a predilection for kinky, dangerous sex games. With the help of an understanding assistant D.A., Jill Bernhardt, Lindsay tries to make a case against Jenks, who even had an affair with one of the slain women. Eventually Jill joins the Murder Club, and the four ladies share private interdepartmental information in an effort to track and stop the killer before he strikes again.The major subplot -- Lindsay's facing up to her illness even while she learns to fall in love again -- carefully compensates for the novel's coarse scenes of brutality. Lindsay Boxer is't merely an obsessed cop trailing a maniac; she's also a terrified woman confronting the onslaught of disease. The story lines balance out to show us the true mettle of someone who puts the safety of others before her own.Again, Patterson's skill for producing furiously paced fiction are evident as the novel breezes by rapidly. The short chapters keep the narrative leaping with increasingly taut plot elements, but there's an emotional commitment that makes our protagonist even more amiable and involving. 1st to Die is a novel that works as an intense series of character portraits that will leave the reader touched and delighted.--Tom Piccirilli ...more",https://books.toscrape.com/catalogue/1st-to-die-womens-murder-club-1_2/index.html
19fec36a1dfb4c16,A Spy's Devotion (The Regency Spies of London #1),Historical Fiction,4,test,16.97,5,1,"In England’s Regency era, manners and elegance reign in public life—but behind closed doors treason and tawdriness thrive. Nicholas Langdon is no stranger to reserved civility or bloody barbarity. After suffering a battlefield injury, the wealthy, well-connected British officer returns home to heal—and to fulfill a dying soldier’s last wish by delivering his coded diary.At In England’s Regency era, manners and elegance reign in public life—but behind closed doors treason and tawdriness thrive. Nicholas Langdon is no stranger to reserved civility or bloody barbarity. After suffering a battlefield injury, the wealthy, well-connected British officer returns home to heal—and to fulfill a dying soldier’s last wish by delivering his coded diary.At the home of the Wilherns, one of England’s most powerful families, Langdon attends a lavish ball where he meets their beautiful and intelligent ward, Julia Grey. Determined to maintain propriety, he keeps his distance—until the diary is stolen and all clues lead to Julia’s guardian. As Langdon traces an evil plot that could be the nation’s undoing, he grows ever more intrigued by the lovely young woman. And when Julia realizes that England—and the man she is falling in love with—need her help, she finds herself caught in the fray. Will the two succumb to their attraction while fighting to save their country? ...more",https://books.toscrape.com/catalogue/a-spys-devotion-the-regency-spies-of-london-1_3/index.html
bfd5e1701c862ac3,"Ajin: Demi-Human, Volume 1 (Ajin: Demi-Human #1)",Sequential Art,8,train,57.06,4,1,"High school student Kei Nagai is struck dead in a grizzly traffic accident, but immediately revives to learn that he may not be like every other human. Instead, he may be a mysterious almost immortal being granted not only the powers of rejuvination but the abilities to see super-natural beings. Scared, he runs away, and is aided in his escape from society by his friend. U High school student Kei Nagai is struck dead in a grizzly traffic accident, but immediately revives to learn that he may not be like every other human. Instead, he may be a mysterious almost immortal being granted not only the powers of rejuvination but the abilities to see super-natural beings. Scared, he runs away, and is aided in his escape from society by his friend. Unfortunately for Kei, the manhunt is on and he will soon be caught within a conflict between mankind and others like him as they prepare to fight a new war based on terror. ...more",https://books.toscrape.com/catalogue/ajin-demi-human-volume-1-ajin-demi-human-1_4/index.html
